/*******************************************************************************
 * Size: 20 px
 * Bpp: 4
 * Opts: --bpp 4 --format lvgl --lv-include lvgl.h --lv-font-name app_cjk_20 --size 20 --font E:\BETTA_HA_Panel_Projs\BETTA-HA-PANEL-4-Guiton-ESP32S3\managed_components\lvgl__lvgl\scripts\generators\built_in_font\SourceHanSansSC-Normal.otf --symbols 。一三上不並中义事二五些亮人今仍令伏传位住体作保信值假停储傳儲充光入六关冷凭出击分列刚初制刷前剛力办加动動化卡历发取可史同吗启吸周和售啟單嗎器四回图圖在地址執報外夜大天太失始完定家密小尚屏已布幕并应度座庭延开式強强当录彩待得息感憑應成戒房打执扫报拆拖择挂指据掃掛接控撤播操放效敗数整數料斯新旁无日时显時暂暖暫曳最有期未机杖板模機權止正步歷气氣水法消清温測湿源溫漏濕灯点烟热無煙熱燃燈牌率理瓦用电白的目直相知码碼示离秒窗等系紀給統網線編繼續线给统继续编网置能自與色节螢行表要解触觸訂計訊設誤調證警護计记设误调資購败购路載輯輸载辑输辦这进连送选這連週進遲選配重錄錯鐘钟错門閉開間關门闭间闹防除陽離電雾霧面項預顯项预颜飽饱體鬧點！（）：？ --no-kerning -o E:\BETTA_HA_Panel_Projs\BETTA-HA-PANEL-4-Guiton-ESP32S3\main\ui\fonts\app_cjk_20.c
 ******************************************************************************/

#ifdef LV_LVGL_H_INCLUDE_SIMPLE
#include "lvgl.h"
#else
#include "lvgl.h"
#endif

#ifndef APP_CJK_20
#define APP_CJK_20 1
#endif

#if APP_CJK_20

/*-----------------
 *    BITMAPS
 *----------------*/

/*Store the image of the glyphs*/
static LV_ATTRIBUTE_LARGE_CONST const uint8_t glyph_bitmap[] = {
    /* U+3002 "。" */
    0x0, 0x3e, 0x5a, 0x80, 0x27, 0x7a, 0x25, 0x41,
    0xe8, 0x8f, 0xe4, 0x3, 0x84, 0x40, 0x90, 0x3,
    0x34, 0x14, 0x3d, 0xf8, 0xe0,

    /* U+4E00 "一" */
    0x8, 0x8f, 0xfe, 0x30, 0x89, 0xdf, 0xff, 0x8c,
    0x60,

    /* U+4E09 "三" */
    0xb, 0xff, 0xff, 0xe1, 0x28, 0x3, 0xea, 0xbf,
    0xf8, 0x4e, 0x0, 0x45, 0x5f, 0xfe, 0x11, 0x0,
    0x7f, 0xfb, 0x49, 0x13, 0xfe, 0x30, 0xe, 0x5b,
    0xbf, 0xfb, 0xc0, 0x39, 0xfb, 0xbf, 0xed, 0x0,
    0xf0, 0x8f, 0xff, 0x0, 0x3, 0xff, 0xda, 0x89,
    0xff, 0xc5, 0x2a, 0xbb, 0xff, 0xe2, 0x2f, 0x7f,
    0xff, 0xf1, 0x1c,

    /* U+4E0A "上" */
    0x0, 0xf9, 0x28, 0x3, 0xff, 0x88, 0x2a, 0x1,
    0xff, 0xff, 0x0, 0xff, 0xe1, 0x99, 0xfc, 0x20,
    0x1f, 0xec, 0xcf, 0xa0, 0x3, 0xfd, 0xbb, 0xf4,
    0x0, 0x7f, 0x88, 0xbe, 0x10, 0xf, 0xff, 0xf8,
    0x7, 0xff, 0x5b, 0xbb, 0xea, 0xf, 0xee, 0xfd,
    0x11, 0xf4, 0xcd, 0x11, 0xf8,

    /* U+4E0D "不" */
    0x4, 0x55, 0xff, 0xe2, 0x10, 0x45, 0x57, 0xff,
    0x11, 0xc3, 0x3f, 0xfe, 0xd0, 0x5f, 0xff, 0x28,
    0x7, 0xf4, 0x8d, 0x80, 0x7f, 0xf0, 0xd9, 0x18,
    0x40, 0x3f, 0xf8, 0x49, 0x21, 0xe2, 0x20, 0xf,
    0xfe, 0x1, 0xda, 0x0, 0x2f, 0x94, 0x3, 0xfc,
    0x7a, 0x96, 0x0, 0xa7, 0xaa, 0x0, 0x7e, 0x5c,
    0x5b, 0x0, 0xd1, 0x69, 0xa4, 0x1, 0xd1, 0x49,
    0x60, 0x1e, 0x4f, 0xd, 0x50, 0x2, 0x6b, 0xcd,
    0x80, 0x7e, 0x1d, 0x4a, 0x61, 0xa1, 0xd6, 0x0,
    0xff, 0xad, 0x40, 0x73, 0x4, 0x1, 0xff, 0xc1,
    0xa6, 0x2, 0x0, 0xff, 0xff, 0x80, 0x7f, 0xf1,
    0x80,

    /* U+4E26 "並" */
    0x0, 0x96, 0xc0, 0x3f, 0x5c, 0x0, 0x79, 0x15,
    0xc0, 0x3c, 0x88, 0xc0, 0xf, 0xc, 0x40, 0x40,
    0x3a, 0x55, 0x0, 0x3e, 0x62, 0x50, 0xc, 0xa7,
    0x60, 0x19, 0x7b, 0xb1, 0xd7, 0x76, 0xb1, 0xfe,
    0xe9, 0x9e, 0x23, 0x81, 0x62, 0x4, 0x73, 0x11,
    0x90, 0x99, 0xb8, 0xf1, 0x98, 0xac, 0xde, 0x20,
    0x17, 0x0, 0xff, 0xe0, 0x51, 0x80, 0x50, 0x60,
    0x1f, 0xe4, 0x51, 0x0, 0xa, 0x48, 0x7, 0xfb,
    0x48, 0x80, 0x17, 0x28, 0x80, 0x7f, 0x3d, 0x0,
    0x65, 0x4, 0x0, 0xfc, 0x82, 0xa0, 0x1c, 0x7a,
    0x1, 0xfb, 0x90, 0x80, 0x39, 0x4c, 0x3, 0xf2,
    0xf8, 0x7, 0xa6, 0xc0, 0x3f, 0x7a, 0x0, 0x7f,
    0xf2, 0x77, 0xbb, 0x8a, 0x3b, 0x8c, 0x9d, 0xdd,
    0xb7, 0x11, 0xd3, 0x28, 0x84, 0xca, 0x23, 0xac,

    /* U+4E2D "中" */
    0x0, 0xfc, 0x84, 0x1, 0xff, 0xc3, 0xa5, 0x0,
    0xff, 0xe6, 0x91, 0x7c, 0x1c, 0x45, 0xe1, 0xd,
    0xdf, 0x85, 0xb7, 0x7d, 0x0, 0x9, 0xdd, 0xe1,
    0x7d, 0xde, 0x20, 0x8, 0x8b, 0xc1, 0xe4, 0x5c,
    0x20, 0x1f, 0xfe, 0xac, 0x55, 0xe1, 0xd5, 0x5e,
    0x10, 0x9, 0xea, 0xb8, 0x16, 0xab, 0x88, 0x2,
    0xbf, 0xfe, 0x18, 0xff, 0xe3, 0x0, 0x62, 0x0,
    0x7f, 0xf0, 0x36, 0x0, 0xc0, 0x3f, 0xf8, 0x22,
    0x20, 0xf, 0xff, 0xc0,

    /* U+4E49 "义" */
    0x0, 0xfc, 0x90, 0x1, 0xff, 0xc6, 0x77, 0x10,
    0x7, 0x8, 0x7, 0x94, 0x80, 0x23, 0x35, 0x80,
    0x66, 0xe1, 0x0, 0xee, 0x90, 0xd, 0x4c, 0x1,
    0xa9, 0x44, 0x3, 0xa1, 0xc, 0x2, 0x60, 0x50,
    0x1, 0x1c, 0x80, 0x78, 0xd2, 0x0, 0x35, 0xa8,
    0x2, 0x10, 0xc0, 0x3e, 0x84, 0x30, 0x9, 0x0,
    0x4, 0xbe, 0x1, 0xf8, 0xd2, 0x0, 0x3d, 0x24,
    0x80, 0x1f, 0xd2, 0x90, 0x1, 0x99, 0x38, 0x3,
    0xfc, 0x52, 0xe8, 0x0, 0x28, 0x73, 0x0, 0xff,
    0x99, 0x96, 0x41, 0xe7, 0x0, 0x1f, 0xfc, 0x19,
    0x2f, 0xb3, 0xc0, 0xf, 0xfe, 0x1f, 0x12, 0x50,
    0x80, 0x7f, 0xf0, 0x8f, 0x84, 0x54, 0x80, 0x1f,
    0xfc, 0x17, 0xc6, 0xff, 0x2d, 0xc0, 0x7, 0xf9,
    0x32, 0x26, 0xc4, 0x56, 0xee, 0xc4, 0x0, 0xf3,
    0x6d, 0xbe, 0xb0, 0x6, 0x8b, 0xb, 0xd6, 0x0,
    0xf, 0x4a, 0x6d, 0x90, 0x7, 0x93, 0x2d, 0xa7,
    0x40, 0x6b, 0xa4, 0x80, 0x3f, 0xc9, 0x79, 0xc0,

    /* U+4E8B "事" */
    0x0, 0xfd, 0x2e, 0x1, 0xfc, 0x23, 0xf9, 0x74,
    0x47, 0xf0, 0x47, 0x77, 0xc6, 0xbd, 0xdf, 0x58,
    0x4f, 0xff, 0xc8, 0xdf, 0xff, 0x50, 0x4, 0xfd,
    0xdc, 0x8d, 0xdd, 0xd4, 0x1, 0xde, 0x5d, 0xd9,
    0x17, 0xbb, 0x20, 0x7, 0xff, 0x37, 0xcb, 0xbb,
    0x22, 0xf7, 0x64, 0x0, 0xf3, 0xf7, 0x72, 0x37,
    0x77, 0x50, 0x6, 0x1f, 0xff, 0x23, 0x7f, 0xf8,
    0x3, 0xf, 0xff, 0x8d, 0x7f, 0xf4, 0x80, 0x61,
    0x1f, 0xc0, 0x1, 0x1e, 0x1, 0x10, 0x77, 0x7e,
    0x35, 0xee, 0xd0, 0x1d, 0xc0, 0xff, 0xfc, 0x8d,
    0xff, 0xa8, 0x3f, 0xc0, 0x3, 0xcc, 0xf2, 0x3e,
    0x66, 0x80, 0xe, 0x28, 0x8f, 0x1a, 0xc4, 0x65,
    0x0, 0xe1, 0x44, 0xf3, 0x92, 0x26, 0x9c, 0x0,
    0xfc, 0x45, 0x30, 0x80, 0x61, 0x30, 0xf, 0xdd,
    0xba, 0x1a, 0x0, 0xfe,

    /* U+4E8C "二" */
    0x1, 0xff, 0xff, 0xe1, 0x18, 0x0, 0x62, 0x3f,
    0xf8, 0x44, 0x1, 0x3b, 0xff, 0xf0, 0x84, 0x3,
    0xff, 0xfe, 0x1, 0xff, 0xff, 0x0, 0xff, 0xe0,
    0xe7, 0xff, 0xff, 0x13, 0xaa, 0x23, 0xff, 0x89,
    0x20,

    /* U+4E94 "五" */
    0x8, 0xff, 0xff, 0xe1, 0x38, 0x2, 0xea, 0xb8,
    0x4e, 0xab, 0xe5, 0x0, 0x1a, 0xaf, 0xa, 0x2a,
    0xfc, 0x40, 0x1f, 0x8, 0x68, 0x7, 0xff, 0xc,
    0x81, 0x80, 0x3f, 0xf8, 0x6c, 0x6, 0x1, 0xff,
    0x3f, 0xfd, 0x41, 0xff, 0xe7, 0x0, 0xe5, 0xaa,
    0x88, 0xea, 0xb8, 0x3, 0xe2, 0x55, 0x81, 0x15,
    0x78, 0x8, 0x3, 0xf8, 0xb8, 0x3, 0x10, 0x8,
    0x7, 0xe3, 0x5, 0x0, 0xc2, 0xc, 0x1, 0xf9,
    0x40, 0xc0, 0x33, 0x1, 0x0, 0x7e, 0xf2, 0x0,
    0xe3, 0x0, 0xff, 0x2b, 0x80, 0x77, 0x10, 0x6,
    0xdf, 0xfc, 0x6b, 0xff, 0xce, 0x5f, 0xf7, 0x4d,
    0x57, 0xff, 0x12, 0xc0,

    /* U+4E9B "些" */
    0x0, 0xe7, 0x80, 0xd, 0x68, 0x1, 0xff, 0xc0,
    0xe3, 0x0, 0xc8, 0x20, 0x1f, 0xd0, 0xc0, 0x1f,
    0xf0, 0xcb, 0x80, 0x63, 0xe0, 0x3, 0xa2, 0xc,
    0x2, 0x29, 0xe4, 0x10, 0xf, 0xc7, 0x76, 0xd0,
    0x5, 0xe9, 0x56, 0xb0, 0x7, 0xe4, 0xff, 0x70,
    0x1, 0xfa, 0xd4, 0x3, 0xff, 0x89, 0x82, 0x1,
    0xb, 0x0, 0x7f, 0xf1, 0x8a, 0x44, 0x3, 0xce,
    0x6a, 0xe0, 0x24, 0x1, 0x94, 0x44, 0xe, 0xcc,
    0xd6, 0x3c, 0xbb, 0x2, 0x47, 0xfe, 0x96, 0x0,
    0x63, 0xb5, 0xdb, 0x7f, 0xb0, 0x2b, 0x2e, 0xf6,
    0x40, 0x2, 0xea, 0x19, 0x8, 0x3, 0x8d, 0x13,
    0x18, 0x7, 0x3f, 0x77, 0xff, 0x3, 0x40, 0x3c,
    0x91, 0x1f, 0xfc, 0x10, 0xf, 0x1b, 0x37, 0xff,
    0x1, 0x40, 0x3f, 0xf9, 0x88, 0xab, 0xff, 0xc4,
    0x40, 0x4, 0x55, 0x7f, 0xf1, 0x40,

    /* U+4EAE "亮" */
    0x0, 0xff, 0xe6, 0x8f, 0x28, 0x7, 0xff, 0xc,
    0x5e, 0x0, 0x3f, 0x77, 0xff, 0xcc, 0x5f, 0xff,
    0x46, 0x67, 0xff, 0x16, 0x48, 0xcc, 0xef, 0xff,
    0xc0, 0x33, 0x8, 0x5, 0x73, 0xff, 0xfa, 0x6c,
    0x3, 0xe8, 0xbb, 0xfe, 0x0, 0xfd, 0x7b, 0xbf,
    0xa0, 0x3, 0xee, 0xfc, 0xcf, 0xdf, 0xc0, 0x10,
    0x91, 0xc, 0xff, 0xf8, 0x4, 0x40, 0x9d, 0xdf,
    0xfe, 0x21, 0x1, 0xff, 0xff, 0xf0, 0x78, 0x3,
    0xed, 0xff, 0xf5, 0x0, 0x74, 0x68, 0x4, 0x51,
    0x99, 0x8c, 0x40, 0x3, 0xe4, 0x2, 0x0, 0x40,
    0x63, 0x3c, 0xe0, 0x18, 0x80, 0x30, 0xca, 0x8,
    0x7, 0xf4, 0xb8, 0xb, 0x79, 0xd0, 0x7, 0xb,
    0x91, 0x4a, 0x53, 0xd0, 0xdc, 0x20, 0x1d, 0xe5,
    0xbb, 0x12, 0x46, 0xf4, 0x0, 0x7c, 0xbd, 0xff,
    0x60, 0x80,

    /* U+4EBA "人" */
    0x0, 0xfe, 0x88, 0x0, 0x7f, 0xf1, 0x90, 0xc0,
    0x3f, 0xf8, 0xe2, 0x1, 0xff, 0xc6, 0x10, 0xf,
    0xfe, 0x39, 0x30, 0x7, 0xff, 0x14, 0x80, 0xc0,
    0x3f, 0xf8, 0xae, 0x0, 0x30, 0xf, 0xfe, 0x26,
    0x9, 0x58, 0x7, 0xff, 0x11, 0x1d, 0x54, 0x1,
    0xff, 0xc3, 0x32, 0xdb, 0x23, 0x0, 0xff, 0xe1,
    0x50, 0xa1, 0x9a, 0x40, 0x3f, 0xf8, 0x24, 0xd2,
    0x0, 0x85, 0x20, 0xf, 0xfe, 0x4, 0x8b, 0x80,
    0x10, 0xf8, 0x3, 0xfe, 0x54, 0x80, 0xd, 0xe7,
    0x0, 0x1f, 0xc9, 0x4c, 0xc0, 0xc, 0x72, 0xec,
    0x1, 0xf2, 0x5a, 0x48, 0x7, 0x99, 0x92, 0xe0,
    0x1d, 0x36, 0x94, 0x1, 0xfa, 0x5a, 0x30, 0x80,
    0x18, 0xcf, 0x62, 0x1, 0xfd, 0x32, 0x2c, 0x0,
    0x76, 0xc0, 0x7, 0xff, 0x1, 0xbb, 0x0,

    /* U+4ECA "今" */
    0x0, 0xfe, 0x6a, 0x0, 0xff, 0xe2, 0x9c, 0xa9,
    0x80, 0x7f, 0xf0, 0xcb, 0x4d, 0x74, 0x80, 0x3f,
    0xf8, 0x27, 0x85, 0x94, 0x98, 0x80, 0x1f, 0xf2,
    0xe1, 0x68, 0x2, 0x9e, 0xdc, 0x3, 0xf0, 0xd5,
    0x17, 0x10, 0x40, 0x13, 0x10, 0xb2, 0x0, 0xe6,
    0xf5, 0x9a, 0xe, 0xf4, 0x0, 0x3e, 0x2e, 0xc0,
    0x5, 0xb2, 0xba, 0xc0, 0xb, 0x6b, 0x60, 0x1,
    0xfb, 0x3f, 0x0, 0x2e, 0xe2, 0x0, 0xd1, 0x32,
    0x50, 0x0, 0xce, 0x50, 0x1, 0x90, 0x3, 0xe6,
    0xb5, 0x0, 0xc6, 0x80, 0x1a, 0xff, 0xfe, 0xbf,
    0xfd, 0x60, 0x1e, 0xf9, 0x9f, 0xf1, 0x87, 0x80,
    0x79, 0x19, 0xbf, 0x94, 0xdd, 0x0, 0x3f, 0xf8,
    0x63, 0xa9, 0x0, 0x1f, 0xfc, 0x4d, 0xa, 0x0,
    0xff, 0xe2, 0x51, 0xe8, 0x80, 0x7f, 0xf0, 0xdd,
    0x68, 0xc0, 0x3f, 0xf8, 0x6b, 0xe, 0xa0, 0x1f,
    0xfc, 0x44, 0x98, 0x0, 0xfc,

    /* U+4ECD "仍" */
    0x0, 0xc8, 0xa0, 0x1f, 0xfc, 0x58, 0xc2, 0x44,
    0xfe, 0x0, 0xf1, 0x9a, 0xa9, 0x77, 0xfa, 0x0,
    0x3d, 0x44, 0x71, 0xfa, 0x19, 0xff, 0x2a, 0x80,
    0x3c, 0xd6, 0x1, 0xc2, 0x1, 0x3f, 0x80, 0x74,
    0x1, 0x0, 0x42, 0x6, 0x0, 0x12, 0x50, 0xc,
    0x4e, 0x1, 0xce, 0x1, 0x94, 0xc, 0x3, 0x71,
    0x0, 0x70, 0x80, 0x80, 0xc, 0x55, 0x61, 0x53,
    0xe0, 0xe, 0x22, 0x0, 0x5a, 0x17, 0x6a, 0x45,
    0x93, 0x0, 0xed, 0x60, 0xa, 0xbb, 0xa0, 0x10,
    0x60, 0xf, 0x31, 0x0, 0x78, 0x41, 0xc0, 0x3f,
    0x1f, 0x80, 0x78, 0xc0, 0x40, 0x3e, 0x50, 0x70,
    0xf, 0x8, 0x10, 0x7, 0xde, 0x82, 0x1, 0xe6,
    0x0, 0xfc, 0x2b, 0xa0, 0x1f, 0x11, 0x0, 0x3e,
    0x81, 0x60, 0xf, 0xb1, 0xc0, 0x3c, 0xad, 0x60,
    0x19, 0x10, 0x6c, 0x98, 0x1, 0xc3, 0x2c, 0xa0,
    0x1b, 0x6f, 0x25, 0x18, 0x3, 0x6a, 0xe4, 0x80,
    0x74, 0xff, 0xd6, 0x0,

    /* U+4EE4 "令" */
    0x0, 0xfe, 0x17, 0x0, 0xff, 0xe3, 0x6c, 0x10,
    0x7, 0xff, 0x12, 0x88, 0x78, 0x3, 0xff, 0x84,
    0x38, 0xf9, 0xe3, 0xa4, 0x1, 0xff, 0x1e, 0x6,
    0x10, 0xe0, 0xea, 0x80, 0x7f, 0x46, 0x3e, 0x33,
    0x0, 0x71, 0xea, 0xc8, 0x3, 0x9b, 0x9a, 0xa8,
    0x5, 0x30, 0x0, 0x8b, 0x5d, 0x81, 0x0, 0x6c,
    0xb7, 0x28, 0x1, 0x6d, 0xe0, 0x0, 0x9c, 0xee,
    0xe2, 0x9, 0xd8, 0x0, 0xe4, 0xa3, 0x0, 0xd1,
    0xd6, 0x40, 0x84, 0x6a, 0xbe, 0xe, 0x55, 0xc4,
    0x28, 0x1, 0xaa, 0xbf, 0xf8, 0x30, 0x1, 0xe9,
    0xff, 0xfe, 0xd1, 0x4a, 0x0, 0xff, 0xe1, 0x96,
    0x2d, 0x80, 0x7f, 0x8e, 0x84, 0x0, 0x58, 0xb6,
    0x1, 0xff, 0x3a, 0x7a, 0x96, 0x2d, 0x80, 0x7f,
    0xf0, 0x13, 0xd2, 0xb5, 0x6c, 0x3, 0xff, 0x84,
    0x35, 0x40, 0x53, 0x0, 0xff, 0xe2, 0x2e, 0x9e,
    0x20, 0x7, 0xff, 0x10, 0xb5, 0x94, 0x3, 0xc0,

    /* U+4F0F "伏" */
    0x0, 0xe7, 0x80, 0xc, 0x9c, 0x0, 0x10, 0xf,
    0xc3, 0x1e, 0x1, 0x84, 0x40, 0x5c, 0x60, 0x1f,
    0x48, 0xb8, 0x7, 0xc4, 0xfa, 0x20, 0x1e, 0x76,
    0x0, 0xfe, 0x83, 0xb0, 0xe, 0x80, 0x90, 0xf,
    0xf7, 0x18, 0x6, 0x27, 0x11, 0x0, 0x7f, 0x8e,
    0x40, 0x37, 0x80, 0x55, 0xff, 0xa8, 0x3f, 0xfb,
    0x80, 0x14, 0x6e, 0x0, 0xea, 0xac, 0xa0, 0xf5,
    0x5a, 0xc0, 0xd6, 0xb8, 0x0, 0x8a, 0xb8, 0x1,
    0xea, 0xbc, 0x7, 0x68, 0x1, 0xf9, 0x82, 0xc0,
    0x3e, 0x40, 0xf, 0xc2, 0x6c, 0x60, 0x1f, 0xfc,
    0x47, 0x8, 0x16, 0x0, 0xff, 0xe1, 0xd1, 0x8b,
    0xd8, 0x7, 0xff, 0x9, 0xe, 0x42, 0xc9, 0x0,
    0x3f, 0xf8, 0x32, 0x4a, 0x4, 0xb4, 0x20, 0x1f,
    0xf4, 0x17, 0x0, 0x50, 0x36, 0x1, 0xfe, 0x67,
    0x71, 0x80, 0x45, 0x4b, 0x20, 0x1f, 0x9a, 0x5a,
    0x0, 0x39, 0x5d, 0xb0, 0x3, 0xee, 0x79, 0x0,
    0xfa, 0x25, 0x80,

    /* U+4F20 "传" */
    0x0, 0xe7, 0x20, 0xc, 0xa8, 0x1, 0xfe, 0x48,
    0x10, 0xd, 0x6, 0x1, 0xfe, 0x84, 0x34, 0x49,
    0x48, 0x11, 0x38, 0x3, 0x21, 0xc1, 0x5d, 0xd4,
    0x11, 0x77, 0xc0, 0x1a, 0x10, 0xcb, 0xfe, 0x54,
    0xff, 0xf0, 0x4, 0xe7, 0xa0, 0x1c, 0x9a, 0x1,
    0xf8, 0xe0, 0xc, 0x99, 0xa7, 0x1e, 0x66, 0xf2,
    0x96, 0x90, 0x1, 0xae, 0xe8, 0x5, 0xbb, 0xf4,
    0xc0, 0x60, 0x82, 0x6e, 0xc4, 0xfb, 0xbf, 0x64,
    0x60, 0x80, 0x71, 0x12, 0xc0, 0x3f, 0x11, 0x0,
    0x3d, 0x41, 0x9f, 0xfe, 0x60, 0xf, 0xeb, 0xbf,
    0x50, 0x93, 0x80, 0x7f, 0x1a, 0x27, 0x60, 0xf8,
    0x80, 0x7f, 0xc2, 0x0, 0x66, 0x59, 0x0, 0x7f,
    0xcd, 0xcc, 0x93, 0x8, 0x1, 0xff, 0xc0, 0x67,
    0x9b, 0x67, 0x0, 0xff, 0xe1, 0x45, 0x8a, 0x8,
    0x7, 0xff, 0xd, 0x30, 0xfc, 0x80, 0x3f, 0xf8,
    0x65, 0x84, 0x60, 0x1e, 0xe5, 0x0, 0xfc, 0x58,
    0x20, 0x10,

    /* U+4F4D "位" */
    0x0, 0xe3, 0x70, 0xc, 0x96, 0x1, 0xff, 0xc0,
    0xfc, 0x0, 0xce, 0x86, 0x1, 0xfe, 0x43, 0x80,
    0xc, 0x63, 0x60, 0x1f, 0xef, 0x43, 0x1, 0x1d,
    0x3a, 0x23, 0x80, 0x38, 0xd3, 0xc2, 0x7b, 0xb4,
    0x57, 0x76, 0x30, 0xd, 0xc0, 0x81, 0x79, 0x9f,
    0xe3, 0x0, 0xa4, 0x80, 0x22, 0x36, 0x33, 0xe7,
    0x53, 0x0, 0x99, 0x88, 0x1, 0x8a, 0x88, 0x3,
    0x75, 0x0, 0x43, 0x2d, 0xe0, 0x18, 0x81, 0xc0,
    0x33, 0x28, 0x4, 0x33, 0x20, 0xf, 0x1e, 0x80,
    0x63, 0xf0, 0xc, 0xc0, 0x1f, 0x29, 0x80, 0x44,
    0xa, 0x1, 0xff, 0xc0, 0xf5, 0x0, 0x98, 0xc,
    0x3, 0xff, 0x80, 0x42, 0x20, 0x6, 0x18, 0x7,
    0xff, 0x5, 0x40, 0x80, 0x6, 0xa0, 0x1f, 0xfc,
    0x11, 0x6, 0x0, 0x2e, 0x0, 0x7f, 0xf0, 0xa1,
    0xc0, 0x85, 0x0, 0x3f, 0xc4, 0xab, 0x13, 0xad,
    0x8a, 0x2a, 0xc0, 0x1f, 0x2d, 0xdf, 0x9c, 0x2e,
    0xf0, 0x80, 0x79, 0xfb, 0xbf, 0xf8, 0x2,

    /* U+4F4F "住" */
    0x0, 0xe6, 0x80, 0xd, 0x8a, 0x1, 0xff, 0xc0,
    0x80, 0xe, 0x5b, 0x0, 0xff, 0x98, 0x64, 0x3,
    0x40, 0xb8, 0x7, 0xfa, 0xd4, 0x40, 0x30, 0xc1,
    0x0, 0x7f, 0x29, 0x42, 0xff, 0xf4, 0x57, 0xfe,
    0xb0, 0x8, 0x6c, 0x9, 0x2e, 0xf8, 0x1e, 0xef,
    0x40, 0x5, 0x62, 0x0, 0x14, 0x4e, 0xd, 0x44,
    0xc6, 0x0, 0x85, 0x50, 0x7, 0xff, 0x10, 0x5d,
    0xdc, 0x1, 0xff, 0xc4, 0x1a, 0x80, 0xf, 0xfe,
    0x32, 0x80, 0x75, 0x7f, 0xe0, 0xaf, 0xfc, 0x40,
    0x1f, 0xa6, 0xef, 0x3, 0xdd, 0xe2, 0x0, 0xfc,
    0x68, 0x98, 0x35, 0x13, 0x0, 0x7f, 0xfe, 0x11,
    0x57, 0x83, 0x55, 0x78, 0x3, 0xe9, 0xaa, 0xe0,
    0x7a, 0xae, 0x10, 0xf, 0x6f, 0xff, 0xff, 0x0,
    0x40,

    /* U+4F53 "体" */
    0x0, 0xe1, 0x0, 0xe1, 0x20, 0xf, 0xf9, 0x78,
    0x40, 0x33, 0x78, 0x7, 0xfd, 0x2c, 0x20, 0x1f,
    0xfc, 0x44, 0x3b, 0x0, 0xff, 0xe2, 0xfa, 0x9b,
    0x37, 0x69, 0xb3, 0x78, 0x2, 0x44, 0x79, 0xdd,
    0xe8, 0x51, 0x9b, 0xbd, 0x40, 0x14, 0x80, 0xb,
    0x77, 0x38, 0x5, 0x9b, 0xb6, 0x0, 0x28, 0xc0,
    0x3e, 0x66, 0x12, 0x30, 0x7, 0x2a, 0xa8, 0x40,
    0x39, 0xd7, 0x82, 0x28, 0x3, 0x92, 0x10, 0x3,
    0x86, 0x20, 0x0, 0x31, 0x70, 0xc, 0x2e, 0x1,
    0xeb, 0x52, 0x0, 0xa2, 0x44, 0x3, 0xfc, 0xaa,
    0x90, 0xc, 0x87, 0x40, 0x1f, 0xc5, 0x4e, 0x60,
    0x1d, 0xc8, 0xe0, 0x1f, 0x17, 0x9e, 0x22, 0x38,
    0xd1, 0xe, 0xe8, 0x60, 0xf, 0x48, 0x6c, 0xdd,
    0x98, 0x6e, 0xea, 0x69, 0x10, 0xe, 0xaf, 0x1d,
    0xff, 0x41, 0x7f, 0xc5, 0x3a, 0x20, 0x1c, 0x24,
    0x1, 0xff, 0x10, 0x7, 0xff, 0x50, 0x44, 0x1,
    0xf0,

    /* U+4F5C "作" */
    0x0, 0xe3, 0x60, 0x8, 0xc8, 0x3, 0xff, 0x83,
    0x34, 0x1, 0x75, 0x80, 0x7f, 0xf0, 0x5, 0x60,
    0x0, 0x85, 0x40, 0x1f, 0xfc, 0xb, 0x34, 0x0,
    0x40, 0xb2, 0xaf, 0xc2, 0x1, 0x1a, 0xc0, 0x0,
    0xcc, 0x35, 0x5f, 0x88, 0x2, 0xe0, 0x40, 0x7,
    0xa7, 0xc8, 0xff, 0xf8, 0xc0, 0x12, 0x40, 0x13,
    0x9c, 0x80, 0x7f, 0xce, 0xc8, 0x0, 0x48, 0x81,
    0x0, 0x42, 0x3c, 0x0, 0x18, 0x7f, 0x0, 0x62,
    0xb8, 0x4, 0x3d, 0xdd, 0x60, 0x37, 0x0, 0x14,
    0x50, 0x6, 0x1d, 0xde, 0xa0, 0x2, 0x0, 0x7f,
    0xc4, 0x5c, 0x20, 0x1f, 0xfd, 0x51, 0xdd, 0xf0,
    0x7, 0xff, 0xa, 0x23, 0xc0, 0x1f, 0xfc, 0x11,
    0x55, 0xf0, 0x7, 0xff, 0xfc, 0x3, 0xc0,

    /* U+4FDD "保" */
    0x0, 0xe7, 0x70, 0x7, 0xff, 0x14, 0x60, 0x5b,
    0xff, 0xfb, 0x80, 0x3d, 0x22, 0xc0, 0x37, 0x7f,
    0x38, 0x7, 0x85, 0xe4, 0x0, 0x68, 0x9f, 0x68,
    0x7, 0xa4, 0x18, 0x3, 0xff, 0x88, 0x6e, 0x22,
    0x0, 0xff, 0xe1, 0x8f, 0x0, 0x71, 0x7f, 0xfd,
    0x40, 0x1b, 0x4e, 0x0, 0x27, 0xbb, 0xc0, 0xf7,
    0x76, 0x80, 0xc, 0xda, 0x40, 0x10, 0xa2, 0x60,
    0xd4, 0x48, 0xc0, 0x7, 0x86, 0x1, 0xff, 0xc6,
    0x30, 0xd, 0xdf, 0xfc, 0x15, 0xff, 0xc2, 0x1,
    0xea, 0xbb, 0xa8, 0x2, 0x5b, 0xbc, 0x20, 0x1e,
    0x44, 0xde, 0x80, 0x8a, 0xc8, 0x90, 0x7, 0xf9,
    0x92, 0x83, 0x9b, 0xc0, 0x3f, 0xf8, 0xb, 0x34,
    0x20, 0x9, 0xa, 0x0, 0xff, 0x3d, 0x42, 0x0,
    0x6e, 0x5a, 0x0, 0xf8, 0x6e, 0x20, 0xe0, 0x1c,
    0x76, 0xb8, 0x40, 0x1e, 0x7b, 0x70, 0xf, 0x93,
    0x4, 0x3, 0x8c, 0x71, 0x0, 0x3f, 0x8f, 0x48,

    /* U+4FE1 "信" */
    0x0, 0xe4, 0x10, 0xc, 0x84, 0x1, 0xff, 0xd,
    0xa0, 0x6, 0xef, 0x0, 0xff, 0xa4, 0x54, 0x3,
    0x41, 0x28, 0x7, 0xf9, 0xa4, 0x8c, 0xf0, 0xb0,
    0x19, 0xf0, 0x6, 0x71, 0x6b, 0xdd, 0xe7, 0xbd,
    0xde, 0x10, 0x0, 0xc1, 0xc, 0xf7, 0x7f, 0xf0,
    0x4, 0x1, 0x40, 0x18, 0xb3, 0x3f, 0x98, 0x2,
    0x85, 0x80, 0x8, 0xa6, 0x7f, 0x90, 0x2, 0x6b,
    0x20, 0xc, 0xab, 0xfc, 0x40, 0x17, 0xa8, 0x6,
    0x2f, 0xff, 0xe7, 0x0, 0x84, 0x3, 0x8b, 0x77,
    0xf9, 0x80, 0x3f, 0xc4, 0x5f, 0xc2, 0x1, 0xfc,
    0xdf, 0xff, 0xd4, 0x1, 0xfe, 0x3d, 0xdf, 0x98,
    0x3, 0xfe, 0x72, 0x2f, 0x84, 0x3, 0xff, 0xa6,
    0xe4, 0x5f, 0x8, 0x7, 0xfc, 0x79, 0x9f, 0x30,
    0x7, 0xfc, 0x9d, 0xdf, 0x38, 0x7, 0x97, 0x40,
    0xd, 0x60, 0x1f, 0x45, 0x0, 0x0,

    /* U+503C "值" */
    0x0, 0xc3, 0xa6, 0x1, 0x8f, 0x88, 0x3, 0xf9,
    0x8c, 0xc0, 0x19, 0x84, 0x80, 0x3f, 0xa5, 0xa7,
    0xbb, 0x50, 0x77, 0x72, 0x0, 0x4c, 0x35, 0x75,
    0x58, 0xd2, 0xab, 0x94, 0x2, 0xb4, 0x22, 0x22,
    0x61, 0xd4, 0x4e, 0x10, 0x4, 0x17, 0x0, 0x9,
    0x12, 0x21, 0x44, 0xc0, 0x11, 0xb8, 0x8, 0x2,
    0xa9, 0x10, 0x3b, 0x88, 0xac, 0x40, 0x74, 0x80,
    0x39, 0x33, 0x3d, 0xc0, 0x12, 0x87, 0x88, 0x6,
    0x5d, 0xdf, 0x60, 0x4, 0x9e, 0x40, 0x1c, 0x9f,
    0xfe, 0xa0, 0xc, 0x20, 0x1e, 0x12, 0x2f, 0x30,
    0x7, 0xfc, 0xbf, 0xfe, 0xd0, 0xf, 0xf9, 0x3f,
    0xfd, 0xa0, 0x1f, 0xf0, 0x80, 0x7f, 0xf1, 0x97,
    0xff, 0xda, 0x1, 0xff, 0x27, 0xff, 0xb4, 0x3,
    0xf0, 0x90, 0x81, 0x17, 0x98, 0x8, 0x80, 0x1c,
    0xda, 0xc9, 0xbb, 0xeb, 0xc, 0xd0, 0xe, 0x7f,
    0xff, 0xfe, 0x8,

    /* U+5047 "假" */
    0x0, 0xd2, 0x40, 0x1f, 0xfc, 0x53, 0x60, 0xef,
    0xfd, 0xcd, 0xff, 0xc6, 0x1, 0x90, 0x88, 0x11,
    0x98, 0x91, 0x7c, 0xca, 0xc0, 0x3d, 0x68, 0x0,
    0x23, 0x32, 0x80, 0x99, 0xc8, 0x1, 0xc2, 0x7a,
    0x1, 0xff, 0xc5, 0x60, 0x70, 0xf, 0xfe, 0x2c,
    0x80, 0x6a, 0xee, 0x68, 0x37, 0xfe, 0x0, 0xce,
    0x20, 0x19, 0xf7, 0x6c, 0x7c, 0xce, 0x30, 0x18,
    0x70, 0xd, 0xa6, 0x78, 0x4c, 0xf8, 0x0, 0x2b,
    0x20, 0x1b, 0x51, 0x22, 0xdf, 0xfe, 0x40, 0x5,
    0x0, 0x73, 0xd5, 0x4b, 0x49, 0x76, 0xa0, 0x50,
    0xf, 0xd5, 0xdd, 0x3a, 0xa2, 0x44, 0x82, 0x1,
    0xff, 0xc1, 0x23, 0x71, 0x9e, 0x0, 0xfe, 0xae,
    0xea, 0x82, 0x21, 0x44, 0xa0, 0x1f, 0xcf, 0x55,
    0x48, 0x21, 0xa7, 0x0, 0x7f, 0xb5, 0x12, 0x30,
    0x43, 0xa, 0x0, 0xff, 0xe1, 0xad, 0xbd, 0x3b,
    0x80, 0x3f, 0xf8, 0x3, 0x74, 0xf0, 0xb1, 0xc,
    0x10, 0xf, 0x18, 0x4, 0x6f, 0x70, 0x0, 0x7b,
    0x61, 0x0, 0xf, 0x98, 0x6a, 0x80, 0xb, 0x10,
    0x3, 0x25, 0x0,

    /* U+505C "停" */
    0x0, 0xff, 0xe6, 0x61, 0x80, 0x69, 0xa0, 0xf,
    0xf3, 0x90, 0x91, 0x6c, 0x54, 0x22, 0xc2, 0x1,
    0xaa, 0x63, 0x77, 0x50, 0x5e, 0xee, 0xc0, 0x9,
    0x49, 0xab, 0xff, 0xfe, 0xd0, 0xa, 0x58, 0x40,
    0xb7, 0x7f, 0x84, 0x2, 0x53, 0xc0, 0x8, 0xbb,
    0xff, 0xa4, 0x80, 0x21, 0xb0, 0xf, 0x19, 0x17,
    0x30, 0x6, 0xa3, 0x0, 0xf7, 0xff, 0xb4, 0x2,
    0x44, 0x70, 0x80, 0x45, 0xff, 0xfc, 0x20, 0x92,
    0x60, 0x12, 0x27, 0xff, 0x0, 0xc1, 0x80, 0x35,
    0xcc, 0x47, 0xf5, 0x78, 0x7, 0xdd, 0x99, 0xfd,
    0x0, 0x1f, 0x12, 0xff, 0xff, 0x3, 0x80, 0x7b,
    0x5b, 0x76, 0xa0, 0xcd, 0xd9, 0xac, 0x3, 0xf1,
    0x14, 0xc0, 0x45, 0x80, 0x3f, 0xfc, 0xa4, 0x45,
    0x0, 0xff, 0xe2, 0x6e, 0xa1, 0x84, 0x3, 0xf7,
    0x28, 0x6, 0xff, 0x74, 0x80, 0x78,

    /* U+50A8 "储" */
    0x0, 0xd0, 0x80, 0x1e, 0x4b, 0x0, 0xfe, 0x17,
    0x72, 0x0, 0x70, 0xa8, 0x5, 0x12, 0x1, 0x9c,
    0x4e, 0x28, 0x0, 0x66, 0x21, 0x33, 0x13, 0xe0,
    0x6, 0xa6, 0xd, 0x47, 0xd, 0xd4, 0x6, 0xeb,
    0xcd, 0x40, 0x22, 0x3b, 0x1, 0xad, 0xe, 0xe5,
    0xf, 0x69, 0x78, 0x6, 0x80, 0x30, 0x2, 0x50,
    0x7, 0xf, 0x39, 0x80, 0x44, 0xa0, 0x2a, 0xb0,
    0x2c, 0xcb, 0x87, 0x48, 0x93, 0x20, 0x7, 0x18,
    0x2, 0xaa, 0x23, 0x0, 0x8, 0x13, 0x18, 0x4,
    0x85, 0xe0, 0x3f, 0xe0, 0x3, 0x4c, 0x80, 0x72,
    0x67, 0x2, 0x50, 0x80, 0x7c, 0x36, 0xb6, 0x4,
    0x50, 0x4, 0x80, 0x1f, 0x27, 0xa0, 0x56, 0xee,
    0x20, 0xf, 0xe1, 0x97, 0x39, 0xff, 0xc0, 0x1f,
    0xf0, 0xec, 0xb8, 0x7, 0xff, 0x22, 0x7f, 0xf0,
    0x7, 0xff, 0x1, 0x88, 0x23, 0xbb, 0x0, 0x7f,
    0x10, 0x65, 0x80, 0x4, 0x78, 0x3, 0xfa, 0x82,
    0x74, 0x82, 0x7b, 0xb0, 0x7, 0xf5, 0x6b, 0x80,
    0x4f, 0xbb, 0x50, 0x7, 0xf1, 0x10, 0x3, 0x71,
    0x9c, 0x82, 0x1, 0x8b, 0xc0, 0x3e, 0xb6, 0x0,
    0xdc, 0x40,

    /* U+50B3 "傳" */
    0x0, 0xe5, 0x10, 0xc, 0x2c, 0x1, 0xff, 0x2d,
    0x10, 0x8e, 0x49, 0x11, 0xf0, 0x7, 0x43, 0x77,
    0x75, 0x7, 0x77, 0x50, 0x6, 0x52, 0xbd, 0xff,
    0xd6, 0x1f, 0xfd, 0x60, 0x1a, 0x18, 0x83, 0xb9,
    0xba, 0xa0, 0xed, 0xd7, 0x68, 0x6, 0x82, 0xc0,
    0x0, 0xee, 0xd4, 0x1d, 0xba, 0xb3, 0x0, 0x91,
    0xc0, 0x3b, 0x76, 0xa0, 0xdd, 0xac, 0x2, 0x3b,
    0x61, 0x0, 0xdb, 0xb5, 0x6, 0xed, 0x60, 0x14,
    0x9c, 0x80, 0x77, 0xdd, 0xa0, 0x2e, 0xe8, 0x0,
    0xa3, 0x40, 0x3b, 0x7a, 0x65, 0x41, 0x32, 0x51,
    0xc0, 0x1, 0x8, 0x7, 0x11, 0x46, 0x60, 0xa,
    0xce, 0x40, 0x3f, 0x7f, 0xee, 0xb1, 0xcc, 0x51,
    0xad, 0x0, 0x7d, 0xff, 0xdd, 0xd6, 0x86, 0xff,
    0x0, 0x79, 0xbf, 0xff, 0x60, 0x77, 0x2c, 0x3,
    0xcd, 0xda, 0xb7, 0xdd, 0xac, 0x33, 0xb8, 0x1,
    0xf0, 0x90, 0x51, 0x88, 0xce, 0x4, 0x22, 0x0,
    0xfe, 0xa5, 0xf0, 0xf, 0xfe, 0x35, 0x30, 0x91,
    0x18, 0x3, 0xf1, 0x80, 0x70, 0xd8, 0xee, 0xad,
    0x44, 0x2,

    /* U+5132 "儲" */
    0x0, 0xc8, 0x20, 0x1f, 0x1a, 0x0, 0x7e, 0xb4,
    0xd, 0x40, 0xc, 0x9a, 0x0, 0x77, 0x0, 0x4a,
    0x2a, 0x13, 0x40, 0x2, 0x4d, 0x24, 0x29, 0x30,
    0xb, 0x98, 0x44, 0xb6, 0x22, 0x58, 0x45, 0x8b,
    0x4, 0x0, 0xa, 0x54, 0x77, 0x2b, 0xbd, 0xf2,
    0x5f, 0x16, 0x40, 0x28, 0x2, 0x9f, 0xfd, 0xc0,
    0x19, 0x49, 0xc0, 0x2, 0xc0, 0x12, 0x26, 0x23,
    0x37, 0x14, 0x39, 0x98, 0x28, 0x40, 0x28, 0x99,
    0x97, 0x74, 0xe8, 0x4f, 0xba, 0x44, 0x58, 0x5,
    0x9b, 0xb3, 0xf7, 0x2c, 0x77, 0xba, 0x58, 0x70,
    0xa, 0xae, 0xe6, 0x5, 0xa9, 0x2, 0x20, 0xb,
    0x80, 0x6f, 0xee, 0x96, 0x68, 0x23, 0x76, 0x40,
    0xf, 0x2a, 0xe6, 0x78, 0x1f, 0xf8, 0x40, 0x3c,
    0x5f, 0xfb, 0xb8, 0x80, 0x1f, 0xfc, 0x1, 0xff,
    0x40, 0x4, 0x3f, 0xf0, 0x80, 0x7f, 0x84, 0x3,
    0x6e, 0xc2, 0x1, 0xff, 0xc2, 0x12, 0x28, 0x3,
    0xf0, 0xe6, 0x2c, 0x2, 0x14, 0x48, 0x40, 0x3f,
    0x4c, 0x90, 0x3, 0x4c, 0xc0, 0x1f, 0x91, 0x55,
    0x36, 0x0, 0x1d, 0xd8, 0xc0,

    /* U+5145 "充" */
    0x0, 0xfc, 0xe6, 0x1, 0xff, 0xc5, 0xce, 0x0,
    0xff, 0xe2, 0xc9, 0x38, 0x7, 0xe2, 0x55, 0xf9,
    0xd3, 0x95, 0x7e, 0x4, 0xaa, 0xfc, 0x8d, 0x55,
    0xeb, 0x6, 0xff, 0xd8, 0xd, 0xff, 0xbb, 0xff,
    0x70, 0x7, 0xe, 0x9c, 0x80, 0x4d, 0xe8, 0x1,
    0xfd, 0xa7, 0xa0, 0x19, 0xa6, 0xd8, 0x3, 0xc3,
    0x83, 0x82, 0x1, 0x9, 0x23, 0xcc, 0x0, 0x61,
    0xf3, 0x36, 0x77, 0xfd, 0xdb, 0x8e, 0xf, 0x20,
    0x10, 0xa3, 0x32, 0x85, 0x6f, 0x24, 0x33, 0xfd,
    0x4c, 0x60, 0x15, 0x4c, 0x38, 0x62, 0x19, 0x0,
    0x80, 0x17, 0x8c, 0x3, 0xc6, 0xa, 0x1, 0xf8,
    0x40, 0x3e, 0xa1, 0x30, 0xf, 0xe2, 0x0, 0xe1,
    0x69, 0x0, 0xff, 0x69, 0x80, 0x45, 0x82, 0xc0,
    0x1f, 0xc2, 0x2, 0x0, 0x6c, 0x3d, 0x10, 0x9,
    0xc2, 0x91, 0x29, 0x2, 0x5f, 0x97, 0xf3, 0x0,
    0xc6, 0x8f, 0x77, 0x34, 0x2, 0xcf, 0x48, 0x80,
    0x7a, 0xff, 0xf7, 0x38, 0x0,

    /* U+5149 "光" */
    0x0, 0xfe, 0x97, 0x0, 0xff, 0xe0, 0x41, 0x80,
    0x62, 0xe0, 0xc, 0x78, 0x40, 0x1c, 0x7e, 0x1,
    0xfe, 0x91, 0x20, 0xe, 0x93, 0x50, 0xf, 0xc4,
    0xb0, 0x1, 0xe2, 0x58, 0x0, 0xfd, 0x4, 0xa0,
    0x1f, 0x49, 0x20, 0x7, 0x8d, 0x78, 0x3, 0xf1,
    0xc3, 0x0, 0x78, 0x64, 0xc0, 0x3f, 0x9c, 0x80,
    0xe, 0x60, 0x2, 0x60, 0xf, 0x6f, 0xff, 0xc6,
    0xbf, 0xff, 0x70, 0x3, 0xf3, 0x33, 0xe, 0x65,
    0x41, 0x59, 0x9b, 0x40, 0x4, 0x67, 0xc4, 0x67,
    0x38, 0x39, 0x9f, 0x0, 0x7c, 0xcc, 0x0, 0xff,
    0xe3, 0x1e, 0x80, 0x7f, 0xf1, 0x58, 0x14, 0x3,
    0xff, 0x8b, 0x46, 0x40, 0x1f, 0xc3, 0x20, 0x1d,
    0x7, 0x0, 0x1f, 0xe3, 0x61, 0x0, 0xa5, 0xdc,
    0x80, 0x1f, 0xe1, 0x1, 0x7, 0xe6, 0x88, 0x0,
    0x71, 0x85, 0x22, 0x52, 0x60, 0xc, 0x7d, 0x70,
    0xf, 0xb, 0x3d, 0xdc, 0x90, 0x0, 0xb9, 0x20,
    0xf, 0xd3, 0xff, 0xb9, 0x0,

    /* U+5165 "入" */
    0x0, 0xf0, 0x80, 0x7f, 0xf1, 0xea, 0x80, 0x1f,
    0xfc, 0x6e, 0x5c, 0x0, 0xff, 0xe2, 0xae, 0x1d,
    0x0, 0x7f, 0xf1, 0x4e, 0x95, 0x80, 0x3f, 0xf8,
    0xaa, 0x30, 0x20, 0x1f, 0xfc, 0x43, 0x11, 0x48,
    0x7, 0xff, 0x12, 0xc1, 0xdc, 0x20, 0x1f, 0xfc,
    0x34, 0x44, 0xd, 0x80, 0x7f, 0xf0, 0x88, 0xf8,
    0x21, 0x4c, 0x3, 0xff, 0x83, 0x20, 0xa0, 0xc5,
    0xe0, 0x1f, 0xfc, 0x3, 0x48, 0x0, 0xa0, 0xd4,
    0x3, 0xfe, 0xf1, 0x70, 0x9, 0x4a, 0x0, 0x3f,
    0xd2, 0x76, 0x1, 0xd2, 0x50, 0x1, 0xf9, 0xd9,
    0xd4, 0x3, 0x91, 0xdc, 0xc0, 0x1e, 0x78, 0x58,
    0x0, 0xfa, 0xe, 0x58, 0x2, 0x2c, 0x85, 0xa0,
    0xf, 0xed, 0x39, 0xa0, 0x7, 0x1c, 0xd0, 0x7,
    0xf8, 0x71, 0x50, 0x1, 0xba, 0x60, 0xf, 0xfe,
    0xd, 0x60, 0x0,

    /* U+516D "六" */
    0x0, 0xfc, 0x6e, 0x1, 0xff, 0xc6, 0x58, 0x30,
    0xf, 0xfe, 0x2b, 0xc, 0x80, 0x7f, 0xf1, 0x99,
    0x48, 0x3, 0xff, 0x8b, 0x22, 0xc0, 0x1f, 0xc8,
    0xcd, 0xf3, 0xc1, 0x33, 0x79, 0x40, 0x1f, 0x33,
    0xff, 0xc4, 0xb0, 0x5, 0xff, 0xff, 0xf1, 0x38,
    0x3, 0xff, 0x9e, 0xe6, 0x1, 0x92, 0x0, 0x3f,
    0xe5, 0x85, 0x0, 0xe7, 0x60, 0xf, 0xf4, 0x13,
    0x0, 0x64, 0x69, 0x20, 0xf, 0xcc, 0x52, 0x1,
    0xe9, 0x1e, 0x0, 0xf8, 0x61, 0x10, 0x1, 0xf5,
    0x1b, 0x80, 0x7a, 0xc6, 0x40, 0x3f, 0x23, 0x41,
    0x0, 0x65, 0x53, 0x90, 0x7, 0xf4, 0xf, 0x0,
    0x47, 0x47, 0x0, 0x1f, 0xe1, 0xb3, 0x60, 0x7,
    0x8f, 0x0, 0x7f, 0xf0, 0x14, 0xe8, 0x1, 0x98,
    0x20, 0xf, 0xfe, 0xe, 0xe0, 0x0,

    /* U+5173 "关" */
    0x0, 0xc6, 0x1, 0xf9, 0x50, 0x3, 0xf6, 0xc8,
    0x7, 0xd5, 0xa0, 0x1f, 0xa9, 0x8c, 0x3, 0x9c,
    0x60, 0x3, 0xf2, 0x23, 0xc0, 0x30, 0xc4, 0x4,
    0x3, 0x85, 0x56, 0x34, 0x55, 0xd4, 0x26, 0xaa,
    0x40, 0x8, 0xea, 0xa7, 0x75, 0x56, 0x41, 0xaa,
    0xa0, 0x2, 0x2f, 0xff, 0x40, 0x7f, 0xfb, 0x0,
    0x3f, 0xfb, 0x84, 0xab, 0xf6, 0x2, 0xaf, 0xe0,
    0x7a, 0xaf, 0x90, 0x2a, 0xbe, 0x80, 0x5f, 0xff,
    0x70, 0x1, 0x3f, 0xfd, 0xa0, 0x1f, 0x98, 0x25,
    0x18, 0x3, 0xff, 0x82, 0x90, 0xac, 0xf2, 0x60,
    0x1f, 0xf2, 0x59, 0xd0, 0x42, 0x61, 0x80, 0x7f,
    0x45, 0x9e, 0x80, 0x56, 0x99, 0x0, 0x1c, 0x2f,
    0xcf, 0x18, 0x20, 0x1a, 0xdd, 0xda, 0xe2, 0xd,
    0xd0, 0x9a, 0xe0, 0x1f, 0x46, 0x34, 0x70, 0xb4,
    0x75, 0x10, 0x7, 0xf1, 0xdf, 0x58, 0x80,

    /* U+51B7 "冷" */
    0x0, 0xff, 0x8d, 0xc0, 0x3f, 0x3b, 0x0, 0x7e,
    0xf8, 0x0, 0xfe, 0x92, 0x0, 0xf3, 0x99, 0x48,
    0x7, 0xce, 0x7c, 0x1, 0xc9, 0x15, 0xee, 0xa0,
    0x1f, 0x71, 0xb0, 0x4, 0x74, 0xea, 0x55, 0x44,
    0x0, 0xf1, 0x37, 0x80, 0xf, 0x16, 0x0, 0x9,
    0x16, 0xa0, 0x1e, 0x99, 0x3, 0x63, 0x59, 0x69,
    0x83, 0xba, 0xa0, 0x3, 0xea, 0x99, 0x80, 0x97,
    0x48, 0x22, 0x5e, 0xc0, 0x3d, 0x38, 0xc0, 0x14,
    0x23, 0x80, 0x1b, 0x24, 0x3, 0xc6, 0x64, 0x55,
    0xde, 0xa, 0xa4, 0x32, 0x0, 0xc8, 0xc0, 0x8,
    0xaa, 0xfd, 0x64, 0x1, 0xdf, 0xa0, 0xc, 0xff,
    0xf6, 0x8b, 0x90, 0x6, 0x24, 0xe0, 0xf, 0xef,
    0x28, 0x0, 0xea, 0x15, 0x0, 0xc2, 0x1, 0x51,
    0xe8, 0x7, 0x99, 0x80, 0x18, 0xba, 0x42, 0x93,
    0x4, 0x3, 0x9c, 0x64, 0x3, 0x16, 0x27, 0xae,
    0x90, 0x7, 0xa5, 0x44, 0x3, 0x8f, 0x58, 0x14,
    0x3, 0xe8, 0x80, 0x7, 0xe9, 0x9c, 0x1, 0xe6,
    0x20, 0xf, 0xe6, 0xbd, 0x0, 0xe0,

    /* U+51ED "凭" */
    0x0, 0xe7, 0x60, 0xf, 0xc6, 0xc4, 0x1, 0xe3,
    0x83, 0x32, 0xb4, 0x4d, 0xef, 0xe5, 0x28, 0x7,
    0xb9, 0x55, 0xf3, 0x82, 0x9, 0x1d, 0xf8, 0xe0,
    0x1d, 0x25, 0x61, 0x98, 0xa9, 0xa0, 0x41, 0x0,
    0xfa, 0x18, 0x44, 0x67, 0xcc, 0xa, 0x67, 0xc0,
    0xa, 0x75, 0x0, 0x6e, 0x66, 0xa0, 0xbc, 0xce,
    0x1, 0x6c, 0xf0, 0x7, 0x7f, 0xec, 0xe, 0xff,
    0xe0, 0x1c, 0x30, 0xf, 0xfe, 0x62, 0x27, 0x3,
    0xa2, 0x62, 0x0, 0xf8, 0xa6, 0x75, 0x15, 0xcc,
    0xea, 0x0, 0xcf, 0x60, 0x5b, 0xbf, 0xf4, 0x0,
    0x62, 0x58, 0xee, 0xfd, 0x0, 0x1f, 0xe1, 0x3a,
    0xaf, 0x10, 0x80, 0x7f, 0x8d, 0x91, 0x3c, 0xe0,
    0x1f, 0xf2, 0x60, 0x7, 0xfc, 0xe4, 0x1, 0xac,
    0x58, 0x3, 0xfe, 0xa7, 0x0, 0x2e, 0xae, 0x8,
    0x7, 0xca, 0x66, 0x42, 0x60, 0xca, 0x7f, 0x30,
    0xf, 0xb8, 0xb3, 0x16, 0x86, 0x1b, 0xd4, 0x20,
    0x1f, 0x97, 0xbf, 0xeb, 0x0,

    /* U+51FA "出" */
    0x0, 0xfa, 0xd8, 0x3, 0xff, 0x84, 0xbc, 0x1,
    0xfb, 0x50, 0x3, 0xfc, 0xdc, 0x0, 0x21, 0x0,
    0xff, 0x8, 0x80, 0x3f, 0xfc, 0xf8, 0xab, 0x84,
    0xd5, 0x76, 0x80, 0x66, 0xaa, 0xc0, 0x95, 0x59,
    0x40, 0x2f, 0xff, 0xb, 0xff, 0xf8, 0x10, 0x80,
    0x3f, 0xf8, 0x6, 0x6a, 0xa0, 0x7, 0xff, 0x2,
    0x7c, 0x3, 0xff, 0xea, 0xff, 0xfc, 0x2f, 0xff,
    0xca, 0x17, 0x55, 0xff, 0xc1, 0x30, 0x55, 0xff,
    0xe1, 0x30, 0x0,

    /* U+51FB "击" */
    0x0, 0xfc, 0xb8, 0x1, 0xff, 0xc4, 0x33, 0x0,
    0x7f, 0xf4, 0x15, 0x7d, 0x80, 0xab, 0xe3, 0x0,
    0xa2, 0xef, 0x94, 0x2e, 0xfc, 0x80, 0x16, 0xf7,
    0x74, 0x87, 0x77, 0x9c, 0x3, 0xff, 0xb2, 0xdf,
    0xff, 0x48, 0x7f, 0xfd, 0xc9, 0x55, 0xf2, 0x85,
    0x57, 0xd6, 0x4a, 0xbf, 0x60, 0x2a, 0xfe, 0x0,
    0x3b, 0x0, 0x7f, 0x86, 0x44, 0x2, 0xbc, 0x0,
    0xff, 0x1b, 0x18, 0x7, 0xff, 0xb9, 0x7f, 0xf4,
    0x87, 0xfe, 0xd0, 0xe, 0x8a, 0xaf, 0xfa, 0x0,
    0x39, 0x15, 0x7f, 0xf8, 0x0, 0x10,

    /* U+5206 "分" */
    0x0, 0xf1, 0x8, 0x7, 0x10, 0x7, 0xff, 0x3,
    0xe8, 0x3, 0x4f, 0x80, 0x7f, 0xca, 0x5e, 0x1,
    0xa0, 0x98, 0x3, 0xfd, 0x6, 0x80, 0x18, 0x62,
    0x48, 0x3, 0xf4, 0x17, 0x0, 0x79, 0xcf, 0x80,
    0x3e, 0x47, 0x71, 0x0, 0x7d, 0xc7, 0x40, 0x1c,
    0x76, 0x90, 0x1, 0xf8, 0xa9, 0x60, 0x2, 0x4c,
    0x28, 0x22, 0xff, 0x3b, 0xd4, 0x0, 0xf3, 0x8c,
    0xdd, 0xff, 0xaa, 0x0, 0x2b, 0xc5, 0xdd, 0x9c,
    0x37, 0x7a, 0x80, 0xf, 0x40, 0x1c, 0x45, 0x9,
    0x91, 0x70, 0x81, 0x80, 0x7f, 0x91, 0x40, 0x38,
    0x40, 0x40, 0x3f, 0x90, 0xa8, 0x3, 0x88, 0x40,
    0x3f, 0xde, 0x66, 0x0, 0xef, 0x30, 0xf, 0xe8,
    0x48, 0x0, 0xf1, 0x30, 0x7, 0xe8, 0x77, 0x20,
    0x7, 0x90, 0xc0, 0x3c, 0x98, 0xf1, 0x0, 0x0,
    0xaa, 0x22, 0x7, 0x0, 0x39, 0xad, 0xf5, 0xc0,
    0x21, 0xbb, 0x9d, 0x50, 0x3, 0x9b, 0xac, 0x80,
    0x3b, 0xbf, 0xea, 0x0, 0xe0,

    /* U+5217 "列" */
    0x0, 0xff, 0xe2, 0xb, 0x88, 0x33, 0x7f, 0x84,
    0x3, 0x1c, 0x10, 0x55, 0xda, 0x26, 0xef, 0x8c,
    0x8, 0x3, 0xd9, 0xba, 0x26, 0xdd, 0xe2, 0x3d,
    0x0, 0xfc, 0x27, 0xa0, 0x1f, 0xfc, 0x47, 0x4,
    0x0, 0xff, 0xe2, 0x68, 0x7f, 0xf3, 0x80, 0x7f,
    0x85, 0x27, 0x32, 0xb0, 0x20, 0xf, 0xf4, 0x13,
    0x19, 0xce, 0xe, 0x1, 0xfc, 0x6d, 0x0, 0x19,
    0x4, 0x80, 0x3f, 0xbd, 0x1e, 0x84, 0x1, 0x4e,
    0x1, 0xfe, 0x89, 0x7, 0xf4, 0x41, 0x50, 0x7,
    0xf9, 0x8, 0x9a, 0x97, 0x46, 0x60, 0xf, 0xfe,
    0x15, 0x28, 0xc0, 0x6, 0x10, 0xf, 0xf1, 0xaa,
    0x90, 0x2, 0x3e, 0x0, 0xfe, 0x2d, 0x3a, 0x0,
    0xff, 0xe1, 0x1f, 0x9e, 0x80, 0x7f, 0xf0, 0xa7,
    0x7, 0xc4, 0x3, 0xe4, 0x48, 0x4, 0xd, 0xe7,
    0x8, 0x3, 0xf4, 0x5c, 0x29, 0x1, 0xf3, 0x0,
    0x7f, 0xb3, 0xfa, 0x80,

    /* U+521A "刚" */
    0x0, 0xff, 0xe2, 0x49, 0x9b, 0xff, 0xfb, 0x80,
    0x39, 0xd8, 0x1, 0x79, 0x9e, 0x80, 0x1, 0xe0,
    0x7, 0x90, 0xcf, 0x2a, 0x88, 0x2, 0x30, 0xf,
    0x14, 0x0, 0x56, 0x60, 0x1f, 0xf1, 0xab, 0x81,
    0x11, 0x40, 0x3f, 0xe1, 0x98, 0x15, 0x50, 0x7,
    0xff, 0x5, 0x16, 0xed, 0xe0, 0x1f, 0xfc, 0x2b,
    0x53, 0x50, 0xf, 0xfe, 0x10, 0xa9, 0x0, 0x7f,
    0xf0, 0xc5, 0x49, 0x0, 0x3f, 0xf8, 0x4c, 0x71,
    0x0, 0xf, 0xfe, 0x14, 0xc3, 0x1a, 0x0, 0x7f,
    0xf0, 0x20, 0x90, 0x5b, 0xc0, 0x22, 0xa0, 0xf,
    0x23, 0xf8, 0x2, 0x24, 0x2, 0x15, 0x0, 0xf1,
    0xb1, 0x80, 0x4, 0x80, 0x3f, 0xe7, 0x90, 0x8,
    0x8a, 0x30, 0x1, 0x9c, 0x22, 0x0, 0xf0, 0xee,
    0xa6, 0x80, 0x11, 0x98, 0x45, 0x3f, 0x0, 0xc3,
    0xfe, 0xe7, 0x0, 0x5f, 0xfa, 0xc4,

    /* U+521D "初" */
    0x0, 0x91, 0x80, 0x3f, 0xf8, 0xd2, 0x60, 0x1f,
    0xfc, 0x44, 0x5f, 0x0, 0x5f, 0xff, 0xf3, 0x1,
    0x19, 0xbe, 0xcc, 0x62, 0xec, 0xe1, 0x77, 0x80,
    0x2c, 0xca, 0xa3, 0x34, 0xd1, 0x1c, 0x8, 0x98,
    0xc, 0x3b, 0xfe, 0xd0, 0x90, 0xb, 0x88, 0x3,
    0xfe, 0xb2, 0x50, 0x8, 0x44, 0x1, 0xc2, 0x1,
    0x91, 0xb8, 0x80, 0x23, 0x70, 0xf, 0xe1, 0xa5,
    0x2f, 0x70, 0x3, 0x18, 0x4, 0x20, 0xe0, 0x1,
    0xc1, 0x5c, 0xa7, 0x0, 0x1e, 0x80, 0x46, 0x2,
    0x3, 0xa0, 0x4, 0x24, 0x0, 0x18, 0x38, 0x4,
    0x20, 0x63, 0xe3, 0x83, 0xaf, 0xa4, 0xa, 0x4,
    0x1, 0x38, 0x8, 0x9b, 0x4, 0x1, 0xe, 0x61,
    0x6a, 0x1, 0x84, 0x2, 0x81, 0x0, 0xd2, 0x28,
    0x52, 0x1, 0x8c, 0x40, 0x3f, 0xde, 0x66, 0x0,
    0xde, 0x40, 0x1f, 0xd0, 0x90, 0x1, 0xca, 0xc0,
    0x1f, 0x9d, 0xcc, 0x80, 0x68, 0x6c, 0x78, 0x1,
    0xfb, 0x16, 0x40, 0x17, 0x6c, 0x96, 0x60, 0x7,
    0x7b, 0x5, 0xd0, 0x5, 0x1f, 0xf4, 0x80, 0x0,

    /* U+5236 "制" */
    0x0, 0xf2, 0x0, 0x7f, 0x88, 0x2, 0x3e, 0x1,
    0xb2, 0x0, 0xfe, 0xc6, 0x0, 0x59, 0x0, 0x7f,
    0x2f, 0x0, 0x79, 0x4f, 0xbc, 0x33, 0xba, 0x40,
    0xf, 0xca, 0x55, 0x70, 0x13, 0x77, 0x28, 0x7,
    0xe8, 0x75, 0x53, 0x82, 0xae, 0x10, 0xf, 0xce,
    0xe, 0xe9, 0xa, 0x77, 0xc0, 0x1f, 0x99, 0x2e,
    0xca, 0xb, 0x77, 0x84, 0x3, 0xec, 0xce, 0xf,
    0xcc, 0xc2, 0x1, 0xff, 0x18, 0x8, 0x7, 0xff,
    0x0, 0x7f, 0xed, 0xc, 0xff, 0x94, 0x3, 0xfd,
    0x9b, 0x61, 0x7b, 0xa1, 0x0, 0xff, 0x88, 0x8a,
    0xc, 0x44, 0x0, 0xff, 0xe5, 0x2f, 0x80, 0x7f,
    0xf1, 0x84, 0x3, 0xff, 0x80, 0x66, 0x0, 0xff,
    0x84, 0x3, 0xa3, 0x9, 0x0, 0xa, 0xcc, 0x13,
    0x1, 0xe1, 0x0, 0xd7, 0xf8, 0x20, 0xc, 0x99,
    0x22, 0x0, 0x3f, 0xf8, 0x53, 0xfe, 0xb1,

    /* U+5237 "刷" */
    0x0, 0xff, 0xe2, 0xc9, 0x0, 0x2f, 0x77, 0xf1,
    0x0, 0x73, 0x8, 0x1, 0x92, 0xef, 0xa8, 0x84,
    0x34, 0xc0, 0x3e, 0xc6, 0x6f, 0x0, 0x44, 0x1,
    0xff, 0xcf, 0xbe, 0xee, 0xf0, 0xf, 0xfe, 0x3,
    0x5d, 0xc3, 0x17, 0x44, 0x1, 0xfe, 0xd5, 0x58,
    0x1d, 0x54, 0x20, 0x1f, 0xe2, 0x88, 0x48, 0x44,
    0x44, 0x1, 0xfc, 0x7e, 0xe2, 0x60, 0x62, 0xec,
    0x1, 0xff, 0x14, 0xd0, 0x5c, 0x90, 0x7, 0xf8,
    0x78, 0x3, 0xff, 0x8c, 0x60, 0x1f, 0xfc, 0x42,
    0x6, 0x0, 0xfe, 0xa2, 0x0, 0xe7, 0x20, 0xf,
    0x8c, 0x0, 0xa2, 0x1, 0xd8, 0xe0, 0x1c, 0xfc,
    0x2a, 0x1, 0xf9, 0xf0, 0xa4, 0x2, 0x4c, 0xf1,
    0x0, 0xf9, 0x5, 0xc5, 0x0, 0x23, 0x20, 0xc,
    0xaa, 0x60, 0x14, 0xa1, 0x0, 0xff, 0xa2, 0xa1,
    0x48, 0x14, 0x3, 0xbc, 0x40, 0x3b, 0x7f, 0xa8,
    0x0,

    /* U+524D "前" */
    0x0, 0x89, 0x40, 0x3f, 0x2a, 0x80, 0x3c, 0xd4,
    0xa0, 0x1e, 0x1a, 0xd0, 0xf, 0x23, 0xd8, 0x80,
    0x75, 0x94, 0x0, 0x4a, 0xbb, 0x86, 0x55, 0x73,
    0xaa, 0x2a, 0xe8, 0xbb, 0xa0, 0x5a, 0xef, 0x48,
    0xbd, 0xdd, 0x1b, 0xdd, 0xff, 0xc4, 0xd0, 0x46,
    0x6f, 0x18, 0x0, 0xc4, 0x1, 0x4e, 0x0, 0xd8,
    0xdd, 0xd1, 0x40, 0xe, 0x70, 0x3, 0x78, 0x4,
    0x97, 0x79, 0x40, 0x3f, 0xf8, 0x2, 0x45, 0x9c,
    0x3, 0xff, 0x80, 0x99, 0x98, 0xc0, 0x3f, 0xf8,
    0xb, 0xdd, 0x90, 0x3, 0xff, 0xa4, 0xbf, 0xf9,
    0x0, 0x3f, 0xf8, 0xb, 0xdd, 0x8c, 0x2, 0x10,
    0xf, 0xe1, 0x1c, 0xe0, 0x16, 0x30, 0x7, 0xff,
    0x40, 0x88, 0xe2, 0x1, 0x1a, 0x20, 0x40, 0x31,
    0x80, 0xee, 0x86, 0xc0, 0x2a, 0xbb, 0xd, 0x0,
    0x26, 0x40, 0x3f, 0xed, 0x30, 0xa, 0x7f, 0xd8,
    0x40,

    /* U+525B "剛" */
    0x0, 0xff, 0xe2, 0x39, 0x1f, 0xff, 0xf8, 0x3,
    0xa5, 0x80, 0x19, 0x79, 0x95, 0xd4, 0x80, 0x54,
    0x60, 0x1c, 0x7e, 0xe6, 0x77, 0x28, 0x4, 0x8e,
    0x1, 0xee, 0xe0, 0x2, 0xb8, 0x3, 0xff, 0x80,
    0x88, 0x3, 0x25, 0x0, 0xff, 0x84, 0xa4, 0xe4,
    0xcc, 0xe0, 0x1f, 0xe5, 0xea, 0xc4, 0x1e, 0x20,
    0xf, 0xf2, 0x6e, 0x93, 0x76, 0x50, 0xf, 0xfa,
    0xc0, 0x21, 0xa0, 0xf, 0xfe, 0x3, 0x0, 0x66,
    0x0, 0xff, 0xf3, 0xb9, 0x80, 0x73, 0xb8, 0x3,
    0xc3, 0xcb, 0x58, 0xe0, 0x1a, 0x4c, 0x3, 0xd9,
    0xdd, 0xac, 0x3, 0xff, 0x86, 0x26, 0x64, 0x0,
    0x8c, 0xe1, 0x0, 0xf8, 0x77, 0x2a, 0x0, 0x1f,
    0x9a, 0x88, 0x3e, 0x0, 0xee, 0xfd, 0x70, 0x6,
    0x7f, 0x58, 0x0,

    /* U+529B "力" */
    0x0, 0xfd, 0x4a, 0x1, 0xff, 0xc4, 0x42, 0x0,
    0xff, 0xf0, 0x9a, 0xaf, 0x87, 0x55, 0x7f, 0x5,
    0xd5, 0x78, 0x16, 0xab, 0xe8, 0x8, 0xff, 0xee,
    0xa, 0xff, 0xf3, 0x8, 0x7, 0xc4, 0xc, 0x1,
    0xe3, 0x70, 0xf, 0x94, 0xc, 0x3, 0xc2, 0x20,
    0xf, 0xb4, 0xc0, 0x3e, 0x73, 0x0, 0xf0, 0xa5,
    0x0, 0x7c, 0x5c, 0x1, 0xe6, 0x7, 0x0, 0xf8,
    0x44, 0x1, 0xc3, 0xa, 0x20, 0x1e, 0x10, 0x20,
    0xe, 0xa0, 0xb0, 0xf, 0x88, 0x18, 0x3, 0x4a,
    0x58, 0x80, 0x7c, 0xa0, 0x40, 0x15, 0x34, 0xa0,
    0x7, 0xec, 0x20, 0x1, 0xea, 0xd3, 0x0, 0x61,
    0x55, 0x23, 0xad, 0x0, 0x3c, 0x75, 0x40, 0x38,
    0x6e, 0xae, 0x15, 0xc0, 0x19, 0x82, 0x0, 0xfb,
    0xbf, 0xea, 0x0, 0x0,

    /* U+529E "办" */
    0x0, 0xf8, 0x7d, 0x40, 0x3f, 0xff, 0x67, 0xff,
    0xdc, 0x15, 0xff, 0xc0, 0x1e, 0x2b, 0xbe, 0x90,
    0x8b, 0xb9, 0x40, 0x3e, 0x14, 0x4e, 0x20, 0x54,
    0x48, 0x84, 0x3, 0xf2, 0xc8, 0x0, 0x80, 0x80,
    0x38, 0xb8, 0x40, 0x3a, 0x40, 0x2e, 0x10, 0xc,
    0x26, 0x41, 0x20, 0x18, 0xcd, 0x40, 0x5, 0x40,
    0xc, 0x62, 0x12, 0xc0, 0x1b, 0xcc, 0xc0, 0x65,
    0xe0, 0x18, 0x5c, 0x18, 0x54, 0x0, 0xc7, 0xe0,
    0xa, 0x5, 0x0, 0xce, 0x20, 0x29, 0xc0, 0xc,
    0x63, 0x2, 0x66, 0x0, 0x70, 0x98, 0x3, 0x10,
    0x1, 0x52, 0x0, 0xe1, 0x80, 0xe, 0x21, 0x0,
    0x36, 0x0, 0x74, 0x9d, 0x8, 0x6, 0x10, 0xe0,
    0x0, 0x98, 0x6, 0xa6, 0x84, 0x0, 0xe4, 0x5,
    0x0, 0xf1, 0x62, 0xc3, 0x80, 0x11, 0x95, 0xa0,
    0x4c, 0x3, 0xdc, 0x54, 0xe0, 0x11, 0x4d, 0x48,
    0x50, 0x7, 0xdb, 0xea, 0x1, 0x9b, 0xfe, 0xd4,
    0x0, 0xf0,

    /* U+52A0 "加" */
    0x0, 0xd0, 0x40, 0x1f, 0xfc, 0x57, 0x60, 0xf,
    0xfe, 0x60, 0x99, 0xf8, 0x3, 0xff, 0x80, 0x99,
    0x9e, 0x30, 0xef, 0xf0, 0x5f, 0xfd, 0x40, 0x1,
    0xff, 0xb4, 0x2, 0xba, 0x90, 0x8a, 0xa2, 0x8,
    0x7, 0x8c, 0x2, 0x55, 0x20, 0x2a, 0xc2, 0x20,
    0xf, 0xfe, 0x0, 0x81, 0x80, 0x7f, 0xf1, 0x1c,
    0x4, 0x3, 0xff, 0x88, 0x22, 0x0, 0x84, 0xc0,
    0x3f, 0xf8, 0x1a, 0x40, 0x1f, 0xfc, 0x53, 0x50,
    0x9, 0xc4, 0x3, 0xff, 0x80, 0xbe, 0x1, 0xf,
    0x80, 0x7f, 0xc8, 0x2e, 0x1, 0x18, 0x7, 0xff,
    0x3, 0x4c, 0x40, 0x21, 0x20, 0xf, 0xf1, 0x35,
    0x0, 0x42, 0x2, 0x0, 0x15, 0x59, 0xc0, 0x2e,
    0x36, 0x6, 0x5b, 0x5, 0x0, 0xaa, 0xa9, 0x0,
    0x19, 0xb8, 0x1, 0x74, 0x90, 0x20, 0x1, 0xff,
    0xb8, 0x80, 0xf8, 0x80, 0x1b, 0xfc, 0xe0, 0x5,
    0xe0, 0x8, 0x74, 0xc0,

    /* U+52A8 "动" */
    0x0, 0xff, 0xe0, 0x29, 0x80, 0x70, 0x8f, 0xe0,
    0xa, 0x10, 0x3, 0x1f, 0x77, 0xd2, 0x1, 0xfc,
    0x7d, 0xdf, 0x40, 0x7, 0xf8, 0x47, 0xe0, 0x11,
    0x8c, 0x4, 0x70, 0x7, 0xf6, 0xf7, 0x6, 0x3b,
    0xaf, 0x34, 0x4f, 0x8f, 0xb3, 0x1, 0x19, 0x87,
    0x3d, 0xbb, 0xfb, 0x88, 0xc8, 0x10, 0xcd, 0xe1,
    0xdf, 0x61, 0xbf, 0xf6, 0x80, 0xc, 0x4, 0x1,
    0xe2, 0x0, 0xc2, 0x20, 0x10, 0x6, 0x60, 0x20,
    0x9, 0xc0, 0xa, 0xa0, 0x7, 0xb8, 0x4, 0x64,
    0x1, 0x8, 0x0, 0x89, 0x60, 0xb, 0xa0, 0xb,
    0x1c, 0x2, 0x31, 0x5, 0x33, 0x0, 0x18, 0x90,
    0x0, 0xba, 0x1, 0x9, 0x84, 0xd1, 0x34, 0xe0,
    0x70, 0x28, 0xa8, 0x4, 0xdc, 0xe3, 0x3b, 0x61,
    0x52, 0xa1, 0x28, 0x40, 0x11, 0x9, 0xbd, 0xfe,
    0xcb, 0x32, 0x94, 0xfc, 0x2, 0x20, 0x24, 0x84,
    0x0, 0xe7, 0xa5, 0x45, 0x44, 0x40, 0x20, 0x7,
    0xe5, 0x2a, 0xe, 0xbb, 0x24, 0x80, 0x7f, 0x3e,
    0x80, 0x2f, 0xfd, 0xcc, 0x0,

    /* U+52D5 "動" */
    0x0, 0xe1, 0x24, 0x67, 0x0, 0x99, 0x0, 0x3a,
    0x77, 0xfd, 0xd9, 0xfe, 0x11, 0x0, 0x2b, 0x0,
    0x3a, 0xff, 0xbd, 0x26, 0xe5, 0x84, 0x3, 0xf8,
    0xcc, 0x2, 0xfe, 0x23, 0x80, 0x2f, 0x0, 0xc3,
    0xff, 0x8d, 0xff, 0xec, 0x0, 0xfc, 0x3d, 0xd9,
    0x23, 0xba, 0x8d, 0xd1, 0xce, 0xed, 0x20, 0xfd,
    0xd2, 0x47, 0x74, 0x5f, 0xe1, 0x9f, 0xf3, 0x18,
    0x1, 0xfb, 0x89, 0x1d, 0xc5, 0x12, 0x20, 0x99,
    0x10, 0x4c, 0x0, 0x46, 0x67, 0xe3, 0x33, 0x80,
    0x8, 0x1c, 0x0, 0x20, 0x12, 0xc4, 0x9, 0x22,
    0x4, 0x0, 0x60, 0x10, 0x3, 0x88, 0x1, 0xee,
    0xcb, 0x57, 0x65, 0x0, 0x10, 0x10, 0x7, 0x9b,
    0xfc, 0x91, 0xfe, 0x40, 0x7, 0x18, 0x4, 0x3e,
    0xf, 0xff, 0x24, 0x7f, 0xcc, 0x8, 0x80, 0x8,
    0xc4, 0x1f, 0xba, 0x48, 0xee, 0x98, 0x4f, 0x40,
    0x21, 0x30, 0x6c, 0xc8, 0xdb, 0x32, 0x79, 0x15,
    0x0, 0xc2, 0x2, 0x45, 0x3f, 0x11, 0x67, 0x80,
    0x8, 0x41, 0xc0, 0x4d, 0x59, 0x95, 0x9d, 0xf8,
    0x2c, 0x1, 0x28, 0x10, 0x76, 0x54, 0xb, 0xa4,
    0x10, 0x68, 0x12, 0x23, 0xc8, 0x42, 0xf7, 0xfb,
    0x2a, 0x10, 0xf0, 0xc0, 0x6e, 0xcb, 0x20, 0x4,
    0x20, 0xe, 0x2e, 0x30, 0x1, 0xff, 0xb9, 0x0,

    /* U+5316 "化" */
    0x0, 0xe1, 0xd3, 0x0, 0x42, 0x0, 0x7f, 0xf0,
    0x64, 0xcc, 0x0, 0x63, 0x0, 0xff, 0xe0, 0xb,
    0x48, 0x7, 0xff, 0x16, 0x1, 0xc0, 0x3f, 0x8f,
    0x8, 0x3, 0x1b, 0x30, 0x3, 0xf8, 0x74, 0x4c,
    0x2, 0x1d, 0xf, 0x0, 0xfe, 0xd0, 0xf1, 0x0,
    0xa8, 0x3, 0xfe, 0xb3, 0xd2, 0x0, 0xa9, 0x28,
    0x40, 0x3e, 0x1c, 0x4b, 0x30, 0x8, 0x52, 0x50,
    0x3, 0xed, 0xf2, 0xc4, 0x0, 0xc3, 0xec, 0x1,
    0xf9, 0x4b, 0xcc, 0x3, 0xc2, 0x1, 0xe1, 0xb1,
    0x4c, 0x10, 0xf, 0xfe, 0xb, 0xf2, 0x86, 0x0,
    0x7f, 0xf0, 0x96, 0x1f, 0x84, 0x3, 0xc4, 0x80,
    0x1f, 0x2f, 0x40, 0x7, 0xe7, 0xb0, 0xf, 0xc2,
    0x1, 0xfc, 0x62, 0x1, 0xff, 0xc0, 0xf0, 0xe,
    0xf2, 0x0, 0xff, 0x89, 0x57, 0x99, 0x88, 0x1,
    0xff, 0x40, 0x55, 0x69, 0x48, 0x0, 0xff, 0x93,
    0x7f, 0xfa, 0xc0, 0x0,

    /* U+5361 "卡" */
    0x0, 0xf8, 0x70, 0xc0, 0x3f, 0xf8, 0x86, 0xe0,
    0x1f, 0xfd, 0x7b, 0xff, 0xed, 0x0, 0xff, 0x9e,
    0xab, 0xa4, 0x3, 0xfe, 0xc5, 0x5e, 0x40, 0xf,
    0xfe, 0x42, 0xaf, 0xce, 0x18, 0xab, 0xfa, 0xea,
    0xbd, 0x20, 0xf5, 0x5f, 0xbb, 0xff, 0xe0, 0xaf,
    0xff, 0xc0, 0x1f, 0xfd, 0x7, 0x30, 0xf, 0xfe,
    0x19, 0xde, 0x61, 0x40, 0x3f, 0xf8, 0x27, 0x98,
    0x6a, 0xe7, 0x0, 0xff, 0xe0, 0x9d, 0x6b, 0xc6,
    0x0, 0x7f, 0xf0, 0x8a, 0x77, 0xc0, 0x3f, 0xf8,
    0x84, 0x60, 0x1f, 0xfd, 0x90,

    /* U+5386 "历" */
    0x0, 0x6f, 0xff, 0xff, 0xe, 0x80, 0x25, 0xbb,
    0xff, 0xe1, 0x48, 0x5, 0xa8, 0x9c, 0xc4, 0x89,
    0xf1, 0x80, 0x7f, 0x3c, 0x80, 0x7f, 0xf1, 0x4c,
    0x3, 0xff, 0xa8, 0x5f, 0xfa, 0x43, 0xff, 0xd2,
    0x1, 0x18, 0x15, 0xde, 0x42, 0xbb, 0xe2, 0x10,
    0xf, 0x22, 0x60, 0x44, 0xf0, 0x78, 0x4, 0x22,
    0x0, 0xe5, 0xe0, 0xe, 0x31, 0x0, 0xc4, 0x1,
    0x88, 0x50, 0x3, 0x84, 0xc0, 0x4, 0xe, 0x1,
    0xa8, 0x8c, 0x3, 0x8, 0x8, 0x1, 0xc0, 0xc0,
    0x33, 0x28, 0x7, 0x10, 0x30, 0x0, 0x88, 0x1,
    0xa8, 0x24, 0x3, 0x98, 0x8, 0x1, 0x6e, 0x1,
    0x3a, 0xe8, 0x80, 0x76, 0x90, 0x0, 0x8f, 0xc0,
    0x6e, 0x24, 0xc0, 0x8, 0xa8, 0xac, 0x80, 0x6,
    0x15, 0xb, 0x6c, 0x60, 0xb, 0x2a, 0xe8, 0xa0,
    0x0, 0x9c, 0x0, 0xad, 0x30, 0xd, 0x1f, 0xf6,
    0x8, 0x0,

    /* U+53D1 "发" */
    0x0, 0xc2, 0x1, 0xb1, 0x40, 0x23, 0x0, 0xfe,
    0xac, 0x0, 0x11, 0x98, 0x0, 0x78, 0xc0, 0x1f,
    0x92, 0xc0, 0xe, 0xa, 0x0, 0x3a, 0x95, 0x0,
    0xf3, 0x3, 0x0, 0x34, 0xc, 0x2, 0x58, 0x80,
    0x7, 0xad, 0xc, 0x88, 0x64, 0x5e, 0x5e, 0x21,
    0x0, 0x98, 0x93, 0x76, 0x42, 0xdd, 0xf6, 0x6c,
    0x80, 0x4f, 0x7b, 0xb4, 0x84, 0xee, 0xfe, 0x90,
    0x8, 0x50, 0x8a, 0xc0, 0x62, 0x2f, 0xc2, 0x1,
    0xf9, 0x49, 0x9b, 0xe2, 0x0, 0xfe, 0x70, 0x3b,
    0xbf, 0x4a, 0x80, 0x7e, 0x18, 0x2, 0xdd, 0xeb,
    0x7, 0x0, 0xfd, 0x1, 0x66, 0xc0, 0x10, 0xc3,
    0x80, 0x7e, 0x56, 0x94, 0x98, 0x20, 0x5, 0x84,
    0x80, 0x7c, 0x94, 0x8c, 0xc, 0x98, 0x52, 0xb8,
    0x20, 0x1e, 0x4a, 0x2a, 0x0, 0xa9, 0x75, 0xac,
    0x80, 0x3d, 0x16, 0x58, 0x20, 0x12, 0x30, 0x3,
    0x44, 0x3, 0x85, 0x99, 0x82, 0x0, 0x3b, 0xb3,
    0xf5, 0xa7, 0x41, 0x0, 0x43, 0xd2, 0x0, 0x8e,
    0xc0, 0xca, 0x14, 0xd8, 0x6d, 0xd4, 0x0, 0x7d,
    0x3d, 0x66, 0x1, 0x9f, 0xb1, 0x44, 0x0,

    /* U+53D6 "取" */
    0xa, 0xaf, 0xe0, 0xf, 0xf8, 0xdd, 0xc6, 0x72,
    0x31, 0xaa, 0xfe, 0x10, 0x4, 0xbb, 0xa6, 0x62,
    0x49, 0x8a, 0xaf, 0x9c, 0x3, 0xfe, 0xd4, 0x8f,
    0xfc, 0xa, 0x1, 0x97, 0x76, 0x30, 0x8, 0xf4,
    0x2, 0x40, 0x20, 0xc, 0x71, 0x11, 0x0, 0x5a,
    0x80, 0x16, 0x10, 0x80, 0x66, 0x55, 0x84, 0x2,
    0x41, 0x10, 0x0, 0xd0, 0x3, 0xff, 0x82, 0x22,
    0x40, 0x2, 0x60, 0x7, 0x9, 0x9c, 0x20, 0x19,
    0xfc, 0x18, 0x14, 0x3, 0x93, 0x32, 0x20, 0xd,
    0xaa, 0x36, 0xa0, 0x1e, 0x5f, 0xf8, 0xc0, 0x32,
    0xc, 0x14, 0x80, 0x7f, 0xf1, 0x19, 0x88, 0x60,
    0x1f, 0xc2, 0x24, 0x93, 0x0, 0x68, 0x68, 0x7,
    0x2b, 0x26, 0x7f, 0x10, 0x80, 0x80, 0xd8, 0xc0,
    0x80, 0x6a, 0x25, 0x4a, 0xd3, 0x59, 0x20, 0xa3,
    0xf3, 0xa0, 0xd, 0xfd, 0x70, 0xa4, 0x1, 0xa9,
    0x3c, 0x79, 0x28, 0x3, 0xfe, 0x1c, 0x5b, 0x20,
    0x3b, 0x5d, 0x10, 0xf, 0xfb, 0x50, 0x2, 0x4c,
    0x41, 0x0, 0xfb, 0x20, 0x70, 0x80, 0x38, 0xe4,
    0x0,

    /* U+53EF "可" */
    0x45, 0x5f, 0xfe, 0x2c, 0xd5, 0x7f, 0xf1, 0x2f,
    0x7f, 0xff, 0xf8, 0x21, 0x1f, 0xc0, 0x1f, 0xfc,
    0x21, 0x10, 0x7, 0xff, 0x2a, 0xff, 0xfe, 0x50,
    0xf, 0xe7, 0x5a, 0xae, 0x0, 0xff, 0xe0, 0x12,
    0xaf, 0x0, 0x7f, 0xfd, 0x9f, 0xff, 0x80, 0x3f,
    0xf8, 0xb, 0x55, 0xe4, 0x0, 0xff, 0x12, 0xaf,
    0x84, 0x3, 0xfb, 0x20, 0x3, 0xff, 0xba, 0x2c,
    0xd8, 0x4c, 0x3, 0xfe, 0x1b, 0x99, 0x42, 0xa8,
    0x0,

    /* U+53F2 "史" */
    0x0, 0xfc, 0x6e, 0x1, 0xff, 0xc5, 0x49, 0x0,
    0xff, 0xe8, 0x92, 0xaf, 0xb4, 0x55, 0x7c, 0x80,
    0x12, 0x55, 0x79, 0x42, 0xab, 0xd2, 0x1, 0x87,
    0xff, 0xa0, 0x7f, 0xf9, 0xc0, 0x3f, 0xfb, 0xe2,
    0xab, 0xda, 0x2a, 0xbc, 0x40, 0x18, 0xc2, 0xab,
    0x94, 0x2a, 0xb9, 0x44, 0x2, 0x5f, 0xcf, 0xfc,
    0xc7, 0xff, 0xec, 0x0, 0xc5, 0x8a, 0x1, 0x2a,
    0x80, 0x3f, 0xe2, 0x7b, 0x10, 0x13, 0xc0, 0xf,
    0xfe, 0x4, 0x2f, 0x95, 0x12, 0x80, 0x7f, 0xf0,
    0x6d, 0x75, 0x38, 0x3, 0xff, 0x82, 0x30, 0x84,
    0x3b, 0x6, 0x1, 0xf8, 0x9a, 0xf9, 0xa7, 0x7a,
    0x57, 0x3f, 0x2a, 0x19, 0x50, 0x6e, 0x42, 0xb9,
    0x80, 0xf, 0xbd, 0x48, 0x2b, 0x35, 0x61, 0x3f,
    0x6a, 0x1, 0xe1, 0x58, 0xbd, 0xff, 0x70, 0x80,

    /* U+540C "同" */
    0x3e, 0xef, 0xfe, 0x21, 0x80, 0xc5, 0xdf, 0xff,
    0x2, 0x4, 0x2, 0x75, 0x5f, 0xfe, 0x3, 0x80,
    0x78, 0xcf, 0xfc, 0x1, 0xfb, 0x33, 0xfc, 0x40,
    0x1f, 0x7f, 0xff, 0x88, 0x3, 0xff, 0x9d, 0xff,
    0xf8, 0x3, 0xfe, 0xad, 0xdd, 0x40, 0x1f, 0xfc,
    0x6, 0x22, 0xcc, 0x1, 0xff, 0xe4, 0xce, 0xed,
    0x80, 0x1f, 0xfc, 0x9, 0xdd, 0xd9, 0x80, 0xf,
    0xf1, 0x21, 0x9f, 0x80, 0x3f, 0xda, 0x40, 0x1f,
    0xfc, 0xb1, 0x44, 0x38, 0x8, 0x7, 0xff, 0x6,
    0xed, 0xc, 0x40,

    /* U+5417 "吗" */
    0x0, 0xf9, 0x2a, 0xbe, 0xb2, 0x5, 0xff, 0xdc,
    0xe, 0x45, 0xe3, 0x40, 0xd, 0x76, 0x70, 0x1,
    0xc4, 0x7a, 0x80, 0xc0, 0x2, 0x88, 0xd0, 0xa,
    0x30, 0x3, 0x38, 0x8, 0x7, 0xf0, 0xb0, 0x6,
    0x22, 0x0, 0x7f, 0x8c, 0xc0, 0x1b, 0x84, 0x3,
    0xfc, 0xdc, 0x1, 0x89, 0x80, 0x3f, 0xc4, 0x40,
    0xc, 0xc4, 0x1, 0xfe, 0x1a, 0xff, 0xc6, 0xff,
    0xe0, 0xf, 0xd9, 0x9f, 0x9c, 0x80, 0x3f, 0x19,
    0xfe, 0x1, 0x1, 0xff, 0x50, 0x7, 0xfc, 0x4c,
    0x0, 0xcc, 0xb4, 0x7f, 0xff, 0x3, 0x10, 0x9,
    0x9e, 0x1d, 0xdf, 0xc0, 0x7a, 0xbe, 0x1, 0xc4,
    0x5f, 0x8c, 0x1c, 0x4, 0x3, 0xfc, 0x44, 0x38,
    0x22, 0x0, 0x7f, 0xf0, 0x2b, 0x71, 0x78, 0x3,
    0xff, 0x83, 0x1f, 0xee, 0x30,

    /* U+542F "启" */
    0x0, 0xfe, 0xa5, 0x0, 0xff, 0xe2, 0xc0, 0x7,
    0xff, 0x12, 0x9, 0x0, 0x3f, 0xb7, 0xff, 0xb4,
    0x2f, 0xff, 0x90, 0x2, 0x36, 0xbb, 0xff, 0x50,
    0x7, 0xb9, 0x13, 0xfc, 0xa0, 0x1f, 0xfc, 0xc8,
    0xee, 0xff, 0x80, 0x3c, 0xb7, 0x7f, 0xf5, 0x28,
    0x4, 0x38, 0xab, 0xff, 0xc0, 0x10, 0xc, 0x62,
    0x45, 0xff, 0x8, 0x0, 0x40, 0x53, 0x77, 0xfe,
    0xb0, 0x1, 0x2, 0x80, 0xf7, 0x7f, 0x20, 0x4,
    0x80, 0x20, 0x1, 0x1f, 0xe0, 0xd, 0x88, 0x1,
    0xff, 0xc4, 0x4c, 0x0, 0x84, 0x7f, 0x80, 0x28,
    0x5, 0x0, 0xf, 0x77, 0xf2, 0x0, 0xba, 0x90,
    0x0, 0x77, 0x7f, 0x8c, 0x5, 0x60, 0x3, 0x11,
    0x7f, 0x31, 0x85, 0x10, 0x1, 0x78, 0x3, 0xfa,
    0xa4,

    /* U+5438 "吸" */
    0x0, 0xf2, 0x44, 0x7e, 0x30, 0x9, 0x3f, 0xf6,
    0x1, 0x23, 0x91, 0x46, 0xe0, 0x1e, 0xbb, 0x38,
    0xa5, 0x48, 0x55, 0x5e, 0x6, 0x1, 0x85, 0x11,
    0xa0, 0x11, 0x90, 0x5, 0xa8, 0x1, 0xff, 0xc0,
    0x11, 0x0, 0x49, 0x80, 0x1f, 0xfc, 0xf, 0x70,
    0x0, 0x92, 0x80, 0x7f, 0xf0, 0x5, 0x40, 0xe,
    0x1b, 0xfe, 0x50, 0xf, 0xe5, 0x15, 0x4, 0xcc,
    0x50, 0x38, 0x7, 0xf1, 0xc, 0x81, 0x19, 0x88,
    0xa0, 0xf, 0xc2, 0x2b, 0x32, 0x0, 0xaa, 0x80,
    0x1f, 0xca, 0xa, 0xae, 0x0, 0x21, 0x28, 0x4,
    0x3f, 0xea, 0x0, 0x69, 0x84, 0x1b, 0x84, 0xb9,
    0x0, 0x6c, 0xcb, 0x81, 0xa8, 0xa, 0x62, 0x82,
    0x0, 0x30, 0x99, 0xe5, 0x7, 0x0, 0x31, 0xad,
    0x80, 0x64, 0xf0, 0xd, 0xc, 0x20, 0x8, 0x32,
    0x95, 0x0, 0xc2, 0x1, 0x51, 0x40, 0x15, 0xbd,
    0x6b, 0x55, 0x8, 0x3, 0x91, 0x68, 0x53, 0x5f,
    0x14, 0x26, 0x9f, 0x48, 0x3, 0x25, 0xa8, 0x25,
    0xe1, 0x80, 0x4b, 0xb8, 0x40,

    /* U+5468 "周" */
    0x0, 0xbb, 0xff, 0xff, 0x82, 0xc0, 0x10, 0xbd,
    0xde, 0x99, 0x5d, 0xf0, 0x7, 0xb5, 0x13, 0x7e,
    0x22, 0x70, 0x80, 0x7c, 0x23, 0x18, 0x8f, 0x0,
    0x7e, 0x4e, 0xe9, 0x53, 0xba, 0x90, 0xf, 0xc9,
    0xff, 0x32, 0xff, 0xd0, 0x1, 0xf8, 0x48, 0xa3,
    0x12, 0x2c, 0x1, 0xfb, 0x77, 0x2a, 0x6e, 0xe1,
    0x0, 0xf0, 0xe7, 0xff, 0xf0, 0x80, 0x7e, 0x12,
    0x2f, 0x80, 0x3c, 0x40, 0xc1, 0xbb, 0xf8, 0x3,
    0xcc, 0x4, 0x0, 0x8f, 0xfd, 0x60, 0x1f, 0x18,
    0x80, 0x7f, 0xf1, 0x31, 0x0, 0x2f, 0x11, 0xe0,
    0xf, 0x93, 0x0, 0x27, 0xee, 0xd4, 0x1, 0xe6,
    0x7, 0x0, 0xa3, 0xff, 0xc0, 0x1d, 0xc, 0x20,
    0xe, 0x60, 0xe, 0x43, 0x41, 0x31, 0x38, 0x0,
    0x88, 0x40, 0x3a, 0xf2, 0x91, 0x3, 0xa2, 0x1,
    0xfe, 0xff, 0x75, 0x88,

    /* U+548C "和" */
    0x0, 0xf8, 0x9c, 0x40, 0x3f, 0xe2, 0x57, 0xae,
    0xdb, 0x40, 0xf, 0xf4, 0xec, 0x6a, 0xb7, 0x62,
    0xab, 0xff, 0xe0, 0x4, 0xfe, 0xd0, 0x68, 0x80,
    0x6a, 0xac, 0xe0, 0x1f, 0xfc, 0x25, 0x5d, 0xa0,
    0x1f, 0xfc, 0xae, 0xff, 0x82, 0xbf, 0xdc, 0x1,
    0xfe, 0xab, 0xb2, 0x83, 0xdd, 0xa8, 0x3, 0xfc,
    0x89, 0x38, 0x2a, 0x91, 0x0, 0x1f, 0xfc, 0x5,
    0x30, 0x6, 0x80, 0x7f, 0xf0, 0xa2, 0x1, 0x1,
    0x20, 0x1f, 0xfc, 0x5, 0x36, 0x0, 0x73, 0x30,
    0x3, 0xfc, 0x37, 0x0, 0x11, 0x49, 0x0, 0x7f,
    0xa8, 0xd8, 0x3, 0x32, 0x0, 0x7f, 0x22, 0x38,
    0x3, 0xf9, 0x13, 0x68, 0x1, 0x30, 0xc0, 0x3f,
    0xae, 0xf3, 0x80, 0x46, 0x1, 0xfe, 0xff, 0xd4,
    0x1, 0xff, 0xc0, 0x66, 0x0, 0x67, 0x80, 0xf,
    0xf8, 0xe4, 0x3, 0x13, 0x80,

    /* U+552E "售" */
    0x0, 0xc2, 0xc0, 0x11, 0xa8, 0x7, 0xff, 0x2,
    0x20, 0x1, 0x35, 0x8, 0x7, 0xf8, 0xd9, 0x13,
    0x8, 0x5a, 0x27, 0x18, 0x6, 0xf0, 0x1f, 0xfc,
    0xf, 0xff, 0xd4, 0x1, 0x59, 0x8d, 0xdf, 0xd,
    0xdf, 0xa4, 0x1, 0x4a, 0xc3, 0xdd, 0xc3, 0x3d,
    0xdb, 0x0, 0x36, 0xf8, 0xf7, 0x70, 0xd7, 0x76,
    0xc0, 0xa, 0x8c, 0x7, 0x33, 0x86, 0x33, 0x35,
    0x80, 0x78, 0x7b, 0xb8, 0x6b, 0xbb, 0x48, 0x7,
    0xc4, 0x5c, 0x4, 0x5e, 0x0, 0xf0, 0xff, 0xf0,
    0xd7, 0xff, 0x90, 0x3, 0xf, 0xff, 0xff, 0x5,
    0x0, 0x27, 0xd3, 0x3f, 0xfe, 0x0, 0x7, 0x3e,
    0x6e, 0xff, 0xb3, 0x2, 0x1, 0xc3, 0xdd, 0xfe,
    0xb0, 0xf, 0xfe, 0x70, 0xa2, 0x7f, 0xb0, 0x3,
    0xf4, 0xcf, 0xf9, 0x80, 0x3e, 0x1d, 0xdf, 0xf5,
    0x0, 0x40,

    /* U+555F "啟" */
    0x0, 0xc5, 0x20, 0x1f, 0x4a, 0x80, 0x7f, 0x1b,
    0x20, 0x7, 0x98, 0x3, 0xfc, 0x2d, 0x0, 0x1c,
    0x60, 0xe0, 0x1f, 0x6f, 0xf9, 0x8f, 0xfd, 0xc0,
    0x4, 0x12, 0x0, 0xfc, 0xf9, 0x9a, 0x0, 0x2d,
    0x1f, 0xfe, 0x0, 0xdc, 0x67, 0xc0, 0x12, 0x3e,
    0x62, 0x3, 0x0, 0x3f, 0xf8, 0xa, 0x22, 0x33,
    0x1, 0x98, 0x3, 0x46, 0xee, 0xa0, 0x4, 0x8a,
    0x80, 0x35, 0x40, 0x39, 0xe2, 0x35, 0xd2, 0x9d,
    0x18, 0x1, 0xfc, 0x3, 0x1e, 0x2a, 0xf2, 0x2d,
    0x20, 0x98, 0x92, 0x80, 0x61, 0x1f, 0xc0, 0xa0,
    0x94, 0xe2, 0x60, 0x1c, 0x5d, 0xde, 0x20, 0x7,
    0x3e, 0xb0, 0x6, 0x20, 0x20, 0xff, 0xc0, 0x19,
    0x1, 0x28, 0x3, 0x38, 0xb8, 0x7, 0xf9, 0x44,
    0x80, 0x36, 0xa8, 0x7, 0xf9, 0x10, 0x2c, 0x1,
    0x97, 0x0, 0x38, 0x40, 0x21, 0xa7, 0x99, 0x8,
    0x0, 0xc9, 0x40, 0x1f, 0xf7, 0x0, 0xf, 0xde,
    0x19, 0x70, 0x80, 0x58, 0x80, 0x1f, 0xf7, 0x3,
    0x6c, 0x48, 0x2, 0xa9, 0xe0, 0x52, 0x7, 0xe0,
    0x10, 0xfa, 0x73, 0x0, 0x67, 0xd0,

    /* U+55AE "單" */
    0x3, 0xfe, 0xeb, 0xfc, 0x61, 0xfe, 0xee, 0xbd,
    0xc0, 0x37, 0x75, 0xe0, 0x1b, 0x7b, 0xa3, 0x0,
    0xff, 0xe5, 0xf, 0x76, 0x10, 0x0, 0xe7, 0x74,
    0x40, 0x11, 0xf7, 0x78, 0xc3, 0xbb, 0xce, 0x1,
    0x5f, 0xff, 0xff, 0x4, 0x3, 0x9b, 0xff, 0x22,
    0x3f, 0xf5, 0x0, 0x7c, 0x23, 0x80, 0x2, 0x38,
    0xc0, 0x3c, 0xdd, 0xd9, 0x11, 0xdd, 0xa4, 0x3,
    0xcf, 0xff, 0x91, 0x7f, 0xf5, 0x80, 0x78, 0x48,
    0xb0, 0x9, 0x17, 0x0, 0x79, 0xb7, 0x72, 0x23,
    0x77, 0x48, 0x7, 0x5f, 0xff, 0x22, 0xff, 0xf8,
    0x0, 0x68, 0x9f, 0x3b, 0x22, 0x7e, 0x8a, 0xaf,
    0x8c, 0xd5, 0x5f, 0x4d, 0xf7, 0x7c, 0x8b, 0xdd,
    0xf6, 0x80, 0x7f, 0xf6, 0x0,

    /* U+55CE "嗎" */
    0x0, 0xf9, 0x7f, 0xff, 0xa1, 0x3f, 0xf8, 0x2,
    0xcc, 0x82, 0x73, 0x29, 0x0, 0x5d, 0xa0, 0x2,
    0x13, 0x38, 0x14, 0xce, 0x10, 0x14, 0x41, 0x80,
    0x43, 0xba, 0xe0, 0xdd, 0xc4, 0x1, 0xfd, 0xdc,
    0xd0, 0x8e, 0xe8, 0x80, 0x3f, 0x9, 0x9c, 0xa,
    0x67, 0x0, 0x7f, 0xa, 0xac, 0x8, 0xab, 0x8,
    0x7, 0xf4, 0xcc, 0x15, 0x33, 0x18, 0x7, 0xe1,
    0xcc, 0x83, 0xb3, 0x22, 0x0, 0xfc, 0x26, 0x70,
    0x29, 0x9e, 0x1, 0x44, 0x18, 0x0, 0x45, 0xbb,
    0xc, 0x6e, 0xe0, 0x5, 0xda, 0x0, 0x9, 0xdd,
    0xdf, 0x7d, 0x66, 0x3, 0xff, 0x83, 0x11, 0xd5,
    0x54, 0x30, 0x44, 0x17, 0x40, 0xe, 0x35, 0x1c,
    0x54, 0x18, 0x87, 0xb9, 0xd0, 0x6, 0x51, 0x11,
    0x10, 0x11, 0xb, 0x2, 0x20, 0xf, 0x4b, 0x83,
    0xb8, 0x39, 0x80, 0x94, 0x80, 0x38, 0xcd, 0x60,
    0x5e, 0x8, 0x24, 0x66, 0xc0, 0xe, 0x3e, 0x20,
    0x13, 0x0, 0x5e, 0xe2, 0x20, 0x3, 0xc2, 0x1,
    0xe9, 0xff, 0x58, 0x0,

    /* U+5668 "器" */
    0x0, 0x2f, 0xff, 0x50, 0x3, 0x7f, 0xf9, 0x80,
    0x31, 0x96, 0x64, 0xa2, 0x1, 0x46, 0x64, 0x22,
    0x0, 0xf1, 0x9e, 0x0, 0xc4, 0x67, 0x80, 0x3f,
    0xf9, 0xc5, 0xdd, 0x30, 0x6, 0xae, 0xe8, 0x80,
    0x39, 0xee, 0xaa, 0xb3, 0xb0, 0xe8, 0x4a, 0xa5,
    0xa8, 0x6, 0x14, 0x4e, 0x52, 0x3, 0x33, 0xcb,
    0xa1, 0x0, 0x46, 0x7e, 0x92, 0xc3, 0x33, 0xcb,
    0x79, 0x9c, 0x0, 0xdc, 0xce, 0x60, 0xac, 0xca,
    0xd0, 0xf3, 0x1a, 0x0, 0xef, 0xf9, 0xc2, 0xbf,
    0xf2, 0xd, 0xff, 0xdc, 0x1, 0x8b, 0x1e, 0x94,
    0x3, 0x5b, 0xdc, 0x88, 0x6, 0x29, 0xd3, 0x80,
    0x53, 0x0, 0x22, 0xe2, 0xb7, 0x52, 0x0, 0xeb,
    0x1, 0xdc, 0xdc, 0x80, 0x26, 0xe5, 0x8c, 0x12,
    0x84, 0x5d, 0x25, 0x99, 0x38, 0x6, 0xbc, 0xc8,
    0xa7, 0x84, 0x4, 0x3, 0xff, 0x92, 0x64, 0x51,
    0x80, 0x62, 0x2c, 0x1, 0xf0, 0xee, 0xca, 0x1,
    0xa3, 0x76, 0x20, 0xf, 0x17, 0xfc, 0xe6, 0x1,
    0x57, 0xfc, 0x62, 0x0,

    /* U+56DB "四" */
    0x0, 0xff, 0xe3, 0x1f, 0xff, 0xff, 0x10, 0x80,
    0x13, 0x77, 0x3, 0x5d, 0x98, 0x6e, 0xe8, 0x0,
    0xc8, 0x98, 0x31, 0x11, 0xe6, 0x89, 0x80, 0x3f,
    0x84, 0x3, 0xff, 0x8a, 0xe0, 0x1f, 0xfc, 0x33,
    0x2, 0x0, 0xff, 0xe1, 0xa8, 0x88, 0x3, 0xff,
    0x87, 0xaa, 0x1, 0xff, 0xc3, 0x44, 0x78, 0x4,
    0x64, 0x67, 0x28, 0x7, 0x1c, 0xaa, 0x0, 0x48,
    0x79, 0x95, 0x0, 0x64, 0xc1, 0xb0, 0xc, 0x39,
    0xff, 0x80, 0x32, 0x56, 0x8, 0x7, 0xff, 0xd,
    0x40, 0x3f, 0xf8, 0x9b, 0xff, 0xff, 0xc0, 0xc0,
    0xd, 0x15, 0x5f, 0xfc, 0x8, 0x0, 0x8, 0x95,
    0x7f, 0xf8, 0x48, 0x60,

    /* U+56DE "回" */
    0x4f, 0xff, 0xfe, 0x22, 0x80, 0x26, 0x7f, 0xf8,
    0x30, 0x1, 0x99, 0xbf, 0xf8, 0x40, 0x1f, 0xfc,
    0xd3, 0x3f, 0xc0, 0x1f, 0xed, 0xcc, 0xf6, 0x80,
    0x7f, 0xd5, 0xff, 0xa4, 0x3, 0xff, 0xed, 0xa6,
    0x7b, 0x80, 0x3f, 0xf8, 0xf, 0x99, 0x9c, 0x3,
    0xfe, 0xef, 0xff, 0x70, 0x7, 0xff, 0x7f, 0xff,
    0xff, 0x83, 0xc0, 0x1a, 0xae, 0xff, 0xf8, 0x14,
    0x1, 0x95, 0x13, 0xff, 0x82, 0x0,

    /* U+56FE "图" */
    0x4f, 0xff, 0xfe, 0x22, 0x0, 0x2e, 0xfa, 0x6e,
    0xff, 0x0, 0x64, 0x4c, 0x32, 0xc8, 0x9f, 0x0,
    0x7c, 0x74, 0x3d, 0x99, 0xa0, 0x3, 0xf2, 0x69,
    0xd4, 0x44, 0x87, 0x60, 0x1f, 0x45, 0xc8, 0xea,
    0x20, 0x5e, 0x8c, 0x3, 0xf6, 0x3e, 0x96, 0x55,
    0xe2, 0x80, 0x7e, 0x83, 0x2, 0x21, 0xaa, 0x9c,
    0x3, 0xf8, 0x9f, 0x34, 0xf3, 0x8e, 0xb6, 0x10,
    0x40, 0x32, 0x6d, 0xdb, 0x7c, 0x86, 0x3a, 0xa,
    0x88, 0x3, 0x27, 0x63, 0x87, 0xfb, 0x5c, 0x56,
    0xb8, 0xc0, 0x38, 0x40, 0x5, 0x5d, 0x3b, 0x0,
    0x1f, 0xe2, 0xdb, 0x85, 0x6a, 0x90, 0xf, 0xf1,
    0x76, 0x8c, 0xef, 0x52, 0x80, 0x7f, 0x8d, 0xa7,
    0x3f, 0x4b, 0x80, 0x3e, 0x44, 0xfc, 0xf9, 0xe8,
    0x85, 0x0, 0xd5, 0x5f, 0xfc, 0x1b, 0x0, 0xdd,
    0xdf, 0xfc, 0x20, 0x0,

    /* U+5716 "圖" */
    0x4e, 0xef, 0xfe, 0x22, 0x80, 0xee, 0xff, 0xf0,
    0x84, 0x2, 0x33, 0x37, 0xff, 0xe0, 0x33, 0x0,
    0x78, 0xc3, 0x33, 0xc4, 0x1, 0xfe, 0x3c, 0xcf,
    0x8, 0x7, 0xf3, 0x7e, 0x61, 0x2f, 0x31, 0xe6,
    0x1, 0xe1, 0xee, 0xe7, 0x8e, 0xee, 0x10, 0xc,
    0x3d, 0xdc, 0xf1, 0xdd, 0xc2, 0x1, 0xef, 0xdd,
    0x9a, 0x77, 0x5d, 0xa0, 0x1f, 0xd9, 0xba, 0xee,
    0x6e, 0xa8, 0xc0, 0x3f, 0xef, 0xcc, 0x78, 0x7,
    0xff, 0x8, 0x7b, 0x82, 0x1, 0xff, 0xc2, 0x95,
    0x54, 0x80, 0x7f, 0xf0, 0x36, 0xf3, 0x35, 0xc0,
    0x7, 0xf6, 0xf4, 0xcf, 0xbb, 0x0, 0x3c, 0xaa,
    0x77, 0xff, 0x2a, 0x80, 0x34, 0xcf, 0xff, 0x8,
    0x3, 0x66, 0x7f, 0xf0, 0x80, 0x0,

    /* U+5728 "在" */
    0x0, 0xf9, 0x84, 0x3, 0xff, 0x86, 0x92, 0x40,
    0x1f, 0xfc, 0x3e, 0x23, 0x0, 0xfe, 0x36, 0x6e,
    0x56, 0x6f, 0xf2, 0xa4, 0x46, 0x90, 0x58, 0x8f,
    0xf3, 0xf7, 0x5e, 0x2f, 0xdd, 0xab, 0x7b, 0xb6,
    0x80, 0x6b, 0x38, 0x0, 0xd1, 0x60, 0x1f, 0x91,
    0x64, 0x3, 0xff, 0x84, 0x34, 0xa8, 0x1, 0xff,
    0xc1, 0x2c, 0x1d, 0x1, 0x44, 0xc2, 0x48, 0x98,
    0xb, 0xc, 0x40, 0x9, 0x77, 0x89, 0x6e, 0xf1,
    0x71, 0x79, 0x80, 0x17, 0xff, 0x1b, 0xff, 0xe2,
    0xfc, 0x10, 0xf, 0xfe, 0x19, 0x80, 0x7f, 0xfb,
    0xd1, 0x38, 0x49, 0x13, 0x80, 0x38, 0xae, 0xf8,
    0x96, 0xef, 0x50, 0x7, 0x17, 0xff, 0xfd, 0xc0,

    /* U+5730 "地" */
    0x0, 0x95, 0xc0, 0x3e, 0x3d, 0x0, 0xfe, 0xdc,
    0x0, 0xfc, 0x40, 0x1f, 0xfc, 0x26, 0xe0, 0xf,
    0xfe, 0x7a, 0x0, 0x79, 0xc0, 0x3f, 0x85, 0xb6,
    0xd4, 0xb, 0xfc, 0xe7, 0xfe, 0x20, 0xc, 0xe1,
    0xd0, 0xa0, 0x20, 0x57, 0x65, 0x2b, 0xb1, 0x0,
    0x12, 0xec, 0x13, 0xd0, 0x1, 0x91, 0x4, 0xc8,
    0x81, 0xf1, 0xb1, 0x80, 0x60, 0xf, 0xf9, 0x79,
    0x83, 0xa9, 0x0, 0x3f, 0xf8, 0x29, 0x52, 0x22,
    0x0, 0xff, 0xe1, 0x8a, 0x80, 0x7f, 0x9c, 0x3,
    0xc2, 0xe4, 0x1, 0xf8, 0xc0, 0x40, 0x30, 0xa7,
    0x50, 0x80, 0x78, 0x7f, 0x10, 0x80, 0xd, 0xac,
    0x75, 0xa6, 0x1, 0xe1, 0xde, 0xb0, 0x0, 0xcb,
    0xe6, 0x14, 0x3, 0xc7, 0xe0, 0x42, 0x1c, 0x43,
    0xd4, 0x60, 0x18, 0xc0, 0x3f, 0x10, 0x98, 0x8,
    0x7, 0x84, 0x4c, 0x67, 0xe8, 0x21, 0x0, 0xfc,
    0x8d, 0x19, 0x9e, 0x79, 0x0,

    /* U+5740 "址" */
    0x0, 0x85, 0x80, 0x3f, 0x39, 0x80, 0x7e, 0x59,
    0x0, 0xfd, 0x2a, 0x1, 0xff, 0xe9, 0x14, 0x0,
    0xff, 0xb7, 0x54, 0x1b, 0xa9, 0x2b, 0x0, 0xff,
    0xa6, 0x60, 0x99, 0x50, 0x7, 0xff, 0x5, 0x10,
    0x60, 0x88, 0x30, 0xf, 0x4f, 0xfd, 0x80, 0x1f,
    0xfc, 0x36, 0xaa, 0xa0, 0x3, 0xff, 0x87, 0xea,
    0xb2, 0x0, 0x7f, 0xf3, 0x85, 0xe4, 0x3, 0xff,
    0x86, 0x41, 0xd3, 0xe0, 0x1f, 0xfc, 0x17, 0xd9,
    0x3a, 0xe6, 0x0, 0xff, 0xe0, 0xc, 0x3e, 0x61,
    0x40, 0x3f, 0xf8, 0x43, 0xd4, 0x60, 0x1f, 0xfc,
    0x51, 0x0, 0xc8, 0xa8, 0xa, 0xb0, 0xfa, 0xae,
    0x0, 0xfb, 0xea, 0x2, 0xaa, 0x6, 0xaa, 0xc2,

    /* U+57F7 "執" */
    0x0, 0xc3, 0x2, 0x1, 0xcc, 0x80, 0x1f, 0xe3,
    0x70, 0xf, 0x56, 0x0, 0x7c, 0x7b, 0xac, 0xf,
    0xdd, 0x8, 0x7, 0xfc, 0x53, 0x28, 0xb, 0x99,
    0x8, 0x7, 0xfc, 0x28, 0x90, 0x22, 0x43, 0xdc,
    0x37, 0xee, 0x84, 0x2, 0x44, 0x9c, 0x11, 0x22,
    0x77, 0x9, 0xba, 0x88, 0x6, 0xaa, 0xac, 0x6e,
    0xa9, 0x33, 0x12, 0x4c, 0x0, 0x80, 0x5d, 0xd,
    0xdd, 0x2d, 0x50, 0x0, 0x3e, 0x1, 0xf9, 0xdc,
    0x20, 0x48, 0xa0, 0x60, 0x2, 0x0, 0xfe, 0x55,
    0xd, 0x20, 0x1e, 0x49, 0x88, 0x7, 0xcb, 0xcb,
    0x7c, 0xe9, 0xcf, 0x8e, 0x20, 0x1, 0x0, 0xe5,
    0xff, 0x68, 0x6f, 0xf9, 0xe, 0x82, 0x44, 0x0,
    0x20, 0x1e, 0x30, 0x30, 0xc, 0x64, 0x38, 0x20,
    0x1d, 0xdd, 0x83, 0xba, 0xb0, 0xc5, 0xc0, 0x70,
    0x30, 0xb, 0x76, 0xa0, 0xad, 0xd4, 0x92, 0x50,
    0x6a, 0x3, 0x38, 0x81, 0x9c, 0x80, 0x86, 0x62,
    0xb2, 0x20, 0x4, 0x66, 0xd5, 0x0, 0xfe, 0x36,
    0x80, 0xc, 0x94, 0xcc, 0x0, 0xfc, 0x3a, 0x8a,
    0x1, 0xa4, 0xc4, 0x80, 0x3f, 0x11, 0xd0, 0x7,
    0xf, 0xe0, 0x7, 0xf, 0x88, 0x1e, 0x88, 0x7,
    0x84, 0x40,

    /* U+5831 "報" */
    0x0, 0xc5, 0x20, 0x1f, 0xfc, 0x61, 0x60, 0xc,
    0xfb, 0xbf, 0x10, 0x1, 0x77, 0x60, 0xed, 0xd0,
    0xf8, 0xff, 0xe9, 0x20, 0x9, 0x26, 0x60, 0xa9,
    0x90, 0x83, 0x91, 0x65, 0x0, 0xc2, 0x89, 0x2,
    0x24, 0x1, 0xff, 0xc0, 0x33, 0x94, 0xc, 0xe2,
    0x0, 0xd1, 0x10, 0x18, 0x3, 0x32, 0x90, 0xcc,
    0xac, 0x3, 0x88, 0x28, 0x40, 0x1f, 0x4f, 0xff,
    0x15, 0xc8, 0x6, 0x8a, 0x95, 0x0, 0xc8, 0xe2,
    0xc, 0x8, 0x0, 0x4e, 0xee, 0xf6, 0x0, 0x11,
    0xd, 0xce, 0x14, 0xc4, 0x10, 0x23, 0x32, 0x2,
    0x0, 0x5e, 0x1c, 0xe0, 0xbe, 0x28, 0x1, 0xb0,
    0x88, 0xe0, 0x80, 0x9, 0xff, 0x60, 0x7f, 0xc8,
    0x0, 0xa5, 0x20, 0xf5, 0x0, 0xff, 0xe1, 0x12,
    0xc9, 0xac, 0x80, 0x5f, 0xf6, 0x7, 0xfd, 0x40,
    0x14, 0x26, 0xa9, 0x80, 0x59, 0x94, 0x86, 0x65,
    0x0, 0x11, 0x30, 0xf0, 0x6, 0x33, 0x94, 0xc,
    0xe2, 0x0, 0x89, 0x82, 0x44, 0x3, 0xff, 0x84,
    0x3e, 0x7a, 0x5a, 0x20, 0x1f, 0xfc, 0x7, 0xc3,
    0xd2, 0xb3, 0xf2, 0x0, 0xff, 0x84, 0x5e, 0x20,
    0x9a, 0xe4, 0x1, 0x8f, 0xc0, 0x34, 0x6e, 0x8,
    0x4, 0x52, 0x0,

    /* U+5916 "外" */
    0x0, 0xc4, 0x40, 0xf, 0x21, 0x0, 0x7f, 0xba,
    0xc0, 0x3d, 0x4a, 0x1, 0xfc, 0x27, 0xa0, 0x1f,
    0xfc, 0x57, 0xa, 0xee, 0xb4, 0x40, 0x3f, 0xf8,
    0x1a, 0x97, 0x72, 0x10, 0x80, 0x7f, 0xc2, 0x92,
    0xab, 0x19, 0x0, 0x7f, 0xf0, 0x21, 0x8, 0x2,
    0x47, 0x0, 0xad, 0x40, 0x3c, 0x4d, 0xe0, 0x18,
    0xb0, 0x2, 0x1a, 0x80, 0xe, 0xf4, 0xd8, 0x0,
    0x28, 0x38, 0x5, 0x52, 0xf4, 0x1, 0xb, 0x56,
    0xb6, 0xf, 0x18, 0x80, 0x66, 0xb5, 0xb0, 0x0,
    0xd8, 0xa7, 0x87, 0xa5, 0x0, 0x79, 0x2d, 0x28,
    0x3, 0x87, 0xc, 0x1c, 0x3, 0xe4, 0xac, 0x0,
    0xf1, 0x11, 0xc4, 0x3, 0xf2, 0xb0, 0x7, 0xa4,
    0x64, 0x3, 0xff, 0x89, 0x9, 0x62, 0x1, 0xff,
    0xc3, 0x77, 0x32, 0x80, 0x7f, 0xf0, 0xe2, 0xb,
    0x20, 0x1f, 0xfc, 0x22, 0xd7, 0x8a, 0x0, 0xff,
    0xe1, 0x92, 0x5b, 0x80, 0x7f, 0xf1, 0x0,

    /* U+591C "夜" */
    0x0, 0xfe, 0x83, 0x0, 0xff, 0xe3, 0x27, 0x80,
    0x7f, 0x8d, 0x57, 0xe4, 0x37, 0x55, 0xf2, 0x0,
    0x26, 0xab, 0xe7, 0x8, 0xaa, 0xf8, 0x1, 0x5f,
    0xf5, 0xf, 0x7f, 0xc7, 0x1f, 0xfd, 0xc0, 0x1e,
    0x87, 0x10, 0x2, 0x1a, 0x80, 0x7f, 0xca, 0x50,
    0x1, 0x48, 0x6f, 0xff, 0x18, 0x6, 0x1b, 0x81,
    0x0, 0x39, 0xde, 0x66, 0x70, 0x20, 0xd, 0x42,
    0x40, 0x3, 0x8b, 0x19, 0x33, 0x91, 0x2, 0x1,
    0x42, 0x0, 0x43, 0xa0, 0xe8, 0xd6, 0x6, 0x6f,
    0x0, 0x9d, 0xd4, 0x0, 0x1c, 0x24, 0x91, 0xd6,
    0x59, 0x24, 0x0, 0x14, 0x4a, 0x80, 0x24, 0x72,
    0x51, 0x3, 0x82, 0xb2, 0x1, 0x17, 0x30, 0x5,
    0x18, 0x4, 0xf4, 0x27, 0x4a, 0x80, 0x18, 0x40,
    0x3f, 0x41, 0x6f, 0x1d, 0x0, 0x7f, 0xf0, 0xfc,
    0xcd, 0xc0, 0x1f, 0xfc, 0x34, 0xd2, 0x1d, 0x30,
    0xf, 0xfe, 0x1, 0x55, 0xbe, 0xfa, 0xe4, 0x8,
    0x7, 0xe3, 0xbd, 0x7b, 0x90, 0x1b, 0x77, 0x74,
    0x88, 0x7, 0x99, 0xeb, 0x50, 0x3, 0x47, 0x3a,
    0x0, 0x77, 0xaa, 0xb1, 0x40, 0x3e, 0x18, 0xd1,

    /* U+5927 "大" */
    0x0, 0xfe, 0x6a, 0x0, 0xff, 0xe3, 0x7b, 0x80,
    0x7f, 0xf6, 0x8c, 0x40, 0x3f, 0xf8, 0xc2, 0xc0,
    0x1f, 0xfc, 0x66, 0x30, 0xf, 0xf4, 0xff, 0xfc,
    0x4d, 0xff, 0xf7, 0x0, 0x36, 0x67, 0xce, 0x0,
    0x59, 0x9f, 0x58, 0x1, 0x19, 0xbd, 0xe0, 0x42,
    0xcd, 0xe5, 0x0, 0xfe, 0xb4, 0x84, 0x10, 0xf,
    0xfe, 0x11, 0x1e, 0xa8, 0xc8, 0x7, 0xff, 0xa,
    0x1, 0xc1, 0x9c, 0x80, 0x3f, 0xf8, 0x6, 0xb0,
    0x21, 0x3, 0x20, 0x1f, 0xf0, 0xf0, 0xb8, 0x5,
    0x68, 0xc0, 0x1f, 0xed, 0x2d, 0x0, 0xca, 0xa9,
    0x50, 0xf, 0x87, 0xe, 0xcc, 0x3, 0xa9, 0x29,
    0x80, 0x39, 0x7c, 0xed, 0x0, 0x3e, 0xb4, 0x9b,
    0x20, 0x5, 0x50, 0xb5, 0x0, 0x3f, 0xae, 0x53,
    0x0, 0x11, 0x78, 0x40, 0x1f, 0xf3, 0x76, 0x80,

    /* U+5929 "天" */
    0x2, 0x2f, 0xfe, 0x20, 0x5, 0xdb, 0xbf, 0xfc,
    0x30, 0xb, 0x77, 0xe5, 0x3d, 0xdf, 0x80, 0x21,
    0x22, 0xf1, 0x81, 0x17, 0xc0, 0x1f, 0xe3, 0x0,
    0xff, 0xe3, 0xb8, 0x7, 0xff, 0x14, 0x44, 0x1,
    0xfc, 0xff, 0xff, 0x22, 0xff, 0xfd, 0xc0, 0xb5,
    0x5e, 0x90, 0x3, 0x55, 0x7a, 0xc0, 0x95, 0x7c,
    0x20, 0x64, 0xab, 0xf0, 0x7, 0xea, 0x4f, 0x43,
    0x0, 0xff, 0xe0, 0xb9, 0x79, 0xa7, 0x80, 0x7f,
    0xf0, 0xe, 0x19, 0x2, 0x4a, 0x80, 0x3f, 0xc9,
    0x85, 0x20, 0x2, 0xa5, 0x80, 0xf, 0xcf, 0x69,
    0xa0, 0x19, 0x25, 0xec, 0x40, 0x32, 0x64, 0x35,
    0x80, 0x79, 0xad, 0x7d, 0xc4, 0x26, 0xc2, 0xe4,
    0x3, 0xf2, 0x7b, 0xc7, 0x1d, 0xdb, 0x10, 0x3,
    0xfc, 0x33, 0xd4, 0x60,

    /* U+592A "太" */
    0x0, 0xfe, 0x79, 0x0, 0xff, 0xe3, 0x6a, 0x80,
    0x7f, 0xf6, 0x85, 0xc0, 0x3f, 0xf8, 0xce, 0x40,
    0x1f, 0xe4, 0x55, 0xf8, 0x88, 0xab, 0xf8, 0x1,
    0xd5, 0x5f, 0xa, 0x55, 0x7d, 0x60, 0xa, 0xff,
    0xf6, 0x0, 0x1f, 0xff, 0xdc, 0x1, 0xfc, 0x80,
    0xec, 0x1, 0xff, 0xc4, 0xb5, 0xa1, 0x40, 0xf,
    0xfe, 0x11, 0x1e, 0x12, 0x78, 0x7, 0xff, 0xa,
    0x5, 0x83, 0x91, 0x0, 0x1f, 0xfc, 0x2, 0x58,
    0x0, 0x2a, 0x48, 0x7, 0xfc, 0x3e, 0xa, 0x1,
    0x49, 0x48, 0x7, 0xfb, 0x49, 0x31, 0x40, 0x5,
    0xd, 0x0, 0x1f, 0xe, 0x1d, 0xd9, 0xa9, 0xc0,
    0xe, 0xcf, 0x0, 0x1c, 0xbe, 0x56, 0x81, 0x2f,
    0xc, 0x0, 0x96, 0x7c, 0x30, 0x6, 0x53, 0xfa,
    0x0, 0x50, 0xb0, 0x1, 0x4d, 0x16, 0x10, 0x7e,
    0x48, 0x80, 0x75, 0x78, 0x6, 0x5f, 0xa2,

    /* U+5931 "失" */
    0x0, 0xc2, 0xa0, 0x14, 0xb8, 0x7, 0xff, 0x6,
    0x68, 0x2, 0x5e, 0x0, 0xff, 0xe0, 0xb3, 0x0,
    0x3f, 0xf8, 0xa8, 0x3c, 0x67, 0x9, 0x9f, 0xc0,
    0x1e, 0xf0, 0x8c, 0xc8, 0x97, 0x33, 0xc8, 0x1,
    0x91, 0x13, 0xbb, 0x89, 0x77, 0x7c, 0x80, 0x10,
    0xc9, 0xb1, 0x16, 0x3, 0x22, 0xf0, 0x6, 0x62,
    0xe0, 0xe, 0x31, 0x0, 0xff, 0x3f, 0x10, 0x7,
    0xf, 0x80, 0x7f, 0xb7, 0xbf, 0xfc, 0x11, 0xff,
    0xf7, 0x0, 0x22, 0x67, 0xca, 0x0, 0x59, 0x9f,
    0x58, 0x1, 0x59, 0xbe, 0x35, 0x66, 0xf9, 0x40,
    0x3f, 0x29, 0xcc, 0x1a, 0x80, 0x7f, 0xf0, 0x4a,
    0x91, 0x49, 0xa8, 0xc0, 0x3f, 0xe3, 0xc1, 0xa0,
    0x4, 0xa6, 0x90, 0x7, 0xf4, 0x61, 0x60, 0x80,
    0x56, 0x5a, 0xe0, 0x1e, 0x6e, 0x77, 0x61, 0x0,
    0x76, 0x3c, 0x6b, 0x90, 0x3, 0x65, 0x36, 0x0,
    0x3f, 0x46, 0x24, 0x68, 0x87, 0xf5, 0x10, 0x7,
    0xf8, 0xe7, 0xf4, 0x40,

    /* U+59CB "始" */
    0x0, 0xff, 0xe5, 0xae, 0x0, 0x7d, 0x54, 0x0,
    0xfe, 0xd0, 0xf, 0x89, 0x74, 0x3, 0xf8, 0x94,
    0x3, 0xd6, 0x2e, 0x1, 0xfc, 0xfe, 0x1, 0xc2,
    0xd0, 0x0, 0xd4, 0x0, 0x87, 0x74, 0x51, 0xba,
    0xa0, 0x4, 0x13, 0x0, 0x16, 0x80, 0x21, 0xb5,
    0x8, 0xb6, 0x10, 0x36, 0xe0, 0xa, 0x2, 0x40,
    0x26, 0xe2, 0x66, 0x9, 0x7, 0xb1, 0x80, 0x6b,
    0x63, 0x0, 0xbd, 0xc0, 0xd, 0xd4, 0x65, 0x79,
    0xbd, 0xf4, 0x10, 0x1, 0x26, 0x0, 0xc, 0xc0,
    0x60, 0x49, 0x57, 0x6c, 0xa4, 0x20, 0x12, 0x40,
    0x10, 0x6a, 0xcb, 0x98, 0x75, 0x43, 0x5a, 0x20,
    0x41, 0x20, 0x71, 0x20, 0x44, 0xfe, 0x50, 0x0,
    0x8a, 0x43, 0x10, 0x1, 0x37, 0x55, 0xeb, 0x10,
    0x2, 0x62, 0x62, 0x78, 0x5, 0x5d, 0xdd, 0x80,
    0x1c, 0x78, 0x2, 0x20, 0xf, 0xfe, 0x29, 0xd,
    0x98, 0x7, 0xff, 0xe, 0x8f, 0x97, 0x40, 0x3f,
    0xf8, 0x52, 0x9c, 0x15, 0x0, 0xc, 0x55, 0xf0,
    0x6, 0xc6, 0x93, 0x0, 0x30, 0x1, 0xee, 0xfa,
    0x40, 0x32, 0x5b, 0x0, 0x7a, 0xfb, 0xbb, 0x0,
    0x20,

    /* U+5B8C "完" */
    0x0, 0xfc, 0x96, 0x1, 0xff, 0xc6, 0x54, 0x70,
    0xf, 0xf1, 0x2a, 0xf9, 0xe, 0x55, 0x7e, 0x10,
    0x3, 0xd5, 0x7c, 0x63, 0x55, 0xf1, 0x0, 0x6f,
    0xff, 0xfe, 0xe, 0x80, 0x7f, 0xf3, 0xe3, 0xff,
    0xfc, 0xc0, 0x1c, 0xbe, 0x15, 0x77, 0xfe, 0x72,
    0xf3, 0x0, 0xe2, 0x44, 0xff, 0x8, 0x7, 0x11,
    0x7f, 0xf1, 0x44, 0x1, 0x9b, 0xbf, 0xfc, 0x50,
    0x7, 0xf7, 0x66, 0x2e, 0xea, 0x7, 0xbb, 0xb4,
    0x0, 0x23, 0xc6, 0xe2, 0x38, 0x4, 0x7c, 0x1,
    0xf3, 0x90, 0x7, 0xff, 0x15, 0x4a, 0x80, 0x3f,
    0x8a, 0x0, 0x38, 0xed, 0x48, 0x3, 0xf9, 0x9c,
    0x2, 0x28, 0xc2, 0xa0, 0xe, 0x14, 0x33, 0xb8,
    0xc0, 0x1b, 0xa4, 0x9c, 0x0, 0xe7, 0x2b, 0xcc,
    0x92, 0x0, 0x1f, 0xd8, 0xc0, 0x1e, 0x1d, 0xff,
    0xdc, 0x80,

    /* U+5B9A "定" */
    0x0, 0xfc, 0x52, 0x20, 0x1f, 0xfc, 0x53, 0x68,
    0x0, 0xff, 0xa, 0xaf, 0x91, 0xc, 0xab, 0xf0,
    0x80, 0x16, 0xab, 0xe4, 0xa, 0xaf, 0x94, 0x3,
    0x7f, 0xff, 0xf0, 0x80, 0x3f, 0xf9, 0xa2, 0x8,
    0xab, 0xff, 0x0, 0x80, 0x49, 0xc1, 0xf7, 0x7a,
    0xa9, 0x77, 0xc1, 0xc8, 0x1, 0xd7, 0xdd, 0x91,
    0x7b, 0xb8, 0x3, 0xf1, 0xa8, 0x7, 0xff, 0x1a,
    0x78, 0x3, 0xff, 0x8c, 0xc6, 0x1, 0x97, 0xff,
    0xa8, 0x3, 0xc2, 0x62, 0x1, 0x8e, 0xef, 0xa4,
    0x3, 0xce, 0xc, 0x40, 0x13, 0x22, 0x71, 0x80,
    0x7a, 0xdd, 0xbc, 0x40, 0x3f, 0xf8, 0x4c, 0x53,
    0x21, 0xf5, 0x0, 0xff, 0xe0, 0x24, 0xc0, 0x86,
    0x35, 0x23, 0xc3, 0xaa, 0xf8, 0x1, 0x4a, 0xe0,
    0x14, 0x6c, 0x32, 0xcd, 0x57, 0x40, 0x3, 0x28,
    0x3, 0x89, 0xef, 0x7b, 0xff, 0xb4, 0x0,

    /* U+5BB6 "家" */
    0x0, 0xf9, 0x30, 0x40, 0x3f, 0xf8, 0x8a, 0x72,
    0x1, 0xfc, 0x9f, 0xfe, 0xe0, 0x7f, 0xff, 0x98,
    0x2, 0xab, 0xbf, 0xfe, 0x8, 0x7, 0x2a, 0x27,
    0xff, 0x4, 0x3, 0xd9, 0xbb, 0xfe, 0xa0, 0xc,
    0x9c, 0x11, 0x18, 0x4a, 0xa2, 0x34, 0x87, 0x30,
    0x0, 0x41, 0x14, 0x64, 0xe5, 0xd5, 0x78, 0xc4,
    0x3, 0xb, 0x65, 0x5b, 0xd8, 0x6, 0x89, 0xb0,
    0x8, 0x6f, 0xa1, 0x39, 0xe4, 0xa4, 0x6, 0xda,
    0xe0, 0x2, 0x13, 0xbe, 0x80, 0x6f, 0x46, 0x67,
    0xaf, 0xa0, 0x7, 0x42, 0x2, 0xed, 0xd5, 0x8c,
    0xa0, 0x80, 0x7c, 0x51, 0xd7, 0x5a, 0x88, 0x4,
    0xa2, 0x90, 0xe, 0x2d, 0x4b, 0xe7, 0x7, 0xb3,
    0x60, 0xb7, 0x20, 0xc, 0x5d, 0x8a, 0x7, 0xb3,
    0x74, 0x60, 0xc9, 0xc0, 0x1c, 0x20, 0x97, 0x8b,
    0xc8, 0x6, 0x0, 0xa2, 0xc1, 0x0, 0x14, 0x6d,
    0x8e, 0xc0, 0x3, 0x1c, 0x0, 0x38, 0x5e, 0xa0,
    0xec, 0xbb, 0x46, 0x73, 0xa7, 0x0, 0x45, 0xe9,
    0x62, 0xbd, 0x4, 0x7, 0x98, 0x99, 0x20, 0x6,
    0x1a, 0xe1, 0x0, 0xe2, 0xff, 0x73, 0x0, 0x7f,
    0x0,

    /* U+5BC6 "密" */
    0x0, 0xfe, 0x99, 0x0, 0x7f, 0xf1, 0xb9, 0xc0,
    0x3f, 0xcb, 0xff, 0xf4, 0xf, 0xff, 0xd0, 0x1,
    0xb3, 0x35, 0x53, 0x33, 0xf1, 0x0, 0x61, 0x33,
    0xea, 0xa1, 0x19, 0xae, 0xc6, 0x60, 0xe, 0x20,
    0xa, 0x13, 0x8f, 0xce, 0x5f, 0x0, 0xd, 0xe0,
    0x5, 0xc9, 0x80, 0x66, 0xd, 0x44, 0x1a, 0xd7,
    0xe, 0xdc, 0x2, 0x36, 0xa0, 0xc, 0xb0, 0xda,
    0x83, 0x78, 0x80, 0x11, 0x6b, 0x90, 0x0, 0xf2,
    0xa7, 0x48, 0x31, 0x26, 0xcc, 0x1, 0x69, 0x2,
    0xa3, 0xd, 0xce, 0x0, 0x13, 0x16, 0x67, 0x0,
    0x23, 0x2f, 0xad, 0x1, 0x7b, 0xfe, 0xe4, 0x20,
    0x9c, 0x0, 0x7c, 0xbc, 0xf5, 0xf6, 0xdd, 0x6e,
    0xba, 0xc0, 0x21, 0x0, 0x56, 0x61, 0x80, 0x2,
    0x47, 0x64, 0x41, 0x0, 0xf9, 0xd, 0x50, 0x3,
    0xfc, 0x70, 0x1, 0xee, 0xd0, 0xf, 0xf2, 0xb0,
    0x7, 0xff, 0x3d, 0xb7, 0x74, 0x8e, 0xee, 0x80,
    0xf, 0xbe, 0x6e, 0xf4, 0x4d, 0xde, 0x40, 0xf,
    0x91, 0x9b, 0xfe, 0xc0, 0xc,

    /* U+5C0F "小" */
    0x0, 0xff, 0xe8, 0xbf, 0x0, 0x7f, 0xff, 0x4c,
    0x40, 0x3f, 0xa, 0x0, 0x7e, 0xc8, 0x0, 0xfc,
    0xf6, 0x40, 0x1e, 0x40, 0xd0, 0xf, 0xcc, 0x30,
    0x1, 0xec, 0x4, 0x0, 0xfe, 0x85, 0x30, 0xe,
    0x55, 0x0, 0x7f, 0x98, 0xa0, 0x3, 0x19, 0x78,
    0x7, 0xfd, 0x68, 0x60, 0x14, 0x8a, 0x80, 0x7f,
    0xcc, 0x32, 0x0, 0x35, 0x90, 0xf, 0xfe, 0xb,
    0xa8, 0x3, 0x89, 0xc0, 0x3f, 0xf8, 0x34, 0xa,
    0x11, 0xc0, 0x1f, 0xfc, 0x23, 0x30, 0x82, 0x98,
    0x7, 0xff, 0xf, 0x10, 0x3, 0xff, 0x9a, 0x2a,
    0xb6, 0x18, 0x7, 0xff, 0xe, 0xaa, 0x68, 0x0,
    0xff, 0xe1, 0xf, 0xfd, 0xaa, 0x1, 0xfc,

    /* U+5C1A "尚" */
    0x0, 0xf9, 0xb0, 0x3, 0x88, 0x7, 0xd8, 0x3,
    0x9, 0x0, 0x61, 0xc8, 0x18, 0x94, 0x0, 0xfe,
    0x80, 0x80, 0x74, 0xa0, 0xf, 0xc8, 0xd4, 0x1,
    0x48, 0xc0, 0x7, 0x86, 0xa1, 0x0, 0x22, 0xc8,
    0x0, 0xf0, 0xd3, 0x80, 0x1b, 0xfd, 0x9f, 0xf4,
    0xf, 0xfd, 0x7f, 0xee, 0x0, 0x5d, 0xff, 0xf0,
    0x18, 0x0, 0x28, 0x9f, 0xfc, 0xf, 0x0, 0xe1,
    0x44, 0xf8, 0x3, 0xf2, 0x5c, 0xce, 0xaa, 0x0,
    0x7f, 0xe, 0xee, 0xb0, 0xf, 0xfe, 0xf0, 0xff,
    0xea, 0x0, 0xff, 0xe, 0xef, 0x60, 0x7, 0xe6,
    0x72, 0x2f, 0x0, 0x7e, 0x39, 0x0, 0xe3, 0x55,
    0x61, 0x80, 0x7f, 0xcd, 0x56, 0xd0,

    /* U+5C4F "屏" */
    0x0, 0x1f, 0xff, 0xff, 0xb, 0x80, 0x3a, 0xb3,
    0x3f, 0xe6, 0x0, 0xf2, 0x19, 0xff, 0xdc, 0x1,
    0xe4, 0x33, 0xff, 0xb8, 0x3, 0xd5, 0x99, 0xff,
    0x30, 0x7, 0xbb, 0xfc, 0xd9, 0xff, 0xd6, 0x9d,
    0xc0, 0xf, 0xc7, 0xc0, 0x1d, 0x0, 0x20, 0x1f,
    0x19, 0xb9, 0xd0, 0xce, 0x73, 0xf3, 0x30, 0x80,
    0x1c, 0x1, 0x98, 0xb5, 0xbc, 0xca, 0x2, 0xf3,
    0xe, 0x1, 0x87, 0xfe, 0x1a, 0xff, 0xa8, 0x3f,
    0xe6, 0x0, 0x10, 0x7, 0xff, 0x1b, 0x88, 0x86,
    0x70, 0xe9, 0x9c, 0x40, 0x67, 0x80, 0x4, 0xd5,
    0x99, 0x3, 0xe6, 0x50, 0x19, 0x97, 0x0, 0x13,
    0x23, 0xfd, 0x41, 0xdf, 0xf5, 0x7, 0xfd, 0xa0,
    0x42, 0x60, 0x14, 0x20, 0x80, 0x7f, 0xa8, 0x10,
    0x1, 0x45, 0x0, 0x1f, 0xf3, 0xb8, 0xb, 0x16,
    0x8c, 0x3, 0xfc, 0x27, 0x20, 0xe1, 0xaa, 0x1,
    0xff, 0xe, 0x8, 0x2e, 0x10, 0x7, 0x97, 0xc0,
    0x30,

    /* U+5DF2 "已" */
    0x6, 0x6f, 0xfe, 0x11, 0x0, 0x6, 0x67, 0xff,
    0x84, 0xa0, 0x1, 0xff, 0xff, 0xe0, 0x88, 0x7,
    0x8, 0x7, 0xff, 0x17, 0x94, 0x3, 0xff, 0xd3,
    0x5d, 0xdf, 0xe1, 0x0, 0xf3, 0x5d, 0xff, 0x80,
    0x3e, 0xc5, 0x5f, 0xf8, 0x80, 0x3f, 0xf8, 0x94,
    0xa0, 0x1f, 0xfc, 0x61, 0x0, 0xff, 0xe2, 0xb6,
    0x80, 0x7f, 0xf1, 0x38, 0x40, 0x23, 0x0, 0xff,
    0xe0, 0x3a, 0x80, 0xe, 0x1d, 0x51, 0x3e, 0x56,
    0xb1, 0xa0, 0x7, 0x24, 0xd5, 0xdf, 0xd5, 0xf,
    0x66,

    /* U+5E03 "布" */
    0x0, 0xfd, 0xaa, 0x1, 0xff, 0xc4, 0x52, 0x70,
    0xf, 0xfe, 0x27, 0x19, 0x0, 0x7f, 0xa3, 0x77,
    0x90, 0xf7, 0x7f, 0xb0, 0x32, 0xef, 0x0, 0xcd,
    0xdf, 0xf5, 0x2, 0x33, 0x48, 0x50, 0xcd, 0xff,
    0x0, 0x77, 0xb, 0x0, 0x26, 0x80, 0x3f, 0xe6,
    0x38, 0x0, 0xc2, 0x1, 0xfe, 0x18, 0x0, 0x2a,
    0xe6, 0x55, 0xe4, 0x0, 0x87, 0x4, 0x22, 0xee,
    0x32, 0xbb, 0xd5, 0x0, 0x1, 0xd3, 0x51, 0xee,
    0xcc, 0x9d, 0xd9, 0xc0, 0x2f, 0x1c, 0xc0, 0x7,
    0xff, 0xe, 0xf4, 0x80, 0x3f, 0xf8, 0x8a, 0x1,
    0xff, 0xd5, 0x10, 0xf, 0xfe, 0x1d, 0x77, 0x19,
    0x0, 0x39, 0x60, 0x3, 0xeb, 0xad, 0xd4, 0x0,
    0x71, 0xb0, 0x7, 0xc2, 0x86, 0x40, 0x1f, 0xfc,
    0x90,

    /* U+5E55 "幕" */
    0x0, 0xf4, 0x10, 0x6, 0x38, 0x0, 0xf8, 0x8c,
    0xf3, 0xa1, 0x9e, 0x47, 0x33, 0xc4, 0x0, 0x8d,
    0xdc, 0x13, 0xbb, 0xa0, 0x37, 0x75, 0x80, 0x2b,
    0xbb, 0x5, 0xf7, 0x6a, 0x2e, 0xed, 0x20, 0x19,
    0xfb, 0x83, 0x5d, 0xda, 0xcf, 0xb9, 0x60, 0x1f,
    0x17, 0x77, 0xf9, 0xc0, 0x3f, 0x1e, 0xef, 0xf9,
    0x80, 0x3f, 0x1e, 0xef, 0xf9, 0x80, 0x3f, 0x9,
    0x17, 0xf8, 0xc0, 0x3e, 0x11, 0x77, 0x37, 0x3b,
    0xbc, 0xc4, 0x1, 0x88, 0x89, 0xdc, 0xb0, 0xae,
    0xef, 0xac, 0x88, 0x0, 0xcd, 0xdd, 0x1, 0x7b,
    0xbf, 0xd8, 0x0, 0xef, 0xf3, 0xd, 0xff, 0x91,
    0xbf, 0xda, 0x6f, 0xfe, 0xe0, 0x9, 0xb5, 0x86,
    0xbb, 0x88, 0xdd, 0xcc, 0x37, 0xe8, 0x20, 0x1e,
    0xb8, 0x36, 0xcc, 0x8d, 0x73, 0x29, 0xa, 0x3d,
    0x11, 0x56, 0xa8, 0x71, 0x14, 0xe6, 0x45, 0x81,
    0x2f, 0x84, 0x10, 0x3, 0xfe, 0x11, 0x0, 0x42,
    0x1, 0xff, 0xc1, 0x3f, 0x86, 0x0, 0xfd, 0x8e,
    0x1, 0xe3, 0xed, 0x90, 0xc,

    /* U+5E76 "并" */
    0x0, 0x85, 0x80, 0x3f, 0x39, 0x0, 0x78, 0xa5,
    0x80, 0x3c, 0x90, 0xe0, 0x1e, 0x37, 0x91, 0x0,
    0xee, 0x25, 0x0, 0xfa, 0x6, 0x0, 0x31, 0x2c,
    0x80, 0x61, 0x66, 0xc8, 0x2c, 0xda, 0x44, 0x99,
    0xa2, 0x38, 0x8c, 0xad, 0x11, 0x94, 0x62, 0x33,
    0x17, 0x75, 0xa1, 0x9d, 0xdc, 0x15, 0xdd, 0x20,
    0x7, 0xff, 0xab, 0xbf, 0xec, 0xd, 0xff, 0xe0,
    0xbf, 0xfb, 0xaa, 0xee, 0x60, 0xab, 0xbd, 0x40,
    0xf7, 0x75, 0x22, 0x61, 0x25, 0x44, 0xca, 0x18,
    0x89, 0x80, 0x32, 0xb8, 0x7, 0xff, 0xd, 0xb,
    0x80, 0x3f, 0xf8, 0x43, 0x44, 0x80, 0x1f, 0xfc,
    0x11, 0xd1, 0xf0, 0xf, 0xfe, 0xa, 0x79, 0xd9,
    0x0, 0x7f, 0xf0, 0x4c, 0xb5, 0x0, 0x3f, 0xf8,
    0x4f, 0x84, 0x1, 0xfd, 0xe8, 0x1, 0x80,

    /* U+5E94 "应" */
    0x0, 0xfe, 0x2c, 0x20, 0xf, 0xfe, 0x29, 0x12,
    0x0, 0x3f, 0xe2, 0x2f, 0x99, 0x4c, 0x8b, 0xc0,
    0x12, 0xee, 0xfc, 0xe1, 0x9b, 0xbe, 0x0, 0xed,
    0xee, 0xff, 0xe1, 0x0, 0x71, 0x8, 0xf0, 0x8,
    0xf1, 0x80, 0x80, 0x7c, 0x40, 0x17, 0xa8, 0x6,
    0xaf, 0x0, 0xf9, 0x70, 0x2, 0x4f, 0x0, 0xca,
    0xe0, 0x1f, 0x28, 0xa8, 0x3, 0x10, 0x2, 0x12,
    0xa0, 0xf, 0xcb, 0xc0, 0x7, 0x13, 0x0, 0x31,
    0x18, 0x6, 0x30, 0xb, 0x90, 0x40, 0x44, 0xa0,
    0xa, 0x50, 0xe, 0x11, 0x0, 0x10, 0x10, 0x0,
    0x98, 0x6, 0x54, 0x1, 0xde, 0x40, 0x12, 0xf8,
    0x3, 0xf4, 0x21, 0x88, 0x3, 0x8d, 0x80, 0x2f,
    0x20, 0x2, 0xb9, 0x25, 0x80, 0x79, 0x74, 0x2,
    0x58, 0x0, 0xd0, 0xc4, 0x1, 0xc4, 0x28, 0x1,
    0xf8, 0xd6, 0x0, 0x3d, 0x42, 0x73, 0xdd, 0xf6,
    0x7, 0xf7, 0x64, 0x5, 0x60, 0xab, 0xbf, 0xaa,
    0x97, 0x7c, 0xa1, 0x92, 0x6, 0xab, 0xff, 0xc2,
    0x10,

    /* U+5EA6 "度" */
    0x0, 0xff, 0xe8, 0x9f, 0x98, 0x7, 0xff, 0x14,
    0xcd, 0x20, 0x1f, 0xe4, 0xff, 0xf8, 0xd7, 0xff,
    0xdc, 0x1, 0xd5, 0x5a, 0x2a, 0xba, 0x26, 0xaa,
    0x0, 0xe5, 0x59, 0xe1, 0xd5, 0x74, 0x82, 0xa9,
    0x0, 0x38, 0x47, 0x0, 0x8f, 0x0, 0x8e, 0x0,
    0xe6, 0xee, 0x60, 0x67, 0x76, 0x18, 0xee, 0x58,
    0x7, 0x3f, 0xfb, 0x43, 0x7f, 0xf0, 0xcf, 0xfa,
    0x80, 0x3f, 0xf9, 0x62, 0x1, 0xed, 0xff, 0xc2,
    0x1, 0xff, 0xc0, 0x2d, 0xdf, 0x98, 0x3, 0xc4,
    0x40, 0x22, 0x80, 0x3e, 0x22, 0x0, 0x77, 0x89,
    0x6e, 0xff, 0xd8, 0x1, 0xc6, 0xc5, 0xfe, 0x34,
    0xff, 0xea, 0xa, 0x0, 0xe5, 0xc0, 0xb, 0x5a,
    0xc4, 0x0, 0xf5, 0x28, 0x1, 0x84, 0x4a, 0x1,
    0xe, 0xf, 0x46, 0xd6, 0x30, 0x7, 0x30, 0x98,
    0x4, 0x4e, 0x0, 0x72, 0x76, 0x10, 0xe, 0xa7,
    0xa, 0xcf, 0xdb, 0x2c, 0xfc, 0x3b, 0xee, 0x5c,
    0x80, 0x22, 0xc3, 0xeb, 0x3f, 0x60, 0xc0, 0xe7,
    0xb6, 0xcf, 0xc0,

    /* U+5EA7 "座" */
    0x0, 0xfe, 0x18, 0x0, 0xff, 0xe3, 0x33, 0x80,
    0x7f, 0x2a, 0xfc, 0x88, 0x86, 0x55, 0xe4, 0x0,
    0x45, 0xc4, 0x79, 0xca, 0xe2, 0x3b, 0xc0, 0x29,
    0xdd, 0xb3, 0x75, 0xd5, 0xbb, 0x66, 0xea, 0xc0,
    0x3c, 0xbc, 0x0, 0x5a, 0x0, 0x1f, 0x8, 0x7,
    0xec, 0x30, 0xf, 0x59, 0x8, 0x7, 0xe7, 0x60,
    0xf, 0x2b, 0x80, 0x7e, 0x41, 0x47, 0x0, 0xc8,
    0x49, 0x0, 0x1c, 0x21, 0x2d, 0xb0, 0xc0, 0x1,
    0x97, 0xc6, 0x90, 0x8, 0xc2, 0xc2, 0xe, 0xec,
    0x21, 0xa3, 0x5, 0x8f, 0x0, 0x1, 0x3c, 0xf1,
    0x4, 0xd1, 0xe, 0xd0, 0x1, 0x65, 0x80, 0x83,
    0x3b, 0x22, 0x6f, 0x36, 0x54, 0x48, 0x4c, 0x8,
    0x8, 0x6a, 0xb9, 0x86, 0xab, 0xc0, 0x5, 0x11,
    0xbb, 0xba, 0x4b, 0xbb, 0xa4, 0x1, 0x88, 0x1,
    0xff, 0xc4, 0x15, 0xc1, 0x22, 0xf7, 0x19, 0x17,
    0xce, 0xc, 0xfb, 0xbe, 0x71, 0xdd, 0xf6, 0x36,
    0x3, 0x7f, 0xff, 0xf0, 0xb8,

    /* U+5EAD "庭" */
    0x0, 0xfe, 0x1d, 0x20, 0xf, 0xfe, 0x28, 0x8a,
    0xc0, 0x3f, 0xd9, 0xff, 0xf1, 0xb7, 0xff, 0xb0,
    0x2, 0x16, 0xbb, 0xff, 0xe1, 0x78, 0x6, 0xe4,
    0x4c, 0xc8, 0x9e, 0x51, 0x73, 0x0, 0xe8, 0xff,
    0xb4, 0xcc, 0xd1, 0x5b, 0xd0, 0x80, 0x1e, 0x8e,
    0xe2, 0x29, 0xae, 0x0, 0xf, 0xb5, 0xc0, 0x3e,
    0x14, 0x5b, 0x6, 0xa8, 0xc3, 0x10, 0xf, 0xe2,
    0xbd, 0x10, 0xf, 0xfe, 0x10, 0x9e, 0xe, 0xf3,
    0x2f, 0xfa, 0x4b, 0xfe, 0x20, 0x8, 0xc0, 0xab,
    0x74, 0x4, 0xbb, 0xa8, 0x1d, 0xd8, 0x80, 0x21,
    0x30, 0x1, 0x8, 0x90, 0x8, 0x82, 0x64, 0x50,
    0x4, 0x20, 0xc7, 0x60, 0xa6, 0x1, 0xff, 0xc0,
    0x20, 0x22, 0x1b, 0x4c, 0x80, 0xce, 0xe3, 0x3c,
    0x20, 0x5, 0x11, 0x4, 0xc8, 0xd4, 0x73, 0x27,
    0x1c, 0xca, 0x0, 0x1e, 0xa0, 0x6, 0x0, 0x18,
    0xff, 0xfe, 0x90, 0x3, 0x68, 0x2e, 0x4d, 0x66,
    0x21, 0x94, 0xcf, 0xc0, 0x60, 0xee, 0xa9, 0x67,
    0xeb, 0x38, 0xac, 0xce, 0xe0, 0x3e, 0x17, 0xd6,
    0x0, 0xb, 0xdf, 0x7f, 0xfb, 0x40,

    /* U+5EF6 "延" */
    0x0, 0xff, 0xe2, 0xa, 0x0, 0x46, 0x79, 0x44,
    0x3, 0x8d, 0x67, 0x7a, 0x8c, 0x1, 0xb9, 0x95,
    0x30, 0x4d, 0xf7, 0xe5, 0x15, 0xe7, 0x18, 0x3,
    0xbf, 0xd2, 0x2e, 0x19, 0xdb, 0xde, 0x1c, 0xc6,
    0x1, 0xe1, 0x8b, 0x0, 0x2a, 0x8c, 0x40, 0x3f,
    0xe8, 0x45, 0x0, 0xa, 0x80, 0x7f, 0xf0, 0x11,
    0xec, 0x2, 0x5a, 0x0, 0xd8, 0xab, 0x20, 0x1,
    0x2c, 0x7f, 0xb8, 0x20, 0x1e, 0x78, 0x8b, 0x80,
    0x2a, 0xba, 0x60, 0x10, 0xf, 0x5e, 0xed, 0x40,
    0x4, 0x54, 0x40, 0x28, 0x7, 0xff, 0x8, 0xb4,
    0x0, 0x66, 0x0, 0xff, 0xe1, 0x11, 0xa0, 0x26,
    0x0, 0x7f, 0xf0, 0xe6, 0x4c, 0x28, 0x1, 0xff,
    0xc3, 0x70, 0x96, 0x0, 0xdb, 0xb0, 0x5e, 0xee,
    0x0, 0xd4, 0x2, 0x0, 0x5a, 0x88, 0xaa, 0xe2,
    0x30, 0x4, 0x50, 0x6d, 0x88, 0x2a, 0xbf, 0xe0,
    0x0, 0xf9, 0x66, 0xbd, 0xf5, 0x3a, 0xa9, 0x13,
    0xc2, 0x2f, 0xf, 0x2, 0xbd, 0x90, 0xab, 0xab,
    0xbe, 0xa1, 0x14, 0x61, 0x0, 0x44, 0xf5, 0xbd,
    0xff, 0xee, 0x0,

    /* U+5F00 "开" */
    0x5, 0x5f, 0xfe, 0x20, 0x95, 0x57, 0xff, 0x11,
    0x4b, 0xfe, 0xe0, 0xbf, 0xfe, 0x19, 0xff, 0x90,
    0x3, 0xff, 0xf8, 0x89, 0xc0, 0x68, 0x9c, 0x3e,
    0x89, 0xaa, 0xee, 0xa0, 0x8b, 0xbe, 0x6, 0xbb,
    0xdd, 0xff, 0x58, 0x77, 0xff, 0xc, 0xff, 0xe0,
    0xc, 0x40, 0x20, 0x1f, 0xfc, 0x3c, 0x30, 0xf,
    0xfe, 0x18, 0xad, 0x80, 0x7f, 0xf0, 0xe4, 0x18,
    0x3, 0xff, 0x84, 0x6e, 0xe1, 0x0, 0xff, 0xe0,
    0x96, 0x94, 0x0, 0x7f, 0xf0, 0x53, 0x4f, 0xc0,
    0x3f, 0xf8, 0x44, 0x78, 0x40, 0x1f, 0xfc, 0x26,
    0xc1, 0x0, 0xfe, 0xe6, 0x0, 0xc0,

    /* U+5F0F "式" */
    0x0, 0xff, 0x34, 0x1, 0x20, 0x7, 0xff, 0xb,
    0xd4, 0x1e, 0xe0, 0x3, 0xff, 0x82, 0x20, 0x5,
    0xc6, 0xa0, 0xf, 0xfe, 0x21, 0xef, 0x80, 0x37,
    0xff, 0xf9, 0xcb, 0xfe, 0xca, 0xe0, 0x9a, 0xaf,
    0xe6, 0xa, 0xae, 0xb0, 0x45, 0x5f, 0xed, 0x4,
    0x55, 0xe0, 0xf, 0xf9, 0x80, 0x80, 0x3c, 0x2a,
    0xbf, 0x8c, 0x81, 0x80, 0x3c, 0x75, 0x5f, 0xa4,
    0x4, 0x80, 0x3c, 0x5f, 0xf4, 0x17, 0xfd, 0x40,
    0x7c, 0x1, 0xff, 0xc5, 0x75, 0x0, 0xff, 0xe2,
    0xe1, 0x80, 0x7f, 0xf1, 0x50, 0x10, 0x2, 0x10,
    0xf, 0xfe, 0x1, 0x13, 0x40, 0x2f, 0x20, 0xe,
    0x35, 0x8c, 0xf4, 0xa, 0x61, 0x0, 0x8, 0x0,
    0xde, 0xa4, 0x69, 0x11, 0x68, 0xc, 0x10, 0x4,
    0x7, 0x39, 0x3, 0x37, 0xf9, 0x8, 0x0, 0x19,
    0x6a, 0x83, 0x1b, 0xdf, 0xb7, 0x40, 0xf, 0x9a,
    0x5d, 0x20, 0x0,

    /* U+5F37 "強" */
    0x0, 0xff, 0x2d, 0x80, 0x7d, 0x7d, 0xdc, 0x60,
    0x15, 0x90, 0x7, 0xdf, 0x77, 0x85, 0xc0, 0x10,
    0x10, 0x3, 0xc6, 0x1, 0x22, 0xae, 0x0, 0x8d,
    0xe8, 0x40, 0x67, 0x44, 0x3, 0xf8, 0xb5, 0x41,
    0x5e, 0x34, 0x74, 0x2, 0x22, 0xc0, 0x8, 0x15,
    0x99, 0x60, 0xec, 0x93, 0x82, 0xee, 0xe0, 0x5,
    0xf7, 0xec, 0xac, 0xbb, 0x51, 0x1, 0x1f, 0x76,
    0x41, 0x10, 0x7, 0xc8, 0xa1, 0xcc, 0x23, 0x81,
    0x3f, 0xea, 0x1f, 0xfc, 0x20, 0x44, 0x0, 0xf0,
    0xee, 0xa0, 0x77, 0x56, 0x1, 0x33, 0x33, 0x32,
    0x80, 0x8, 0xa0, 0x22, 0x30, 0x5, 0x71, 0x55,
    0x19, 0x80, 0x3f, 0xf8, 0xc, 0xdc, 0x4, 0x3,
    0xfe, 0xa1, 0xff, 0x68, 0x7, 0xc2, 0xe, 0x9b,
    0xb4, 0xe, 0xea, 0xb4, 0x40, 0x38, 0x80, 0x80,
    0x8b, 0x1, 0xd, 0x8, 0x7, 0x94, 0x4, 0x3,
    0xe3, 0x6e, 0x0, 0x84, 0x8e, 0x90, 0x51, 0x59,
    0xf8, 0x6a, 0xd0, 0xa0, 0x0, 0xfb, 0x85, 0x5,
    0x77, 0x61, 0x3e, 0x7f, 0xa9, 0xc4, 0x1b, 0xfd,
    0xc6, 0x6f, 0xed, 0xb9, 0x86, 0x42, 0x5c, 0x10,

    /* U+5F3A "强" */
    0xb, 0xee, 0xe5, 0xc, 0xee, 0xf9, 0x40, 0x2f,
    0xbb, 0xc2, 0x0, 0x16, 0xdd, 0xe1, 0x30, 0x9,
    0x15, 0x70, 0x80, 0x5a, 0x67, 0xc2, 0x1, 0xff,
    0xcd, 0x33, 0xc2, 0x1, 0x57, 0xff, 0x8, 0x6,
    0x5c, 0xcc, 0x1, 0x7e, 0x62, 0x3, 0x32, 0x70,
    0x8, 0x8f, 0xff, 0x28, 0x11, 0x98, 0x84, 0xce,
    0x10, 0xb, 0xd8, 0x3, 0x93, 0xfe, 0xa1, 0xff,
    0xb4, 0x2, 0x32, 0x0, 0xf0, 0xee, 0xa0, 0x77,
    0x50, 0x60, 0x13, 0x2e, 0x66, 0x20, 0x1, 0x14,
    0x4, 0x43, 0x0, 0xd7, 0x6a, 0xa2, 0x19, 0x80,
    0x3f, 0xf8, 0x2c, 0xdb, 0x0, 0x40, 0x7f, 0xd4,
    0x3f, 0xeb, 0x0, 0xfc, 0x20, 0x4, 0xdd, 0xa0,
    0x77, 0x2b, 0x0, 0x3e, 0x22, 0x0, 0x8, 0xb0,
    0x13, 0xd0, 0x7, 0xed, 0x60, 0xf, 0xc8, 0x8e,
    0x0, 0xc6, 0x64, 0x5c, 0x14, 0x56, 0x7f, 0x1b,
    0xc5, 0x35, 0x0, 0xa7, 0x2d, 0x1c, 0xee, 0xec,
    0x38, 0xef, 0xe9, 0x80, 0xa, 0xbf, 0xd6, 0x5,
    0xfd, 0xb7, 0x2e, 0xa6, 0xd, 0xe0,

    /* U+5F53 "当" */
    0x0, 0xfa, 0x10, 0x3, 0xe3, 0x60, 0xe, 0x6c,
    0x0, 0xc7, 0x42, 0xf2, 0x80, 0x1f, 0xe9, 0x41,
    0x45, 0xa0, 0xf, 0xe2, 0x58, 0x0, 0x58, 0xb8,
    0x7, 0xe9, 0x36, 0x0, 0xb, 0x48, 0x7, 0xc8,
    0x8f, 0x0, 0xd1, 0xa0, 0x1f, 0x3c, 0x98, 0x0,
    0xd9, 0xd5, 0x9a, 0x13, 0x66, 0x28, 0x33, 0x1,
    0x62, 0x3c, 0x2b, 0x11, 0xd2, 0x2d, 0xdd, 0xff,
    0xc0, 0xa0, 0xf, 0xfe, 0x39, 0x9f, 0xff, 0x4,
    0x2, 0xfc, 0xcf, 0xfa, 0x0, 0x2c, 0xff, 0xff,
    0xa8, 0x3, 0xff, 0x86, 0x20, 0x1f, 0xfc, 0x65,
    0x66, 0xff, 0xe0, 0x68, 0x2, 0x62, 0x3f, 0xf8,
    0xc, 0x0, 0xce, 0xef, 0xfe, 0x5, 0x80, 0x0,

    /* U+5F55 "录" */
    0x3, 0xdd, 0xff, 0xe0, 0x73, 0x0, 0x62, 0xbb,
    0xff, 0xe0, 0x8, 0x7, 0xb, 0x37, 0xff, 0x0,
    0x3, 0xe3, 0x44, 0xff, 0x28, 0x18, 0x7, 0x4d,
    0xdf, 0xfa, 0x80, 0x40, 0x3a, 0xbf, 0xff, 0xda,
    0xe, 0x1, 0x9, 0x17, 0xff, 0x1, 0x1, 0xc8,
    0x81, 0x3b, 0xbf, 0xfc, 0x9, 0xb, 0xdc, 0x8,
    0xfe, 0xff, 0xe5, 0x3f, 0xfe, 0xdf, 0xe0, 0xb,
    0xe8, 0x40, 0x31, 0x98, 0x2, 0x9d, 0x30, 0xd,
    0x8d, 0xe8, 0x1, 0xb8, 0x1, 0x4d, 0x46, 0x1,
    0x8b, 0x12, 0xc4, 0x0, 0x47, 0x3a, 0xf8, 0xa0,
    0x1f, 0x56, 0x95, 0x2b, 0x53, 0xe, 0x98, 0x7,
    0xe5, 0xec, 0x13, 0x4, 0x93, 0x80, 0xf, 0xc,
    0x75, 0x2e, 0xdb, 0x0, 0x1a, 0x5e, 0xc8, 0x2,
    0x3e, 0x66, 0x74, 0x90, 0x7, 0x36, 0x36, 0xda,
    0x81, 0xcf, 0x40, 0x91, 0x42, 0x1, 0x8f, 0x65,
    0xa4, 0x0, 0xc0, 0x12, 0xee, 0x9b, 0xc0, 0x39,
    0xb7, 0x0,

    /* U+5F69 "彩" */
    0x0, 0xff, 0xe6, 0x89, 0xb4, 0xee, 0x80, 0x39,
    0xec, 0x2, 0x9c, 0xef, 0xec, 0xb3, 0xae, 0x0,
    0xcf, 0x1c, 0x1, 0x65, 0x53, 0x7b, 0xf6, 0x9c,
    0x80, 0x29, 0x8a, 0x50, 0x9, 0x1, 0xa, 0xe0,
    0x0, 0xbc, 0x29, 0xcf, 0x6a, 0x1, 0xd0, 0xc1,
    0x2e, 0x21, 0x2c, 0x30, 0x9e, 0x80, 0x1c, 0x37,
    0x0, 0x64, 0xe6, 0x68, 0xc, 0xa1, 0x0, 0x20,
    0x80, 0x4a, 0x46, 0x14, 0xf5, 0x2, 0x1, 0xcf,
    0x6e, 0x1, 0xb0, 0xca, 0xe, 0x5c, 0x3, 0xa6,
    0x25, 0x80, 0xa, 0xbc, 0xa, 0xb8, 0x81, 0x35,
    0xed, 0x80, 0x29, 0x88, 0xc1, 0x31, 0x13, 0x55,
    0xbf, 0xa0, 0x6, 0xcd, 0xd6, 0x8, 0x3, 0xf7,
    0x49, 0x37, 0x42, 0x1, 0xfa, 0x80, 0xb, 0x86,
    0x0, 0x34, 0x0, 0x97, 0x4, 0x2, 0x74, 0xa0,
    0x97, 0xd2, 0x0, 0xe2, 0xa5, 0x10, 0x2, 0xc5,
    0x30, 0x2, 0x53, 0xc0, 0x31, 0x61, 0xc8, 0x1,
    0xe9, 0xd4, 0x3, 0x57, 0x0, 0x49, 0x85, 0xa0,
    0x4, 0x88, 0x80, 0x3c, 0x60, 0x8, 0xb5, 0xd1,
    0x0, 0x26, 0x38, 0x7, 0xe7, 0xe7, 0x8b, 0x10,
    0xc, 0x60, 0x1f, 0xdc, 0x9c, 0xe0, 0x1f, 0xe2,
    0xf2, 0x0, 0xa6, 0x84, 0x3, 0xc0,

    /* U+5F85 "待" */
    0x0, 0xc3, 0x22, 0x1, 0xd0, 0xa0, 0x1f, 0xea,
    0x51, 0x0, 0xe4, 0xd0, 0xf, 0xea, 0x5d, 0x0,
    0x8, 0xff, 0x80, 0x21, 0xc4, 0xc1, 0x3, 0xee,
    0xc4, 0xdd, 0xd8, 0x80, 0x18, 0x1e, 0x44, 0x3,
    0xee, 0xc4, 0xdd, 0xd8, 0x80, 0x1d, 0x82, 0x2d,
    0x60, 0x11, 0xff, 0x0, 0x46, 0x0, 0xd3, 0x73,
    0x3e, 0x11, 0x19, 0xf0, 0x6, 0x73, 0xe6, 0xcc,
    0xe2, 0x6c, 0xce, 0x30, 0x3, 0x40, 0x13, 0xff,
    0xfe, 0xa, 0xff, 0x18, 0x3c, 0xa0, 0x7, 0xff,
    0x0, 0x40, 0x23, 0x87, 0x80, 0x0, 0xb3, 0x7e,
    0xd, 0x66, 0x1, 0xcc, 0x0, 0x47, 0x77, 0xf8,
    0x1e, 0xec, 0x20, 0xc0, 0x18, 0xb7, 0x5d, 0xbb,
    0xc1, 0x5b, 0xa1, 0x0, 0xfc, 0xb8, 0x60, 0x1f,
    0xfc, 0x55, 0x56, 0x80, 0x7f, 0xf1, 0xa8, 0x20,
    0x3, 0xff, 0x8d, 0x1c, 0x1, 0xff, 0xc6, 0x66,
    0x22, 0x40, 0x1f, 0xfc, 0x58, 0xbb, 0x22, 0x0,
    0x3c, 0x7e, 0x1, 0xf6, 0x7f, 0xac, 0x3, 0x0,

    /* U+5F97 "得" */
    0x0, 0xc2, 0xe2, 0x2, 0x3f, 0xe0, 0xf, 0x6d,
    0x88, 0x6f, 0x77, 0xea, 0x0, 0xea, 0x1d, 0x0,
    0xa3, 0xff, 0xca, 0x1, 0x86, 0xdf, 0xc4, 0x2,
    0xe2, 0x2f, 0x8, 0x6, 0xc0, 0xc2, 0x10, 0x9,
    0xff, 0xfc, 0x80, 0x1a, 0x6c, 0x4b, 0x94, 0x1,
    0x3b, 0xbe, 0x50, 0xc, 0x80, 0xf, 0x55, 0x0,
    0x27, 0x77, 0xca, 0x1, 0xe9, 0x2a, 0x0, 0x76,
    0xf7, 0x7b, 0x24, 0x3, 0x4b, 0x0, 0x42, 0x64,
    0x5f, 0x8c, 0x40, 0x16, 0xca, 0x0, 0x1e, 0xef,
    0xfa, 0x81, 0x52, 0xfc, 0x0, 0x3f, 0xff, 0x50,
    0x7f, 0xac, 0x17, 0x50, 0x2, 0x12, 0x2f, 0x8c,
    0x8, 0xa0, 0x1, 0x0, 0x69, 0xdd, 0xfa, 0x43,
    0x76, 0x0, 0xfa, 0x3f, 0xaf, 0xff, 0x50, 0x7f,
    0xc0, 0x1f, 0xcf, 0x66, 0x1, 0x8, 0x7, 0xff,
    0x5, 0x99, 0xa2, 0x1, 0xff, 0xc5, 0x92, 0x90,
    0xf, 0xfe, 0x36, 0xc1, 0x91, 0x80, 0x7f, 0x8,
    0x7, 0x8, 0x6e, 0xa5, 0xc0, 0x30,

    /* U+606F "息" */
    0x0, 0xfe, 0xc9, 0x0, 0xff, 0xe2, 0x11, 0xe8,
    0x7, 0xfc, 0x3f, 0xfb, 0x42, 0xff, 0xf8, 0x3,
    0xf5, 0x6e, 0xfe, 0x90, 0xf, 0xe1, 0x33, 0xfe,
    0x0, 0xfe, 0xbe, 0xef, 0xd4, 0x1, 0xfd, 0x9f,
    0xff, 0xac, 0x3, 0xf9, 0xc4, 0x7f, 0x80, 0x3f,
    0xaf, 0xbb, 0xf5, 0x0, 0x7f, 0x67, 0xff, 0xeb,
    0x0, 0xfe, 0x44, 0xfe, 0x30, 0xf, 0x84, 0xee,
    0x22, 0x98, 0x8d, 0x66, 0x1, 0xf6, 0x77, 0x32,
    0xa, 0x33, 0x38, 0xc0, 0x32, 0x70, 0x4d, 0x82,
    0x55, 0xa8, 0x4, 0xd8, 0x40, 0x17, 0xa0, 0x7,
    0x2c, 0xc0, 0x1, 0x98, 0x9e, 0x0, 0x44, 0x48,
    0x7, 0x9b, 0x40, 0x12, 0x92, 0x4a, 0x10, 0xa6,
    0x2, 0x89, 0x19, 0xc8, 0xe0, 0xa4, 0xc4, 0x1b,
    0x60, 0x9, 0xb, 0xb6, 0x65, 0x72, 0xe2, 0x12,
    0xe0,

    /* U+611F "感" */
    0x0, 0xff, 0xe9, 0x9f, 0x84, 0x59, 0x0, 0x7f,
    0xf0, 0x84, 0x1, 0x1b, 0x82, 0x1, 0x97, 0xbb,
    0xf6, 0x7, 0x72, 0x7, 0xf8, 0x3, 0xe, 0xef,
    0xe0, 0x8d, 0xd6, 0x6e, 0x80, 0x30, 0x99, 0xff,
    0x9, 0x98, 0x0, 0x60, 0x1c, 0x7f, 0xfe, 0x45,
    0xd0, 0x7, 0x58, 0x6, 0x22, 0x1f, 0xff, 0x93,
    0xd0, 0x10, 0xa4, 0x3, 0x7b, 0x87, 0x7f, 0xed,
    0x7, 0x13, 0xa7, 0x10, 0xc, 0x24, 0x3, 0x9f,
    0xec, 0x30, 0x14, 0xd3, 0x80, 0xe, 0x4f, 0x0,
    0x8, 0x7, 0x88, 0x78, 0x1, 0x60, 0x1, 0x27,
    0x0, 0x4d, 0x52, 0x0, 0x12, 0xc3, 0x20, 0x4,
    0x0, 0x42, 0x8, 0x57, 0x7f, 0xba, 0xf1, 0xf3,
    0x56, 0xa4, 0x80, 0x28, 0x0, 0x22, 0x15, 0x40,
    0xb3, 0x86, 0x6c, 0x15, 0x90, 0x4, 0x9b, 0x5,
    0xd0, 0x2, 0x6d, 0x48, 0x0, 0xed, 0x88, 0x1,
    0x34, 0x0, 0x76, 0x3e, 0x0, 0x11, 0x42, 0x40,
    0x21, 0x89, 0x0, 0xf6, 0xd8, 0x2, 0x1a, 0x58,
    0x80, 0x16, 0x6e, 0x6, 0xc4, 0x22, 0x6, 0x13,
    0x39, 0xe, 0x80, 0x13, 0xc0, 0xa, 0xd, 0xee,
    0xec, 0x54, 0xc, 0x80,

    /* U+6191 "憑" */
    0x0, 0x18, 0x7, 0x8, 0xff, 0x80, 0x24, 0xcc,
    0x18, 0x1, 0xfb, 0xfe, 0xee, 0x7f, 0xe0, 0x9,
    0x35, 0xf1, 0x80, 0x7, 0xdd, 0xd, 0xf7, 0x60,
    0xc, 0x57, 0x28, 0x0, 0x3d, 0xd8, 0x6b, 0x76,
    0x40, 0xf, 0x31, 0x0, 0xb, 0x76, 0x1b, 0xdd,
    0x90, 0x3, 0xfc, 0x57, 0x70, 0xcd, 0xdc, 0x60,
    0x1e, 0x37, 0x0, 0x14, 0x44, 0x17, 0x11, 0x10,
    0x7, 0xbb, 0x40, 0x22, 0x28, 0x44, 0x45, 0x0,
    0x7a, 0x8e, 0xc0, 0x7, 0xff, 0x4, 0x7f, 0xdc,
    0xc0, 0x13, 0xad, 0x9, 0x7, 0x6f, 0x66, 0x39,
    0xbb, 0x82, 0x60, 0x4, 0x87, 0x40, 0xae, 0xc,
    0x16, 0xf0, 0xf9, 0x1, 0x60, 0x1, 0x24, 0x1,
    0xbd, 0x2, 0x24, 0xe4, 0xf0, 0x80, 0x60, 0x6,
    0xb0, 0x3, 0xc9, 0x9b, 0x90, 0x28, 0x9f, 0xad,
    0xc0, 0x39, 0x95, 0x38, 0xd6, 0xec, 0x20, 0x7,
    0x76, 0xc0, 0x6, 0x19, 0x0, 0x32, 0xb7, 0x6,
    0x0, 0x45, 0x84, 0x1, 0xa0, 0x94, 0x3, 0xab,
    0x0, 0xfa, 0x93, 0x4, 0x1, 0xd, 0xc0, 0x16,
    0x19, 0xc4, 0x72, 0x61, 0x4b, 0xa0, 0xf, 0xb3,
    0x0, 0x4a, 0x66, 0x72, 0x40, 0x2, 0xac, 0x0,

    /* U+61C9 "應" */
    0x0, 0xff, 0xe8, 0x46, 0x0, 0x7f, 0x88, 0xbe,
    0xc3, 0x92, 0x2f, 0x80, 0x1f, 0xbb, 0xeb, 0x6,
    0xdd, 0xf6, 0x0, 0x53, 0xfe, 0xd5, 0xff, 0x26,
    0xfa, 0x5f, 0xfd, 0xc0, 0x1e, 0x93, 0x8, 0x62,
    0xd, 0x90, 0xf, 0xe5, 0x48, 0x17, 0x2e, 0xe4,
    0x97, 0x74, 0x80, 0x18, 0xe8, 0x45, 0xa1, 0x7d,
    0xcc, 0x1e, 0xe9, 0x0, 0x2f, 0xc3, 0xb, 0x1,
    0x9c, 0xc7, 0xe, 0x62, 0x80, 0x31, 0x34, 0x7,
    0xe8, 0x4e, 0x63, 0x87, 0x31, 0x40, 0x11, 0xf4,
    0x80, 0x10, 0x42, 0x73, 0x1c, 0x39, 0x8b, 0x0,
    0xc2, 0x1, 0xe9, 0xcc, 0x70, 0xe6, 0x2c, 0x2,
    0x17, 0x0, 0xf5, 0xf7, 0x30, 0x7b, 0xaa, 0x1,
    0x2, 0x6, 0x70, 0x3, 0xbb, 0x7b, 0xfd, 0xdd,
    0x50, 0x28, 0x8, 0xe, 0x84, 0x5f, 0x73, 0x54,
    0x19, 0x0, 0x23, 0x30, 0x2, 0x30, 0x19, 0xad,
    0x8f, 0x2, 0xb3, 0x0, 0x62, 0x82, 0x22, 0x40,
    0x39, 0x69, 0x4a, 0x74, 0x44, 0x94, 0x77, 0x22,
    0x0, 0x32, 0x2d, 0xde, 0xc5, 0x4, 0x66, 0x29,
    0x60, 0x3, 0x46, 0xee, 0x5a, 0xe, 0xa3, 0xc0,
    0x16, 0x0, 0xa3, 0xff, 0xb8, 0xc0, 0x8c,

    /* U+6210 "成" */
    0x0, 0xff, 0xad, 0x5, 0xc0, 0x3f, 0xf8, 0x88,
    0x47, 0x7c, 0xa0, 0x1f, 0xfc, 0x42, 0xc8, 0xa8,
    0x0, 0xc2, 0x89, 0xf8, 0x3d, 0x10, 0x50, 0x8,
    0x1, 0x25, 0xdf, 0xe0, 0x6b, 0xba, 0x1e, 0xc0,
    0x3b, 0xff, 0xe3, 0x6f, 0xff, 0x0, 0x7f, 0xf0,
    0x18, 0x80, 0x22, 0x10, 0xf, 0x22, 0x70, 0x0,
    0x9c, 0x2, 0xc9, 0x0, 0xf5, 0xdf, 0x10, 0x71,
    0x0, 0x10, 0x68, 0x3, 0x18, 0x7f, 0xda, 0x1,
    0x10, 0x88, 0x3d, 0x8, 0x3, 0x8, 0x7, 0x8c,
    0x14, 0x14, 0xd3, 0x80, 0x3b, 0xc4, 0x2, 0x10,
    0x8, 0x4b, 0x3c, 0xd4, 0x3, 0x84, 0x80, 0x27,
    0x1, 0x0, 0x3b, 0x8f, 0x80, 0x3c, 0x4c, 0x1,
    0x8, 0x6, 0xc0, 0x72, 0x0, 0x18, 0x4, 0x9a,
    0x4a, 0xa9, 0x30, 0x2, 0x48, 0x78, 0x0, 0x70,
    0x41, 0x1, 0x42, 0x20, 0x10, 0xf, 0x68, 0xb0,
    0x40, 0x40, 0x21, 0x6, 0x44, 0xdd, 0x60, 0xf4,
    0x3d, 0xd8, 0xb1, 0xe1, 0x0, 0x4a, 0x0, 0x3b,
    0x57, 0x60, 0x7, 0x12, 0x56, 0x0, 0x7d, 0x0,
    0x3a, 0x2c, 0x80, 0x21, 0xae, 0xe1, 0x80,

    /* U+6212 "戒" */
    0x0, 0xff, 0x32, 0x81, 0x88, 0x7, 0xff, 0xb,
    0x7c, 0x23, 0xd4, 0x3, 0xff, 0x82, 0x20, 0xb,
    0x8a, 0x80, 0x1, 0xaa, 0xff, 0x33, 0x15, 0x46,
    0xc6, 0x60, 0x8a, 0xaf, 0xe3, 0x35, 0x54, 0xc9,
    0x21, 0x7f, 0xdb, 0xfe, 0xed, 0xff, 0x39, 0xff,
    0xf5, 0x0, 0x4d, 0xc0, 0x9, 0x90, 0x3, 0x88,
    0x2, 0x42, 0x0, 0xff, 0xe0, 0x10, 0x80, 0x52,
    0xa0, 0x1f, 0xfc, 0x7, 0x1, 0x3, 0x26, 0x0,
    0x11, 0x38, 0x48, 0x82, 0xe4, 0x50, 0x10, 0x5a,
    0x8, 0x3, 0xb5, 0x8b, 0x74, 0xc7, 0xba, 0x0,
    0x28, 0xbf, 0x0, 0x59, 0xec, 0x7f, 0xe6, 0x4f,
    0xf0, 0xa6, 0x49, 0x28, 0x7, 0x1b, 0x0, 0x4,
    0x3, 0x1a, 0x3c, 0x80, 0x79, 0xf4, 0x3, 0xec,
    0x13, 0x40, 0x1, 0x80, 0x4, 0x8c, 0x3, 0xe3,
    0xb, 0x0, 0xb0, 0x41, 0x85, 0x0, 0x3c, 0x90,
    0x54, 0x0, 0x10, 0x12, 0x99, 0x0, 0x78, 0xe9,
    0xb0, 0x98, 0x8, 0x42, 0x55, 0xc0, 0x28, 0xb4,
    0xc5, 0x91, 0x89, 0x88, 0x20, 0x55, 0x0, 0x3c,
    0x6b, 0x60, 0x7, 0x86, 0x64, 0x0, 0x88, 0x3,
    0xcf, 0x40, 0x19, 0xfb, 0x48, 0x0,

    /* U+623F "房" */
    0x0, 0xfe, 0xd4, 0x0, 0xff, 0xe2, 0xb7, 0x80,
    0x7f, 0x8f, 0xff, 0xc8, 0x8f, 0xff, 0x28, 0x7,
    0x56, 0x67, 0xfc, 0x6, 0x1, 0xce, 0x67, 0xff,
    0x8, 0x7, 0x9c, 0xcf, 0xfe, 0x10, 0xf, 0x56,
    0x67, 0xfc, 0x6, 0x1, 0xdb, 0xff, 0xcb, 0x5f,
    0xfc, 0xa0, 0x1c, 0x60, 0x1d, 0xb6, 0x1, 0xfc,
    0xe0, 0x3, 0x3e, 0x43, 0x53, 0x3e, 0x0, 0x88,
    0xb, 0x76, 0xcc, 0x69, 0xde, 0xef, 0x8, 0x0,
    0x48, 0xfb, 0xa9, 0x1e, 0xef, 0xc2, 0x0, 0xd1,
    0x0, 0xde, 0x45, 0xf8, 0x3, 0x3a, 0x0, 0x67,
    0x3c, 0xce, 0xdd, 0x0, 0x42, 0x58, 0x1, 0x30,
    0xef, 0x77, 0x29, 0x0, 0x4e, 0xa, 0x0, 0x49,
    0x62, 0x0, 0xe6, 0x70, 0xa, 0xd8, 0x45, 0x16,
    0xb2, 0x0, 0x11, 0x8c, 0xd8, 0x0, 0x23, 0xb0,
    0xd5, 0xaa, 0x0, 0x4d, 0xdc, 0xc4, 0x60, 0x1,
    0x71, 0x6, 0x6a, 0x80, 0x67, 0xff, 0xac, 0x2,

    /* U+6253 "打" */
    0x0, 0xdc, 0xc0, 0x1f, 0xfc, 0xa3, 0x44, 0xff,
    0x0, 0x7f, 0x4d, 0xdf, 0xf8, 0x80, 0x3f, 0x57,
    0xff, 0xb, 0xff, 0xc4, 0x1d, 0xd0, 0xcf, 0x70,
    0xc0, 0x3d, 0xe0, 0x1d, 0x77, 0x2, 0xdd, 0x88,
    0x3, 0xff, 0x80, 0xab, 0xe, 0x2a, 0x84, 0x3,
    0xff, 0xb4, 0x64, 0x1, 0xff, 0xc2, 0x11, 0x5f,
    0xe3, 0x80, 0x7f, 0xf0, 0x23, 0x78, 0x6, 0xb9,
    0x40, 0x3f, 0xf8, 0x8, 0xb6, 0x14, 0xa2, 0x1,
    0xff, 0xc1, 0xc8, 0x41, 0x0, 0xff, 0xff, 0x80,
    0xa2, 0x4, 0xc0, 0x31, 0xa2, 0x14, 0x44, 0x1,
    0xc7, 0x76, 0x34, 0x0, 0xc9, 0x76, 0xa2, 0x40,
    0xe, 0x2f, 0xf6, 0x8, 0x6, 0x7e, 0xe7, 0xe9,
    0x0, 0x60,

    /* U+6267 "执" */
    0x0, 0x8e, 0x0, 0x39, 0x20, 0x3, 0xfe, 0x56,
    0x0, 0xe2, 0x60, 0xf, 0xff, 0x2a, 0x23, 0xc1,
    0x10, 0x26, 0x6e, 0x13, 0x3c, 0x20, 0x1a, 0xec,
    0xc3, 0x76, 0x9c, 0xc3, 0x86, 0x66, 0x60, 0xd,
    0xfe, 0x91, 0xff, 0x47, 0xfa, 0xb, 0xfe, 0x10,
    0xf, 0xfe, 0x17, 0x88, 0x6, 0x10, 0xf, 0xfe,
    0x8, 0xb8, 0x7, 0xff, 0x4, 0xe1, 0x35, 0x48,
    0x80, 0x1f, 0xe4, 0xd1, 0xc5, 0x6a, 0xa2, 0x8,
    0x7, 0xe2, 0xfb, 0x51, 0xdd, 0x13, 0xe8, 0x3c,
    0x0, 0x7c, 0x51, 0xb0, 0x4, 0x1, 0x38, 0x53,
    0x69, 0x0, 0x79, 0xc8, 0x3, 0xde, 0x8b, 0xec,
    0xa6, 0x1, 0xff, 0xc0, 0x25, 0xe0, 0x1b, 0x71,
    0x10, 0x7, 0xfd, 0xc6, 0xa0, 0x19, 0xfc, 0x30,
    0x40, 0x3e, 0xa3, 0xe0, 0xe, 0x33, 0x1, 0x80,
    0x9, 0x3c, 0xc7, 0x16, 0xc8, 0x3, 0xb1, 0x20,
    0x44, 0x9, 0x6f, 0x60, 0xc, 0x40, 0xf, 0x23,
    0x32, 0x0, 0xd, 0xfc, 0xc3, 0x86, 0x1, 0xfa,
    0x79, 0x80,

    /* U+626B "扫" */
    0x0, 0xc4, 0x1, 0xff, 0xc6, 0xc5, 0x0, 0xff,
    0xe4, 0x89, 0x17, 0xf0, 0x7, 0xf4, 0x6e, 0xff,
    0x0, 0x7f, 0x46, 0xef, 0xd2, 0x1, 0x77, 0xf8,
    0x6b, 0xfc, 0x24, 0x5f, 0x80, 0x2a, 0xbb, 0x3,
    0xdd, 0x80, 0x3f, 0xf8, 0x8, 0x90, 0xea, 0x20,
    0x3, 0xff, 0xb6, 0xab, 0xf6, 0x0, 0x7d, 0xad,
    0x65, 0x55, 0xf3, 0x80, 0x48, 0xf6, 0x2f, 0x64,
    0x7f, 0xff, 0x58, 0x5, 0x74, 0x41, 0x3b, 0x22,
    0x1, 0xff, 0x76, 0xc8, 0x98, 0x7, 0xff, 0x8,
    0x40, 0x3f, 0xfc, 0x6, 0x89, 0xf1, 0x80, 0x42,
    0x68, 0x20, 0x14, 0x5d, 0xfd, 0x0, 0x11, 0xe5,
    0x9a, 0x0, 0x2f, 0xff, 0xeb, 0x0, 0x8b, 0xfd,
    0x82, 0x1, 0xfe, 0x4f, 0x0,

    /* U+62A5 "报" */
    0x0, 0x87, 0x8, 0x2, 0x11, 0xfe, 0x0, 0xf1,
    0x88, 0x1, 0xfb, 0xbf, 0x60, 0x7, 0xfc, 0x5b,
    0xbe, 0x51, 0x0, 0xff, 0xe0, 0x11, 0x78, 0x18,
    0x2, 0xdd, 0x60, 0x76, 0xb8, 0x7, 0xe7, 0x20,
    0xa, 0xed, 0x40, 0xb6, 0x80, 0x1b, 0x3f, 0xbc,
    0xac, 0x2, 0x66, 0x82, 0xd8, 0xc0, 0x36, 0xeb,
    0x37, 0xcc, 0x3, 0xfe, 0x34, 0x42, 0xb3, 0x48,
    0x80, 0xf, 0xf8, 0x6e, 0xff, 0x28, 0x7, 0xaa,
    0xe4, 0xb, 0x3, 0xbf, 0xea, 0x5, 0x0, 0x1c,
    0x60, 0x30, 0x68, 0x0, 0xcd, 0x20, 0x17, 0xa0,
    0x0, 0xf1, 0xd8, 0x32, 0xd0, 0x2, 0xa6, 0x0,
    0xa, 0xe8, 0x0, 0xef, 0xe8, 0x3, 0xe6, 0x39,
    0x8, 0x26, 0x0, 0x90, 0x3, 0xfd, 0x2c, 0xd4,
    0x0, 0x7f, 0xf0, 0xd1, 0x64, 0xd4, 0x3, 0xff,
    0x8c, 0x22, 0x0, 0xff, 0xe1, 0xd2, 0xd0, 0x79,
    0x80, 0x46, 0x64, 0x1, 0x0, 0xc7, 0xa9, 0x8b,
    0x87, 0x92, 0x0, 0xec, 0xa5, 0x20, 0xd, 0x6d,
    0xe6, 0x3, 0xb0, 0x60, 0xd, 0xff, 0x50, 0x4,
    0xfb, 0x16, 0x20, 0x19, 0xe8, 0x0,

    /* U+62C6 "拆" */
    0x0, 0x85, 0x0, 0x3f, 0xe2, 0x0, 0xf2, 0x50,
    0x7, 0x85, 0x1a, 0xb7, 0x52, 0x1, 0xff, 0x67,
    0x7c, 0x7e, 0xcf, 0xc8, 0x7, 0xfc, 0x75, 0xd9,
    0x2e, 0x80, 0x1d, 0xdc, 0xa1, 0xee, 0x30, 0x1,
    0xc0, 0x3f, 0xd1, 0x6, 0x8, 0x82, 0x0, 0x7f,
    0xf0, 0x59, 0x98, 0x2c, 0xc2, 0x0, 0x22, 0xaf,
    0xe0, 0xf, 0xfa, 0x2a, 0xbf, 0x0, 0x7f, 0x8,
    0x67, 0xfb, 0x83, 0x3f, 0xe0, 0xe, 0x15, 0xa3,
    0x0, 0x8, 0x7, 0xf8, 0x57, 0x82, 0x98, 0xc,
    0x1, 0x6, 0x1, 0xf1, 0x75, 0x28, 0x76, 0x18,
    0x81, 0x96, 0x50, 0x7, 0x8a, 0x36, 0xc4, 0x40,
    0x6, 0x11, 0x56, 0x80, 0x24, 0x40, 0x33, 0x90,
    0x7, 0x11, 0x0, 0x5, 0x40, 0xbe, 0xa0, 0x1f,
    0xeb, 0x40, 0xe, 0xb7, 0xa7, 0x0, 0xfe, 0x3c,
    0x0, 0xe7, 0x9a, 0x60, 0xf, 0xce, 0x8, 0x1,
    0xf2, 0x88, 0x0, 0x93, 0x0, 0x29, 0x70, 0xf,
    0xfe, 0x3, 0xdb, 0xc8, 0xa, 0xc8, 0x7, 0xfc,

    /* U+62D6 "拖" */
    0x0, 0x9a, 0x40, 0x30, 0xd0, 0x80, 0x7f, 0xdc,
    0xa0, 0x19, 0xd0, 0x40, 0x3f, 0xf8, 0xb4, 0xe0,
    0x1f, 0xfc, 0x52, 0x36, 0xee, 0xfc, 0x3, 0x76,
    0x53, 0xba, 0xb, 0x4b, 0xaa, 0x5d, 0x57, 0x0,
    0x7e, 0x26, 0x94, 0x4a, 0x99, 0x13, 0x0, 0xdd,
    0x94, 0xee, 0xb9, 0x48, 0x3, 0xff, 0x88, 0x41,
    0x7a, 0x80, 0x1c, 0xd0, 0x1, 0xf8, 0xb0, 0x4c,
    0x3, 0x4f, 0xc3, 0x0, 0x78, 0x49, 0x80, 0x23,
    0x8e, 0x2, 0xca, 0x0, 0xe4, 0x41, 0x6d, 0xb,
    0xc, 0x15, 0x85, 0x98, 0x6, 0x2f, 0xb2, 0x27,
    0x66, 0xd0, 0x55, 0x14, 0x3, 0xe2, 0xae, 0x61,
    0x10, 0x66, 0x4, 0x40, 0x1c, 0x26, 0x1, 0x28,
    0x80, 0x7f, 0xf0, 0x1f, 0x98, 0x3, 0xff, 0x8a,
    0x39, 0x20, 0x1f, 0xfc, 0x3c, 0x26, 0x72, 0xc1,
    0x0, 0xff, 0x8, 0x0, 0xc0, 0x21, 0x31, 0x3,
    0x42, 0x0, 0xe2, 0xe5, 0x44, 0xe8, 0x30, 0x5,
    0xd9, 0xe4, 0x3, 0x7b, 0xc5, 0x57, 0x2f, 0x80,

    /* U+62E9 "择" */
    0x0, 0x84, 0xc0, 0x3f, 0xf8, 0xc9, 0xa0, 0x16,
    0xef, 0xf8, 0x80, 0x3f, 0xa1, 0xa, 0xe2, 0x30,
    0x31, 0x0, 0x7f, 0x2c, 0x9f, 0xaa, 0xda, 0x54,
    0x1, 0x77, 0x28, 0x7b, 0x8a, 0x0, 0xe7, 0x90,
    0x97, 0xb1, 0x0, 0xae, 0xcc, 0x17, 0x64, 0x0,
    0x16, 0xbf, 0x3e, 0x20, 0x6, 0x55, 0x60, 0xaa,
    0x84, 0x2, 0x50, 0x13, 0x70, 0xf, 0xfe, 0xa,
    0xec, 0xb6, 0xbd, 0xd1, 0x80, 0x7f, 0x3f, 0x53,
    0xec, 0x15, 0x5b, 0x66, 0xa0, 0x6, 0x15, 0x92,
    0x9e, 0xa2, 0x3c, 0x4, 0xcd, 0x55, 0x1, 0xbc,
    0x4, 0xa, 0x32, 0xa2, 0x46, 0x89, 0xc, 0x8,
    0xb2, 0x98, 0x36, 0x5, 0xee, 0xe8, 0xb, 0xbb,
    0x80, 0x3, 0xdb, 0xc2, 0x1, 0x37, 0xfd, 0x61,
    0xff, 0x68, 0x4, 0x20, 0x1f, 0xfc, 0xda, 0xff,
    0xd6, 0x1f, 0xfc, 0xa0, 0x1f, 0x46, 0x66, 0x80,
    0xcc, 0xe4, 0x0, 0xf8, 0x8c, 0xf8, 0xc, 0xf8,
    0x40, 0x93, 0x0, 0x3f, 0xf8, 0xa9, 0x6f, 0x20,
    0x1f, 0xfc, 0x30,

    /* U+6302 "挂" */
    0x0, 0x97, 0x80, 0x3e, 0x8a, 0x0, 0xff, 0xe3,
    0xb, 0x0, 0x7f, 0xf0, 0x88, 0xb1, 0x89, 0x16,
    0x0, 0xff, 0x76, 0xec, 0xa5, 0xbb, 0x80, 0x2d,
    0xea, 0x1e, 0xe1, 0x67, 0xfc, 0xc7, 0xff, 0x80,
    0x28, 0xb6, 0xb, 0xb1, 0x80, 0x7f, 0xf0, 0x55,
    0x58, 0x2a, 0xa1, 0x0, 0xff, 0xe3, 0xbe, 0xee,
    0x63, 0xdd, 0xe0, 0xf, 0xc9, 0x77, 0xa6, 0x57,
    0x7c, 0x1, 0xc2, 0xb4, 0xec, 0xd8, 0x81, 0x9b,
    0x80, 0x6, 0xf2, 0x16, 0xc, 0x1, 0xb6, 0x80,
    0x3e, 0xca, 0x70, 0xea, 0x23, 0x3e, 0x13, 0x3c,
    0x1, 0x76, 0xf0, 0x80, 0x7, 0x33, 0x29, 0x66,
    0x64, 0x0, 0x8, 0x7, 0xf, 0xfe, 0x63, 0xff,
    0xc8, 0x1, 0xff, 0xde, 0x33, 0x60, 0x0, 0x95,
    0x78, 0x85, 0x57, 0x80, 0x15, 0x8f, 0x20, 0xb5,
    0x5c, 0x85, 0x55, 0xc4, 0x13, 0xfc, 0xe0, 0xff,
    0xff, 0xfc, 0x2,

    /* U+6307 "指" */
    0x0, 0x8b, 0x0, 0x21, 0xa1, 0x0, 0xff, 0xe0,
    0x9, 0x88, 0x0, 0xd4, 0xc0, 0x31, 0x38, 0x80,
    0x7f, 0xf0, 0x45, 0x63, 0x75, 0x68, 0x1, 0xff,
    0xc0, 0xce, 0x91, 0x8e, 0xc5, 0x0, 0xf, 0x73,
    0x43, 0xf9, 0xc0, 0x17, 0xf9, 0x2a, 0x20, 0x54,
    0x3, 0x76, 0x90, 0x8b, 0x50, 0x3, 0x80, 0x79,
    0x94, 0x0, 0xaa, 0x40, 0x75, 0x23, 0x5, 0x22,
    0xf7, 0x18, 0x7, 0xf0, 0xb4, 0x6e, 0xf9, 0x20,
    0x3, 0xfd, 0x3f, 0xdd, 0xf2, 0x0, 0x7a, 0x72,
    0x80, 0x88, 0x67, 0xe2, 0x0, 0x92, 0x74, 0x15,
    0x24, 0xb7, 0x7f, 0x8c, 0xa, 0xd5, 0xc3, 0x20,
    0xc0, 0x1b, 0xff, 0xdc, 0x1, 0x17, 0xe5, 0x0,
    0x7f, 0xf3, 0xb7, 0xff, 0xb8, 0x3, 0xff, 0x83,
    0x7b, 0xbd, 0x80, 0x1f, 0xfc, 0x16, 0x22, 0xf0,
    0x7, 0xff, 0x5, 0x13, 0xe0, 0xc, 0x46, 0xa0,
    0x20, 0x1a, 0xe6, 0x7a, 0x0, 0x33, 0xe4, 0x30,
    0x7, 0x7e, 0xef, 0x60, 0x80, 0x4b, 0xfd, 0x20,
    0x11, 0x79, 0x0, 0x70, 0xf1, 0x80,

    /* U+636E "据" */
    0x0, 0x8c, 0xc0, 0x1f, 0xfc, 0x6b, 0x90, 0xb,
    0xff, 0xfc, 0x60, 0x1f, 0xe8, 0xcc, 0xf5, 0x80,
    0x7f, 0xf0, 0xc, 0xfe, 0x40, 0x8, 0x6e, 0xcc,
    0x97, 0x60, 0xf, 0xfe, 0x11, 0x98, 0x8c, 0xe0,
    0x5, 0xff, 0xfc, 0x1, 0xc, 0x41, 0x1e, 0x20,
    0x0, 0x8d, 0xd8, 0x63, 0x76, 0x30, 0xf, 0xf1,
    0x91, 0x40, 0x45, 0x80, 0x3f, 0x84, 0x31, 0x56,
    0xc, 0x55, 0xc0, 0x1c, 0x2b, 0x20, 0x6, 0x88,
    0x85, 0xe2, 0x30, 0x82, 0x42, 0xa4, 0x89, 0x86,
    0x6e, 0xc3, 0x7b, 0xb8, 0x4e, 0x88, 0x53, 0x21,
    0x80, 0x80, 0x3f, 0xc7, 0xd4, 0x82, 0x0, 0x21,
    0x4f, 0xf8, 0x6b, 0xfe, 0x40, 0xf, 0xde, 0xa0,
    0x3b, 0xbe, 0x10, 0xf, 0xe4, 0x20, 0x1, 0x17,
    0x80, 0x3f, 0x88, 0x9a, 0x1, 0xff, 0xc5, 0xb0,
    0x40, 0x1, 0x17, 0x80, 0x32, 0x2a, 0x0, 0xb3,
    0x80, 0x7, 0x33, 0xc2, 0x1, 0x64, 0x3c, 0x8a,
    0xc8, 0x0, 0x7b, 0xbc, 0x40, 0x0,

    /* U+6383 "掃" */
    0x0, 0x8c, 0xc0, 0x10, 0x8f, 0xf0, 0x7, 0x5c,
    0x80, 0x5f, 0xdd, 0xf9, 0x40, 0x3f, 0xbb, 0xff,
    0xe1, 0x0, 0xff, 0x1e, 0xef, 0xc2, 0x0, 0x2e,
    0xe3, 0xaf, 0x70, 0xf, 0xff, 0xe1, 0x0, 0x1b,
    0x30, 0xc9, 0x98, 0x2, 0x67, 0xf0, 0x4, 0x31,
    0x4, 0x78, 0x81, 0x77, 0x7e, 0x10, 0xf, 0xe2,
    0xff, 0xfe, 0x50, 0xf, 0x87, 0xff, 0xfe, 0xa0,
    0x8, 0x93, 0xb4, 0x33, 0x76, 0x19, 0xdd, 0x98,
    0xe, 0xfd, 0x4e, 0xf0, 0x8, 0xb0, 0x11, 0x61,
    0x1, 0x15, 0xb3, 0xa8, 0x2b, 0x7f, 0xc3, 0x7f,
    0xf2, 0x61, 0x52, 0x8, 0x5, 0x42, 0x7b, 0xa1,
    0x9d, 0xd1, 0xd3, 0x0, 0x7f, 0x88, 0x80, 0x45,
    0x38, 0x7, 0xff, 0x65, 0xc0, 0x3f, 0xf8, 0x91,
    0xe6, 0xa0, 0x3, 0x38, 0x3, 0x36, 0x0, 0x68,
    0xdf, 0x30, 0x5, 0x63, 0x70, 0x7, 0xf8, 0x80,
    0x20,

    /* U+639B "掛" */
    0x0, 0x88, 0xc0, 0x30, 0xa0, 0x4, 0x28, 0x1,
    0xf5, 0x48, 0x6, 0x5a, 0x0, 0x92, 0x80, 0x3f,
    0xfa, 0x7d, 0xca, 0x1e, 0xe3, 0x80, 0x78, 0x7b,
    0x8e, 0xbd, 0x1d, 0xca, 0x1e, 0xe3, 0x80, 0x78,
    0x6e, 0xc8, 0x77, 0x60, 0xf, 0xfe, 0x12, 0xa8,
    0xd9, 0x4c, 0x0, 0x20, 0x1c, 0x20, 0x1f, 0xe8,
    0xff, 0x50, 0xff, 0xc0, 0xb, 0x10, 0xf, 0xd5,
    0xfe, 0xec, 0xff, 0x80, 0x45, 0x84, 0x1, 0x85,
    0xf7, 0xc0, 0xb, 0xa0, 0x1d, 0x4f, 0x86, 0x2f,
    0x8c, 0x69, 0xc0, 0x1f, 0xea, 0x45, 0x38, 0x64,
    0x44, 0x99, 0xe1, 0x33, 0x10, 0x6, 0xa6, 0x2f,
    0xa3, 0x0, 0x1e, 0xea, 0x43, 0x75, 0x20, 0x1f,
    0xfc, 0x3, 0xee, 0x50, 0xf7, 0x2c, 0x3, 0xff,
    0xb2, 0x6b, 0x4, 0x1, 0xff, 0x34, 0x5d, 0xe,
    0x41, 0x0, 0x7c, 0x46, 0x46, 0x16, 0x66, 0xbd,
    0xfd, 0xa2, 0x0, 0xf5, 0xe3, 0xe8, 0x6d, 0xc2,
    0x90, 0x7, 0xfa, 0x7f, 0x50, 0x3, 0xf9, 0x78,
    0x3, 0x0,

    /* U+63A5 "接" */
    0x0, 0x88, 0x80, 0x1f, 0x8, 0x7, 0xfa, 0x2c,
    0x3, 0xc7, 0xc4, 0x1, 0xff, 0xc1, 0x27, 0x79,
    0xb, 0xdd, 0xf2, 0x0, 0x7f, 0xbf, 0x82, 0xa8,
    0x1b, 0xe0, 0x10, 0xf7, 0x15, 0xba, 0x49, 0xc1,
    0x5d, 0xf8, 0x1d, 0x0, 0x6e, 0xc6, 0x97, 0x40,
    0x8, 0x25, 0x0, 0x29, 0xc0, 0x6, 0x55, 0x31,
    0x29, 0x80, 0x50, 0x60, 0xb, 0x80, 0xf, 0xfb,
    0xbf, 0xd3, 0x2f, 0xf0, 0xcf, 0xfc, 0x20, 0x1f,
    0x6e, 0x64, 0xed, 0x99, 0xe1, 0x0, 0xc6, 0xea,
    0x67, 0x97, 0x8c, 0xfc, 0x0, 0x16, 0x75, 0x82,
    0x44, 0x9c, 0x88, 0x89, 0xe1, 0x3e, 0x93, 0x5f,
    0x4a, 0xaa, 0x2, 0xea, 0x97, 0x6a, 0xa2, 0x9d,
    0x7a, 0x18, 0x1f, 0x72, 0x4b, 0xfb, 0xa3, 0x6e,
    0xe2, 0x2, 0x80, 0x78, 0xa2, 0x40, 0x23, 0x35,
    0x0, 0x7f, 0xd6, 0x12, 0xe2, 0x1c, 0x86, 0x1,
    0xff, 0x4e, 0xad, 0x76, 0x95, 0x0, 0x7f, 0xf0,
    0x4a, 0x68, 0xc, 0x34, 0xc0, 0x31, 0x1b, 0x8,
    0xa, 0xc5, 0xf5, 0x53, 0xb1, 0xf2, 0x84, 0x1,
    0x58, 0x36, 0x5, 0x66, 0x6b, 0xd5, 0x3, 0xbb,
    0x3a, 0x0, 0x23, 0xf4, 0xc0, 0xfa, 0xe1, 0x0,
    0x39, 0x35, 0x40,

    /* U+63A7 "控" */
    0x0, 0x84, 0x80, 0x3f, 0xf8, 0xd1, 0x0, 0xf,
    0xb9, 0x80, 0x3f, 0xf8, 0xcd, 0x60, 0x1f, 0xfc,
    0x15, 0x88, 0xc4, 0x49, 0x88, 0xc2, 0x1, 0xf6,
    0x31, 0x9c, 0x28, 0x46, 0x64, 0x73, 0x1f, 0xf3,
    0x2f, 0xe0, 0x25, 0xdf, 0xee, 0x0, 0xd, 0xd9,
    0xe, 0xfc, 0x2, 0x2d, 0x30, 0x97, 0x0, 0x8,
    0x1, 0x10, 0x4c, 0x87, 0x16, 0x3e, 0x86, 0x17,
    0x30, 0x5c, 0x40, 0x1f, 0x9, 0xe3, 0x48, 0x0,
    0xb1, 0xa4, 0x3, 0xf8, 0xf5, 0xec, 0x3, 0x16,
    0x3b, 0x80, 0x39, 0xa6, 0x8e, 0xa8, 0x1, 0xe2,
    0xc7, 0x0, 0x24, 0xb9, 0x97, 0x86, 0x77, 0x7e,
    0xf0, 0x1, 0x5a, 0x1a, 0xda, 0x85, 0xd5, 0x48,
    0x75, 0x54, 0x80, 0xb, 0x35, 0x0, 0x31, 0x22,
    0x44, 0x28, 0x98, 0x2, 0x30, 0xf, 0xff, 0x79,
    0x19, 0x0, 0x4, 0xcf, 0x88, 0x4c, 0xf8, 0x42,
    0xf1, 0x78, 0x17, 0x33, 0x94, 0xb3, 0x39, 0x42,
    0x7f, 0x90, 0x13, 0xff, 0xff, 0x80, 0x80,

    /* U+64A4 "撤" */
    0x0, 0x90, 0x40, 0x30, 0x80, 0x63, 0x30, 0x7,
    0xd4, 0x40, 0x12, 0x78, 0x6, 0xaa, 0x0, 0x7f,
    0x9e, 0x30, 0x6a, 0x20, 0x2b, 0xe0, 0x1f, 0xe1,
    0xe6, 0x5c, 0xee, 0x1, 0xf3, 0x34, 0x21, 0xdc,
    0x1c, 0xe7, 0x50, 0xa0, 0x16, 0x30, 0x3d, 0x9a,
    0x30, 0xbb, 0x3, 0xd8, 0x75, 0x91, 0xc0, 0xa1,
    0xdd, 0x83, 0xc8, 0x15, 0x43, 0x6b, 0x5, 0x59,
    0xc4, 0xd4, 0x40, 0x20, 0x40, 0x1f, 0x5e, 0x7f,
    0x5f, 0x89, 0x88, 0x10, 0x8, 0x7, 0xc3, 0xdb,
    0xb7, 0x8b, 0x19, 0x31, 0x80, 0x7a, 0xad, 0x4f,
    0xfd, 0xc4, 0xd2, 0xa9, 0x8c, 0x1, 0x2d, 0x8b,
    0x0, 0x44, 0x50, 0x5, 0xfe, 0x4c, 0x0, 0xd,
    0x38, 0x5d, 0x94, 0x7b, 0xa0, 0x9, 0x1c, 0x9c,
    0x0, 0x3d, 0x82, 0xe0, 0x1, 0xee, 0x80, 0x22,
    0x2, 0x10, 0x8, 0x40, 0x3f, 0xf8, 0x24, 0x80,
    0x1f, 0xe1, 0xff, 0x70, 0x4, 0x66, 0x70, 0xf,
    0xf0, 0xff, 0xb8, 0x2, 0x85, 0x36, 0x0, 0xff,
    0xe1, 0xb2, 0x5c, 0x40, 0x40, 0x2, 0x62, 0x1,
    0xc4, 0x80, 0x93, 0x21, 0x52, 0xd0, 0x3, 0x62,
    0x18, 0x0, 0xc2, 0xa1, 0xb5, 0xd8, 0x1, 0xac,
    0x0, 0x7f, 0xb0, 0x1, 0xe8, 0x46, 0xcc, 0x40,
    0x2, 0x1a, 0x0,

    /* U+64AD "播" */
    0x0, 0x88, 0xc0, 0x3f, 0xc4, 0x64, 0x1, 0xd5,
    0x20, 0x7, 0xbc, 0xde, 0xfe, 0xbb, 0x23, 0x0,
    0x7f, 0x2f, 0x5e, 0x70, 0xd5, 0xce, 0x38, 0x7,
    0xf1, 0xc, 0x8, 0x6, 0x54, 0x20, 0x0, 0xd5,
    0x15, 0x2a, 0x41, 0x9, 0xc0, 0x34, 0xb8, 0x80,
    0x4c, 0xc3, 0x6, 0x24, 0x4b, 0xd0, 0x71, 0x8f,
    0x91, 0x0, 0x39, 0x86, 0x4c, 0xb9, 0x92, 0x2d,
    0x83, 0xc9, 0x5c, 0xc8, 0x3, 0xf6, 0xec, 0xe6,
    0xc, 0x11, 0xbb, 0x0, 0x7c, 0x20, 0xb, 0x6c,
    0x1d, 0xaa, 0x40, 0x7, 0x85, 0x3b, 0x57, 0x5f,
    0x40, 0x25, 0xc6, 0xd4, 0x1, 0x8d, 0x63, 0xb6,
    0xa7, 0xe0, 0x16, 0x1, 0x2c, 0x6b, 0x45, 0x55,
    0x2b, 0xac, 0x6a, 0x6f, 0x71, 0xef, 0xb9, 0xab,
    0xc8, 0x8d, 0x72, 0x0, 0x11, 0x2, 0xff, 0xc3,
    0x7f, 0xea, 0x1, 0x0, 0xff, 0x8, 0xc0, 0x23,
    0x18, 0x7, 0xff, 0x2, 0xbb, 0x83, 0x5d, 0xc9,
    0x0, 0xff, 0xe0, 0x5f, 0xf8, 0x6f, 0xfd, 0x40,
    0x1f, 0xfc, 0x2, 0x33, 0x1, 0x19, 0x88, 0x3,
    0x11, 0x98, 0x3, 0xa3, 0xb8, 0x77, 0xdc, 0x90,
    0xd, 0x78, 0xbc, 0x1, 0xab, 0x77, 0xd4, 0x60,
    0x14, 0xff, 0x20, 0x5, 0xc8, 0x1, 0xe4, 0xd0,
    0x0,

    /* U+64CD "操" */
    0x0, 0x88, 0x40, 0x3f, 0xf8, 0xd3, 0x20, 0xf,
    0xfe, 0x67, 0x7f, 0xf9, 0x0, 0x3f, 0xf8, 0x37,
    0xff, 0x84, 0x3, 0xff, 0x9b, 0xba, 0x46, 0xd5,
    0x0, 0xa7, 0x33, 0x8, 0x7, 0x44, 0x9, 0x61,
    0xc0, 0x1b, 0xdf, 0xfb, 0x14, 0x3, 0x2a, 0x98,
    0xd4, 0xb3, 0xb7, 0x62, 0xad, 0xd7, 0xf2, 0x0,
    0x7e, 0x1a, 0xfc, 0x10, 0x39, 0xff, 0x18, 0x80,
    0x7f, 0x30, 0x90, 0x4, 0x23, 0x80, 0x3c, 0x54,
    0xc0, 0x20, 0x20, 0x1e, 0x10, 0xc, 0xca, 0xa7,
    0x51, 0xcf, 0xe0, 0xa, 0x7f, 0xc4, 0x1, 0x75,
    0x3, 0x69, 0xe7, 0xfe, 0xae, 0xff, 0xca, 0x0,
    0xec, 0x51, 0x2, 0xdd, 0xe4, 0xad, 0xdd, 0x40,
    0x1f, 0x14, 0xcd, 0x44, 0x2, 0xd3, 0x38, 0x3,
    0xf2, 0x20, 0x66, 0x43, 0xd, 0xc8, 0x83, 0x0,
    0xfc, 0x97, 0x6a, 0x60, 0x2c, 0x6d, 0x50, 0x8,
    0x49, 0x80, 0xb6, 0xcb, 0xd0, 0x2, 0x1c, 0xaa,
    0x58, 0x1, 0x74, 0xec, 0xab, 0xa4, 0x40, 0x3c,
    0xfd, 0x20, 0x4, 0xfe, 0x30, 0x71, 0x0, 0xfe,
    0x12, 0x0,

    /* U+653E "放" */
    0x0, 0xcc, 0xc0, 0xf, 0x4b, 0x0, 0x7f, 0xd0,
    0x1, 0xe6, 0x0, 0xff, 0x98, 0x50, 0x3, 0x20,
    0x20, 0x7, 0xce, 0xf9, 0x71, 0xdc, 0xc1, 0x80,
    0x40, 0x1f, 0x5d, 0xa6, 0x4c, 0x97, 0x6c, 0x4,
    0xf, 0xff, 0x18, 0x66, 0x11, 0x19, 0x9a, 0x84,
    0xdf, 0x32, 0x34, 0xc3, 0x0, 0xff, 0x48, 0x9,
    0x9c, 0x58, 0x60, 0x1c, 0x28, 0x91, 0x83, 0xa,
    0x0, 0x4, 0x48, 0x1, 0xe4, 0xbb, 0xbe, 0x42,
    0x88, 0x41, 0x0, 0xc0, 0x3c, 0xdf, 0xe8, 0x2,
    0x84, 0x17, 0xf, 0x40, 0xf, 0x8, 0x7, 0x5b,
    0x3, 0xd0, 0xaf, 0x0, 0x79, 0x84, 0x1, 0xee,
    0x1, 0x51, 0xc1, 0x28, 0x7, 0x8b, 0x40, 0x2,
    0x1, 0x8d, 0x1a, 0xc0, 0x3c, 0x60, 0xe0, 0x10,
    0x80, 0x78, 0xc0, 0x3d, 0x24, 0x40, 0x1, 0x18,
    0x5, 0x48, 0x8a, 0x30, 0xc, 0x4b, 0x60, 0x13,
    0x88, 0xd, 0x2e, 0x59, 0xe9, 0x80, 0x5c, 0x4c,
    0x46, 0xa7, 0xaf, 0xc9, 0x86, 0x1a, 0x59, 0x0,
    0x44, 0xf0, 0x4c, 0xa4, 0x79, 0x7e, 0x30, 0x0,
    0xe4, 0x28, 0x97, 0x10, 0x37, 0xfa, 0xcb, 0xa0,
    0x3, 0xcf, 0xa2,

    /* U+6548 "效" */
    0x0, 0xd0, 0x60, 0x1e, 0x3a, 0x0, 0xff, 0xb4,
    0x3, 0xc8, 0xe0, 0x1f, 0xe8, 0x6, 0x0, 0xec,
    0x40, 0xf, 0xaf, 0x32, 0xa, 0xcc, 0x84, 0x13,
    0x84, 0x78, 0x1, 0xd5, 0x54, 0x55, 0x61, 0x30,
    0x8e, 0xed, 0xe0, 0x5, 0x6b, 0x26, 0x4b, 0x76,
    0x4, 0x2d, 0xd9, 0x11, 0x80, 0x13, 0x82, 0x1,
    0x3e, 0x80, 0x25, 0x48, 0xa6, 0xc2, 0x0, 0xc,
    0xc0, 0x5, 0x44, 0xca, 0x26, 0x1, 0x12, 0x0,
    0x5a, 0xaa, 0x0, 0x14, 0xcb, 0xa0, 0x90, 0x0,
    0x80, 0x60, 0x2, 0x18, 0xc3, 0xb, 0x57, 0xb3,
    0xc0, 0x40, 0xc3, 0x0, 0x8b, 0x4d, 0x74, 0xde,
    0x80, 0xfc, 0x57, 0x81, 0xa8, 0x3, 0xd2, 0x98,
    0x2c, 0x0, 0x10, 0xe5, 0x60, 0x60, 0xf, 0xac,
    0x4, 0x3, 0x90, 0xa5, 0x80, 0x3f, 0x58, 0x9d,
    0x80, 0x72, 0x85, 0x80, 0x7c, 0xcb, 0xbc, 0x8c,
    0x1, 0x23, 0x8f, 0x0, 0x79, 0xa6, 0x46, 0x67,
    0x80, 0x1, 0xdb, 0x61, 0xd0, 0x6, 0x99, 0x43,
    0x0, 0x23, 0x42, 0x31, 0xa4, 0xa9, 0x6c, 0x40,
    0x56, 0x9c, 0x3, 0x16, 0xbc, 0xc8, 0x0, 0x98,
    0xb8, 0x3, 0x8a, 0x1, 0xc3, 0x1c, 0xc0, 0x18,
    0xff, 0x80,

    /* U+6557 "敗" */
    0x0, 0xff, 0xe0, 0x59, 0x80, 0x7c, 0x7f, 0xfe,
    0xe0, 0x2, 0x20, 0x3, 0xfd, 0x9b, 0xb4, 0x0,
    0x58, 0x6, 0x1, 0xfc, 0x64, 0x50, 0x80, 0x48,
    0x80, 0xf, 0xf1, 0x8, 0xe0, 0x0, 0x9a, 0x7f,
    0xf9, 0x40, 0x2d, 0xee, 0xa0, 0x0, 0xe1, 0x15,
    0x51, 0x9a, 0x90, 0x2, 0xff, 0xd2, 0x0, 0xb0,
    0x15, 0x58, 0xad, 0x44, 0x3, 0xf9, 0x88, 0x98,
    0x0, 0x21, 0x40, 0xe, 0x54, 0x4b, 0xc6, 0x1a,
    0xd0, 0x0, 0x80, 0x60, 0x1d, 0x31, 0x13, 0x82,
    0xc3, 0x8a, 0x6, 0xa0, 0x7, 0xb3, 0x34, 0xd,
    0x88, 0x93, 0xc9, 0x38, 0x3, 0xff, 0x87, 0xe9,
    0x4, 0xa0, 0x1e, 0xff, 0xd2, 0x1, 0x90, 0x96,
    0xc0, 0x38, 0xf6, 0x33, 0x6e, 0xb0, 0x3, 0x8,
    0x18, 0x7, 0x86, 0x0, 0xb2, 0xc, 0x2, 0xa3,
    0x35, 0x18, 0x7, 0x41, 0x98, 0x20, 0x2c, 0x1,
    0x2b, 0x58, 0x7a, 0x40, 0x13, 0x27, 0x80, 0x52,
    0xaa, 0xd6, 0x95, 0xd, 0x3d, 0x70, 0x19, 0x83,
    0x0, 0x93, 0xac, 0x35, 0x80, 0x3, 0xad, 0x8,
    0x3a, 0xe0, 0x1c, 0x39, 0xa4, 0x1, 0xd3, 0xa8,

    /* U+6570 "数" */
    0x0, 0x8, 0x2, 0x54, 0x0, 0x20, 0x3, 0x50,
    0xf, 0xde, 0x60, 0xa4, 0x11, 0xa0, 0xa, 0xe0,
    0xf, 0xd3, 0xe0, 0x10, 0xb7, 0x80, 0x14, 0xc0,
    0x3f, 0x33, 0x0, 0x25, 0x83, 0x0, 0x1e, 0x0,
    0x7d, 0xfc, 0xbe, 0x71, 0x73, 0xf2, 0x61, 0x3b,
    0xbb, 0x0, 0x1b, 0xb2, 0x80, 0x23, 0x75, 0x8,
    0x15, 0x76, 0x36, 0xa0, 0x1, 0x11, 0x50, 0x56,
    0xa4, 0xc6, 0x81, 0x9a, 0xe, 0x60, 0x0, 0xcc,
    0xb4, 0xb7, 0x43, 0xa6, 0x42, 0x80, 0x22, 0x40,
    0xb, 0xd3, 0xd, 0xc0, 0x15, 0xbe, 0xcf, 0xa0,
    0xa2, 0x20, 0xa, 0xb4, 0x8f, 0x5c, 0x0, 0x66,
    0xbc, 0x50, 0xd5, 0x0, 0xca, 0x66, 0x8d, 0x33,
    0xdc, 0x48, 0x46, 0xfa, 0x1, 0xa7, 0x30, 0x88,
    0xcc, 0xac, 0x40, 0x53, 0xc5, 0x80, 0x34, 0x7a,
    0x37, 0xfb, 0x86, 0x40, 0x2f, 0x36, 0x0, 0xf2,
    0xa5, 0x0, 0x20, 0x8c, 0x3, 0x84, 0x3, 0xcc,
    0xb9, 0x50, 0xfa, 0x1, 0xd, 0x1b, 0x98, 0x7,
    0x1d, 0x6a, 0x39, 0x0, 0x6d, 0x5c, 0x5e, 0x10,
    0xe, 0x5c, 0x2b, 0x7c, 0x3, 0xd1, 0xa0, 0xa0,
    0xc2, 0x0, 0x4f, 0xc4, 0x31, 0x2f, 0x23, 0x1f,
    0x4, 0x1, 0x83, 0xa4, 0x19, 0x8d, 0x60, 0x8,
    0x7a, 0xa8, 0x20, 0x10, 0xe4, 0x90,

    /* U+6574 "整" */
    0x0, 0xe7, 0x30, 0xe, 0x26, 0x0, 0xf8, 0xcf,
    0x55, 0x99, 0xc0, 0xb, 0xa0, 0xf, 0xa7, 0xfe,
    0x26, 0xff, 0x8c, 0x59, 0x51, 0x38, 0x1, 0x5b,
    0xb1, 0x46, 0xec, 0x72, 0x9, 0x32, 0xbb, 0x48,
    0x0, 0xfb, 0x74, 0x51, 0xbf, 0x6a, 0xe1, 0xfb,
    0xa2, 0x8d, 0x0, 0x8b, 0x30, 0x57, 0x92, 0x32,
    0xed, 0x20, 0xa4, 0xe0, 0x18, 0xbb, 0x85, 0x5d,
    0x3, 0x91, 0x6, 0x9b, 0x90, 0xc, 0x7f, 0xca,
    0x8, 0xfd, 0x40, 0x1, 0x86, 0x26, 0x0, 0xe2,
    0xd2, 0x26, 0xf7, 0xa0, 0x1, 0xe9, 0x4a, 0xc4,
    0x2, 0xad, 0xb9, 0x3, 0x7d, 0x78, 0xea, 0xba,
    0xf7, 0xe9, 0x0, 0x7f, 0x30, 0x5b, 0x81, 0x9b,
    0x6f, 0x50, 0x7, 0x2f, 0x80, 0xb, 0x7f, 0xe9,
    0xdf, 0xfa, 0xa9, 0xff, 0xe7, 0x0, 0xa3, 0x77,
    0xc8, 0x8d, 0xdf, 0x48, 0x6, 0x22, 0x23, 0x91,
    0x42, 0x22, 0x2f, 0x80, 0x3d, 0xb8, 0x1, 0x97,
    0xff, 0xa0, 0x3, 0xff, 0x82, 0xbd, 0xdd, 0x0,
    0x18, 0x8a, 0x3, 0x22, 0x84, 0x46, 0x7c, 0x45,
    0x0, 0x37, 0x64, 0x5d, 0xd9, 0x11, 0xbb, 0xf8,
    0x40,

    /* U+6578 "數" */
    0x0, 0xc3, 0x60, 0x1e, 0x35, 0x0, 0xf0, 0x8c,
    0xaa, 0x11, 0x80, 0x2a, 0xc0, 0xf, 0x5f, 0xe4,
    0x8e, 0x63, 0x88, 0x0, 0x9e, 0x1, 0xc2, 0xd,
    0xbe, 0x3b, 0xa0, 0x10, 0x1, 0x28, 0x7, 0x72,
    0xbf, 0x60, 0xf7, 0x3, 0x1c, 0xc2, 0x2a, 0xb0,
    0x7a, 0xbf, 0x60, 0xf7, 0x3, 0x5d, 0x7, 0x71,
    0x99, 0x80, 0x13, 0xfe, 0x8f, 0xf8, 0x2, 0xb1,
    0x66, 0x3d, 0xb0, 0x2, 0xbf, 0xda, 0x3f, 0xf1,
    0x10, 0xc0, 0x81, 0x4c, 0x0, 0x7f, 0xf6, 0x8f,
    0xfd, 0x50, 0xa8, 0xe2, 0x25, 0x0, 0x87, 0xfd,
    0xa3, 0xfe, 0x70, 0x28, 0xcf, 0x41, 0x10, 0x4,
    0x3b, 0xaf, 0x1d, 0xd3, 0x4, 0x12, 0x23, 0x1c,
    0x2, 0x3f, 0xdd, 0x5, 0x6e, 0xba, 0x80, 0x6,
    0x66, 0xd0, 0x9, 0xbf, 0xe2, 0xaf, 0xf7, 0x8,
    0x4, 0xa2, 0x80, 0x13, 0x7c, 0xe, 0xff, 0x23,
    0x88, 0x4, 0xa2, 0x60, 0x18, 0xa1, 0x44, 0x25,
    0x60, 0x2, 0x73, 0x5f, 0x0, 0xc5, 0xa7, 0xdc,
    0x7c, 0x10, 0x1, 0x45, 0xd1, 0x40, 0x6, 0x11,
    0x1a, 0x1e, 0x28, 0x1e, 0x32, 0x85, 0x3c, 0x4,
    0xff, 0x6, 0x56, 0x40, 0x86, 0xbc, 0x80, 0x12,
    0xd4, 0x6f, 0x75, 0x24, 0x0, 0x64, 0xd, 0x90,
    0xc, 0x9a, 0x20,

    /* U+6599 "料" */
    0x0, 0xc6, 0x20, 0x1f, 0xc4, 0x80, 0x1f, 0x7b,
    0x0, 0x80, 0x7c, 0x92, 0x1, 0xa9, 0x40, 0x35,
    0xc8, 0x1d, 0x10, 0x7, 0xec, 0xe0, 0xc, 0x94,
    0x4, 0x1a, 0xc0, 0x1f, 0x3a, 0x0, 0x46, 0x70,
    0xd, 0x52, 0x4c, 0x3, 0xc2, 0x23, 0x0, 0x55,
    0x80, 0x65, 0xe3, 0x0, 0xfb, 0xc, 0x3e, 0xdc,
    0x3, 0x84, 0x3, 0xef, 0xdf, 0x37, 0xde, 0xc6,
    0xe6, 0x0, 0xfe, 0xcc, 0x48, 0x2e, 0x63, 0x9a,
    0x26, 0xc4, 0x3, 0xe3, 0x37, 0x82, 0x81, 0x90,
    0x36, 0xb1, 0x0, 0x7f, 0x31, 0x1f, 0x0, 0x62,
    0xd3, 0x0, 0xfc, 0xc8, 0x36, 0xd4, 0x1, 0xf8,
    0xd6, 0xc, 0x1, 0x7c, 0x0, 0x95, 0x40, 0x14,
    0x7a, 0xd9, 0x1a, 0x47, 0x6, 0x35, 0x0, 0x14,
    0x3f, 0x72, 0xe4, 0x55, 0x43, 0xf8, 0x83, 0x10,
    0x0, 0xce, 0x73, 0x7d, 0xcb, 0x8c, 0x30, 0xc,
    0x4c, 0x1, 0xe7, 0x41, 0x0, 0xfc, 0x38, 0x1,
    0xff, 0xf2, 0xc7, 0x0, 0xfe, 0x6d, 0x0, 0x80,

    /* U+65AF "斯" */
    0x0, 0x94, 0x3, 0x28, 0x80, 0x7c, 0x84, 0x1,
    0xd, 0x8, 0x5, 0x44, 0x1, 0xa, 0xcf, 0x55,
    0x0, 0x23, 0x3, 0x0, 0x8, 0x38, 0x37, 0x74,
    0x3b, 0xd0, 0x0, 0xcd, 0xd, 0xff, 0x70, 0x5d,
    0xb9, 0x7e, 0xe0, 0xc0, 0x36, 0xd8, 0x5e, 0xec,
    0x15, 0x40, 0xf, 0xf0, 0xa8, 0x29, 0x14, 0xc,
    0x20, 0x1f, 0xfc, 0x1e, 0xff, 0x80, 0x3f, 0xf8,
    0x97, 0xbb, 0x0, 0x64, 0xff, 0xf1, 0x80, 0x65,
    0x22, 0x80, 0x32, 0x6e, 0xac, 0x2f, 0x4c, 0x3,
    0x77, 0xfc, 0x1, 0xc4, 0x46, 0x6, 0x20, 0xe,
    0xbd, 0xd8, 0x2, 0x11, 0x0, 0x7f, 0xca, 0x45,
    0x0, 0x63, 0x0, 0xfc, 0xae, 0xe, 0xab, 0x2,
    0x20, 0x84, 0x3, 0xe1, 0x8b, 0x2b, 0x88, 0x8a,
    0xbd, 0x74, 0x3, 0xe1, 0xdd, 0x75, 0xee, 0x5e,
    0xea, 0x45, 0xc0, 0x3f, 0xdd, 0x80, 0x8, 0x70,
    0x52, 0x20, 0x7, 0xf3, 0x95, 0x80, 0xdc, 0x14,
    0xd0, 0x7, 0xf2, 0xc4, 0x88, 0x1, 0x66, 0x1,
    0x80, 0x3f, 0x9a, 0x18, 0x3, 0x32, 0x50, 0x80,
    0x7f, 0x1b, 0x80, 0x7b, 0xd0, 0x3, 0x17, 0x90,
    0x0,

    /* U+65B0 "新" */
    0x0, 0xff, 0xe6, 0x36, 0x80, 0x7f, 0x91, 0x80,
    0x3c, 0xe4, 0xa0, 0x18, 0x96, 0x2f, 0xef, 0x8,
    0x1, 0x5b, 0xac, 0xa, 0xdd, 0x83, 0x20, 0x77,
    0x3e, 0x88, 0x1, 0x36, 0xf3, 0x76, 0x54, 0x90,
    0x4, 0x4b, 0x18, 0x7, 0x1a, 0x2a, 0x91, 0x4,
    0x8, 0x1, 0xff, 0xc0, 0x21, 0x40, 0x2, 0xe8,
    0x7, 0xff, 0x9, 0xc0, 0xa, 0x2a, 0x1, 0xff,
    0xc0, 0xff, 0x35, 0x7d, 0xf, 0x7b, 0x5, 0x7f,
    0xf8, 0x83, 0xbb, 0xc, 0xf7, 0x4c, 0xf, 0x76,
    0x70, 0xbb, 0x10, 0x8, 0xe0, 0x31, 0x18, 0x7,
    0x51, 0x1a, 0x28, 0x80, 0x7, 0x76, 0x1a, 0xee,
    0x88, 0x4, 0x3, 0xf6, 0xee, 0x18, 0xdd, 0x80,
    0xe, 0x1, 0xf8, 0xd6, 0x8c, 0xa, 0xd0, 0xc0,
    0x2, 0x1, 0xfd, 0x7e, 0x1, 0x5c, 0xb, 0x1,
    0x0, 0x7e, 0x63, 0x60, 0x8, 0xd2, 0x70, 0x80,
    0x3f, 0xae, 0x80, 0x3a, 0x39, 0x50, 0x3, 0xfb,
    0x50, 0x48, 0x40, 0x6, 0x62, 0xd0, 0xf, 0xf9,
    0xb4, 0x90, 0x1, 0x84, 0x80, 0x1f, 0xf3, 0xfe,
    0x88, 0x2, 0x64, 0x1, 0xfc,

    /* U+65C1 "旁" */
    0x0, 0xfe, 0xc5, 0x0, 0xff, 0xe2, 0xb4, 0x0,
    0x7f, 0x27, 0xff, 0xca, 0x5f, 0xff, 0x28, 0x2e,
    0x64, 0xa9, 0x99, 0xe4, 0x6c, 0xc9, 0x0, 0x4c,
    0xee, 0x46, 0x33, 0xc2, 0x98, 0x67, 0x8, 0x9,
    0x14, 0xc7, 0xc4, 0x5a, 0x49, 0x88, 0xa0, 0x2,
    0x6e, 0xe3, 0x4d, 0xdc, 0x85, 0x9b, 0xb2, 0x0,
    0x7, 0xff, 0xd7, 0xdf, 0xfe, 0x0, 0xff, 0xaa,
    0xc0, 0x3f, 0x86, 0xcc, 0xfc, 0xea, 0xa3, 0x3e,
    0xa0, 0x5, 0x53, 0x33, 0xcc, 0x15, 0x99, 0xd5,
    0x40, 0xef, 0xfd, 0x21, 0xff, 0xfe, 0xe0, 0xf,
    0x61, 0x17, 0xf0, 0x7, 0xe2, 0x52, 0xdd, 0xfc,
    0xa0, 0x1f, 0x48, 0xf7, 0xff, 0xb4, 0x1c, 0x3,
    0x86, 0xd2, 0x84, 0x3, 0xc8, 0x4, 0x1, 0x13,
    0xfa, 0xda, 0x0, 0x42, 0x42, 0x54, 0x60, 0x11,
    0x6d, 0x4f, 0x20, 0x6, 0x7d, 0xed, 0x2f, 0x0,
    0x8b, 0xb5, 0xc0, 0x3c, 0xdf, 0xf7, 0x18, 0x4,

    /* U+65E0 "无" */
    0x0, 0x22, 0xaf, 0xff, 0xc, 0x3, 0x75, 0x57,
    0xff, 0xa, 0x40, 0x35, 0x7f, 0xf8, 0x2b, 0xff,
    0xd8, 0x1, 0xfe, 0x10, 0x60, 0xf, 0xfe, 0x29,
    0x0, 0x80, 0x7f, 0xf1, 0x5c, 0xc, 0x3, 0xfc,
    0xab, 0xf6, 0x82, 0x2a, 0xfe, 0x0, 0x5d, 0x57,
    0x98, 0x2a, 0xbf, 0x80, 0x1d, 0xff, 0xe3, 0x64,
    0x5f, 0xff, 0x80, 0x3f, 0x11, 0xe8, 0x7, 0xff,
    0x16, 0x85, 0x0, 0x3f, 0xf8, 0x84, 0xf2, 0x1,
    0xff, 0xc5, 0x92, 0x70, 0xf, 0xc2, 0x40, 0x1e,
    0xa4, 0x90, 0xf, 0xe2, 0xd1, 0x0, 0xd6, 0xb6,
    0x80, 0x1f, 0xce, 0x2, 0x0, 0x5e, 0x4b, 0x40,
    0x8, 0x51, 0x51, 0x25, 0xf3, 0x0, 0x6d, 0x27,
    0x20, 0x6, 0x93, 0xab, 0xba, 0x9b, 0xc0, 0x1d,
    0xb4, 0x20, 0x1c, 0x7b, 0xff, 0xda, 0x60,

    /* U+65E5 "日" */
    0x25, 0x5f, 0xfe, 0x1, 0x25, 0x57, 0xff, 0x1,
    0x40, 0x1f, 0xff, 0xe1, 0x0, 0xff, 0xf7, 0xaa,
    0xff, 0x84, 0x2, 0xaa, 0xff, 0x0, 0x6f, 0xff,
    0xf0, 0x80, 0x7f, 0xfb, 0xd1, 0x3f, 0xc2, 0x1,
    0x5d, 0xff, 0x80, 0x37, 0xff, 0xf8, 0x84,

    /* U+65F6 "时" */
    0x0, 0xff, 0xe1, 0x2e, 0x0, 0x42, 0x89, 0xe0,
    0xf, 0x8c, 0x80, 0x25, 0xba, 0xaa, 0xe8, 0x3,
    0xff, 0x85, 0xdd, 0x58, 0x7, 0xff, 0x20, 0x7b,
    0xbd, 0x23, 0xdc, 0x60, 0xf, 0x86, 0x23, 0xca,
    0x11, 0x4, 0x0, 0xfc, 0xcd, 0xec, 0x16, 0x61,
    0x0, 0xc, 0xf0, 0x4, 0xe0, 0x1f, 0xf6, 0x65,
    0x0, 0x14, 0xc8, 0x3, 0xfd, 0xff, 0x58, 0x5,
    0x4c, 0x80, 0x1f, 0xfc, 0x44, 0x5a, 0x0, 0xff,
    0xe2, 0xd8, 0x40, 0x7, 0xff, 0x10, 0x63, 0xc0,
    0x3f, 0x22, 0x46, 0x1, 0xcc, 0xe0, 0x1f, 0xae,
    0xe8, 0x0, 0xff, 0xe1, 0xff, 0xee, 0x0, 0xff,
    0xe0, 0x34, 0x80, 0x7e, 0x25, 0x5b, 0x4c, 0x2,
    0x26, 0x0, 0xfc, 0x35, 0x53, 0x40, 0x4,

    /* U+663E "显" */
    0x0, 0xa3, 0xff, 0xff, 0x81, 0x20, 0x1f, 0x1e,
    0xef, 0xf8, 0xcc, 0x1, 0xf8, 0x8b, 0xfc, 0xe0,
    0x1f, 0x85, 0x13, 0xfc, 0xe0, 0x1f, 0x8a, 0x23,
    0xfc, 0x60, 0x1f, 0x8f, 0x33, 0xfc, 0x80, 0x1f,
    0xc4, 0x5f, 0xe7, 0x0, 0xfc, 0x7b, 0xbf, 0xe3,
    0x30, 0x7, 0xa3, 0xfe, 0x8c, 0xff, 0x5c, 0xff,
    0xd2, 0x1, 0xc2, 0xc0, 0x15, 0x28, 0x3, 0x28,
    0x2, 0x83, 0x0, 0xe9, 0x40, 0xf, 0xf2, 0xb8,
    0x80, 0x61, 0x8a, 0x0, 0xfe, 0x1b, 0x82, 0x0,
    0xe7, 0x37, 0x0, 0xfd, 0x4a, 0xe0, 0x1f, 0x47,
    0x0, 0x7c, 0x41, 0x40, 0x1f, 0x96, 0x40, 0x3e,
    0x2b, 0x10, 0xc, 0x5b, 0xbe, 0x28, 0xdd, 0x39,
    0xee, 0xf8, 0x8e, 0xef, 0xd3, 0x17, 0x69, 0x95,
    0xdf, 0x8c,

    /* U+6642 "時" */
    0x0, 0xff, 0xe0, 0x61, 0x80, 0x71, 0x33, 0x70,
    0x80, 0x71, 0xb8, 0x7, 0x3c, 0xdd, 0xd2, 0xa2,
    0x67, 0x20, 0x19, 0xe2, 0x0, 0xe, 0xec, 0x0,
    0x5c, 0xca, 0xc2, 0x33, 0x28, 0x0, 0xfc, 0x9f,
    0xf8, 0x2f, 0xfe, 0xa0, 0xf, 0xfe, 0x70, 0x99,
    0xe4, 0x3, 0x3e, 0x20, 0x15, 0x58, 0x33, 0x3a,
    0xc2, 0x33, 0x35, 0x80, 0x22, 0x20, 0xdf, 0xff,
    0xa8, 0x3f, 0xd2, 0x3, 0xbb, 0x0, 0x7f, 0xf2,
    0xf, 0xff, 0xea, 0xf, 0xf2, 0x80, 0x78, 0xb3,
    0x3e, 0x70, 0xcc, 0x20, 0x7, 0x84, 0xde, 0xcc,
    0xf6, 0x81, 0x98, 0x40, 0x55, 0x60, 0x9, 0xde,
    0x0, 0xff, 0x44, 0x44, 0x0, 0x3a, 0x83, 0x0,
    0xfc, 0x3b, 0xb9, 0x0, 0xa, 0xa8, 0x0, 0xf9,
    0x34, 0x3, 0xf5, 0xd8, 0x3, 0xe1, 0x30, 0xf,
    0xc2, 0x23, 0x36, 0x88, 0x7, 0xff, 0x8, 0xb3,
    0xb, 0x20, 0x10,

    /* U+6682 "暂" */
    0x0, 0x8d, 0x80, 0x3f, 0xe1, 0x2, 0x2b, 0xe8,
    0x8b, 0x1, 0xab, 0xce, 0x7e, 0x87, 0xe6, 0x99,
    0x66, 0x64, 0xd9, 0xee, 0x4e, 0xe0, 0x6f, 0x8d,
    0x76, 0xf7, 0x48, 0x11, 0x2e, 0xa4, 0x1, 0x6b,
    0xa9, 0x60, 0x80, 0x62, 0x2f, 0x9c, 0xdb, 0xf4,
    0x3b, 0xfc, 0xa3, 0x3b, 0xbd, 0x2d, 0x9d, 0xcc,
    0xc, 0xee, 0x20, 0x6f, 0xf8, 0xab, 0xec, 0x4c,
    0x41, 0xc1, 0x1a, 0x50, 0x8, 0x3, 0xd7, 0xdf,
    0xd4, 0x19, 0xdf, 0xa6, 0x1, 0xf4, 0x6f, 0x7e,
    0x5, 0x4b, 0xac, 0x80, 0x7c, 0x66, 0x10, 0x35,
    0x0, 0xa1, 0x40, 0x25, 0x60, 0xc, 0xdf, 0xcb,
    0xdf, 0xea, 0xff, 0xce, 0xc0, 0x18, 0x4b, 0xbb,
    0xfb, 0x40, 0x3f, 0x8, 0xff, 0x10, 0x7, 0xc5,
    0xff, 0xfe, 0x0, 0xf8, 0xbf, 0xff, 0xc0, 0x1f,
    0x84, 0x7f, 0x88, 0x3, 0xe2, 0xee, 0xfe, 0xd0,
    0xf, 0x8b, 0xff, 0xfc, 0x22, 0x0, 0x0,

    /* U+6696 "暖" */
    0x0, 0xff, 0xe0, 0x92, 0x34, 0x0, 0x5, 0x13,
    0x19, 0xaa, 0xf3, 0x7b, 0xf6, 0x74, 0x8, 0x16,
    0xef, 0x69, 0xe6, 0x23, 0x9f, 0x3f, 0x64, 0x48,
    0x0, 0x3f, 0xeb, 0x0, 0x1d, 0x21, 0x92, 0x0,
    0x20, 0x80, 0x3f, 0x94, 0xd0, 0x33, 0x40, 0xd6,
    0x40, 0x3f, 0x89, 0x8, 0xad, 0x2f, 0x50, 0x20,
    0xf, 0x87, 0x56, 0x76, 0xa3, 0x4d, 0x77, 0xc0,
    0x2, 0x88, 0x30, 0x1f, 0xf3, 0x2f, 0xff, 0xb4,
    0x2, 0xaa, 0x48, 0x1a, 0xac, 0x2a, 0xbf, 0x8,
    0xf, 0x72, 0x82, 0xa6, 0x46, 0xb3, 0x3f, 0x28,
    0x7, 0xa7, 0x34, 0x37, 0x33, 0xe4, 0x0, 0xfc,
    0xa1, 0x9f, 0xfd, 0x40, 0x1f, 0xed, 0x6, 0xee,
    0xb4, 0x7c, 0x2, 0x15, 0x56, 0x0, 0x4c, 0xac,
    0x42, 0x25, 0x5, 0x0, 0xd1, 0x5, 0x20, 0x82,
    0xa6, 0xd3, 0x34, 0x50, 0x6, 0x1d, 0xdb, 0xd,
    0xe0, 0x25, 0xb3, 0x65, 0x0, 0x24, 0xd0, 0x8,
    0xf5, 0x14, 0x11, 0x2, 0x10, 0xe2, 0x1, 0x18,
    0x0, 0xb1, 0x6a, 0x7a, 0x93, 0xb9, 0x32, 0xec,
    0x40, 0xc, 0x55, 0x63, 0xf5, 0xd0, 0x0, 0x7e,
    0xc4, 0x40,

    /* U+66AB "暫" */
    0x0, 0xda, 0x80, 0x1f, 0x9, 0xbc, 0x4, 0x5d,
    0xc5, 0x37, 0x71, 0x56, 0xff, 0x73, 0x78, 0x2a,
    0x66, 0x1a, 0x99, 0x89, 0x2f, 0xbf, 0x69, 0x80,
    0x1f, 0xf0, 0xcf, 0xfa, 0xc0, 0x4, 0x20, 0x1e,
    0x3d, 0xd1, 0x56, 0xd9, 0x80, 0x8, 0xbc, 0x20,
    0x37, 0x62, 0x9b, 0xb0, 0x0, 0x67, 0x77, 0xa8,
    0x6, 0x20, 0x35, 0xa, 0x1, 0x6f, 0xf9, 0x5f,
    0xec, 0xe1, 0x54, 0x1c, 0xbd, 0xc3, 0x2, 0x0,
    0xf5, 0x6e, 0xc2, 0x9b, 0xaf, 0x43, 0x0, 0xfa,
    0x67, 0xd, 0x4c, 0xa2, 0x60, 0x3, 0xe2, 0x2d,
    0x2a, 0x44, 0x3a, 0x40, 0xb, 0xf0, 0x3, 0x17,
    0xc6, 0xff, 0xd7, 0xff, 0xa9, 0xc0, 0x3d, 0x7d,
    0xdf, 0xac, 0x3, 0xf3, 0x8, 0xfe, 0x70, 0xf,
    0xdb, 0xff, 0xfb, 0x0, 0x3f, 0x6f, 0xff, 0xed,
    0x0, 0xfc, 0xc2, 0x3f, 0x98, 0x3, 0xf5, 0xf7,
    0x7e, 0xb0, 0xf, 0xdb, 0xff, 0xfb, 0x44, 0x2,

    /* U+66F3 "曳" */
    0x0, 0xfc, 0xe4, 0x1, 0xff, 0xc4, 0x18, 0x60,
    0xf, 0xf0, 0xaa, 0xf3, 0x86, 0x2a, 0xf8, 0x40,
    0x22, 0xa8, 0x8d, 0x60, 0xd1, 0x1d, 0x4a, 0x1,
    0xd9, 0xbb, 0x82, 0xf7, 0x78, 0x3, 0xff, 0x80,
    0x44, 0x0, 0xff, 0xe0, 0x77, 0xfe, 0x28, 0xff,
    0xe0, 0xf, 0xaf, 0x33, 0x22, 0x33, 0x38, 0x3,
    0xe5, 0x33, 0xe7, 0x33, 0xe0, 0xf, 0x88, 0x47,
    0x71, 0x88, 0xf0, 0x7, 0xd9, 0xdd, 0xa4, 0x3b,
    0xb8, 0x3, 0xec, 0xdd, 0xe1, 0x7d, 0xda, 0x31,
    0x0, 0x22, 0x72, 0x2f, 0x3a, 0x11, 0x16, 0x14,
    0x3, 0xc, 0x8, 0x7, 0x69, 0x8c, 0xc4, 0x18,
    0x3, 0xff, 0x80, 0x81, 0xed, 0x4e, 0x0, 0x20,
    0xf, 0xe6, 0xc0, 0x1c, 0x50, 0xb, 0x48, 0x3,
    0xa, 0x57, 0xc2, 0xe1, 0x78, 0x80, 0x8, 0x8,
    0x8f, 0x5b, 0xd6, 0x35, 0xd2, 0x7e, 0x3f, 0xb,
    0x26, 0x3, 0x23, 0x59, 0xf6, 0xa0, 0x11, 0x63,
    0x2d, 0x37, 0x81, 0xf5, 0xb9, 0x80, 0x7c, 0x31,
    0xbf, 0xa6, 0x0,

    /* U+6700 "最" */
    0x0, 0xff, 0xe5, 0xbf, 0xff, 0xff, 0x2, 0x0,
    0x3e, 0x2f, 0xff, 0xf1, 0x80, 0x7e, 0x2d, 0xdf,
    0xf1, 0x80, 0x7e, 0x2d, 0xdf, 0xf1, 0x80, 0x7f,
    0xf3, 0xc4, 0xfb, 0xbf, 0xc4, 0x1, 0xf3, 0x77,
    0x7f, 0xf0, 0x20, 0x3, 0x7f, 0xff, 0xf1, 0x78,
    0x1, 0xda, 0x17, 0xdd, 0x5, 0x77, 0x7e, 0xf0,
    0x0, 0x90, 0x11, 0x60, 0x15, 0x44, 0xf8, 0x40,
    0x3a, 0xff, 0xe0, 0x7, 0xd4, 0x4c, 0xd1, 0x42,
    0x1, 0xdf, 0x99, 0x0, 0x2d, 0x17, 0x32, 0x66,
    0x8, 0x7, 0x6f, 0xfc, 0x1, 0x4b, 0x98, 0x2a,
    0x58, 0x7, 0xaf, 0xba, 0x0, 0x8a, 0x35, 0xaa,
    0x84, 0x1, 0xe7, 0x35, 0x70, 0x84, 0x7, 0x29,
    0x65, 0x0, 0xd5, 0x81, 0x9b, 0x76, 0x6, 0x70,
    0x93, 0x33, 0x38, 0x7, 0x24, 0xde, 0xfe, 0x87,
    0xdf, 0x3e, 0x62, 0x63, 0xa0, 0x1, 0x50, 0xc8,
    0x40, 0x10, 0x9c, 0x71, 0x83, 0x73, 0x10, 0x0,

    /* U+6709 "有" */
    0x0, 0xfa, 0x88, 0x3, 0xff, 0x86, 0xaa, 0x30,
    0xf, 0xe1, 0x22, 0xee, 0x33, 0x11, 0x7f, 0x4e,
    0xef, 0x21, 0xee, 0xff, 0x64, 0xf7, 0x64, 0x2d,
    0xee, 0xfe, 0xf1, 0x1c, 0x49, 0x64, 0x23, 0xfe,
    0x0, 0xdc, 0x4, 0x89, 0xf8, 0x80, 0x39, 0xc8,
    0x2e, 0xff, 0xa8, 0x3, 0x24, 0x2, 0xff, 0xfe,
    0x30, 0xc, 0x96, 0xc8, 0x1, 0xff, 0xc1, 0x6b,
    0x69, 0x15, 0xff, 0xfc, 0x60, 0x17, 0x4c, 0x80,
    0x9, 0xbb, 0xf8, 0xc0, 0x28, 0x60, 0x8, 0x48,
    0xbf, 0x0, 0x7f, 0x2e, 0xef, 0xe3, 0x0, 0xfc,
    0x71, 0x1f, 0x88, 0x3, 0xf3, 0x2a, 0xfe, 0x10,
    0xf, 0xfe, 0xa2, 0xac, 0x40, 0x1f, 0xfc, 0x28,
    0xbb, 0x2d, 0x0, 0x0,

    /* U+671F "期" */
    0x0, 0x90, 0x3, 0x20, 0x80, 0x7f, 0xc3, 0x64,
    0x1, 0x59, 0x1, 0x4c, 0xf8, 0xc0, 0x3f, 0x9c,
    0x19, 0x82, 0x39, 0x94, 0x33, 0x83, 0x7f, 0xe0,
    0xbb, 0x0, 0x22, 0x31, 0x0, 0x37, 0x2, 0xf7,
    0x60, 0xaa, 0x0, 0x7f, 0x9, 0x3, 0x11, 0x40,
    0xc2, 0x0, 0x22, 0xc6, 0x1, 0xdb, 0xff, 0x0,
    0x76, 0xee, 0x10, 0xe, 0xbd, 0xd8, 0x3, 0xbf,
    0xf0, 0x80, 0x73, 0x11, 0x40, 0x1f, 0xc6, 0x1,
    0xdb, 0xff, 0x0, 0x61, 0x0, 0xff, 0x5e, 0xec,
    0x1, 0x8, 0xa6, 0x71, 0x0, 0x73, 0x11, 0x40,
    0x11, 0x82, 0xae, 0x0, 0x95, 0xc1, 0x15, 0x60,
    0x44, 0xa, 0x66, 0x62, 0x1, 0x8b, 0x2b, 0x88,
    0x8a, 0xbb, 0xc8, 0x3, 0xc3, 0xba, 0xe8, 0xdd,
    0x46, 0xea, 0x8f, 0x80, 0x3f, 0xbb, 0xc0, 0x6d,
    0x80, 0x8, 0x60, 0x1f, 0x9c, 0xac, 0x6, 0xe4,
    0x90, 0x10, 0x3, 0xe5, 0x89, 0x10, 0x2, 0x9d,
    0x7b, 0x0, 0x9, 0x10, 0x46, 0x1e, 0xec, 0x1,
    0xb6, 0x1e, 0x80, 0xf, 0x76, 0x34, 0xa, 0x80,
    0xe, 0x10, 0xc3, 0x0, 0x2f, 0xfb, 0x4,

    /* U+672A "未" */
    0x0, 0xfe, 0x23, 0x0, 0xff, 0xe3, 0x5f, 0x80,
    0x7f, 0xf4, 0xc5, 0x9b, 0xca, 0x2c, 0xde, 0x30,
    0xc, 0x53, 0x3e, 0x32, 0x99, 0xf5, 0x80, 0x63,
    0xff, 0xf3, 0x1f, 0xff, 0xa0, 0x3, 0xff, 0xbe,
    0x6c, 0xdf, 0x28, 0xb3, 0x7c, 0xa0, 0xa, 0x99,
    0xf8, 0xca, 0x67, 0xeb, 0x0, 0x4f, 0xff, 0x88,
    0x0, 0x3d, 0xff, 0xdc, 0x1, 0xfa, 0x8d, 0xd,
    0x74, 0x3, 0xff, 0x83, 0xb, 0xa4, 0x14, 0x36,
    0x1, 0xff, 0x43, 0xd9, 0x80, 0x7, 0xd6, 0xc0,
    0x3f, 0xd, 0xbd, 0x20, 0x6, 0x2c, 0x5d, 0x20,
    0xe, 0x4f, 0x5c, 0x50, 0xf, 0x17, 0x8e, 0xb0,
    0x5, 0x76, 0x2f, 0x30, 0xf, 0xc3, 0x8d, 0x3a,
    0x41, 0xb3, 0x82, 0x1, 0xff, 0x4d, 0xa9, 0x3,
    0x30, 0x3, 0xff, 0x84, 0x90, 0x0,

    /* U+673A "机" */
    0x0, 0xc4, 0x60, 0x1f, 0xfc, 0x6a, 0x80, 0xc,
    0xcd, 0xe2, 0x0, 0xff, 0xe0, 0xcc, 0x5d, 0xd2,
    0x80, 0x1f, 0xfc, 0x2a, 0xdd, 0x84, 0x3, 0x91,
    0x54, 0x4c, 0xaa, 0x40, 0xf, 0xfe, 0x5, 0x54,
    0xa5, 0x54, 0xf0, 0xf, 0xfe, 0x7, 0x7f, 0x85,
    0x3f, 0xd6, 0x1, 0xff, 0xc2, 0x41, 0x70, 0xf,
    0xfe, 0x2f, 0x81, 0xb8, 0x7, 0xff, 0xc, 0x51,
    0x8a, 0x5c, 0x4, 0x1c, 0x3, 0xfd, 0x2c, 0x2d,
    0xb0, 0xc6, 0x1, 0xff, 0x13, 0xd8, 0x0, 0xe4,
    0x58, 0x8, 0x3, 0xfb, 0x94, 0x80, 0x26, 0x73,
    0x11, 0x0, 0x7e, 0x32, 0xb0, 0xf, 0x59, 0x0,
    0x7d, 0x4, 0x78, 0x20, 0x1c, 0x47, 0x60, 0x1f,
    0x1b, 0x1, 0x0, 0x7a, 0x1, 0x80, 0x3e, 0x70,
    0xf, 0xcc, 0xa8, 0x20, 0x1d, 0x88, 0x4e, 0x1,
    0xf5, 0x5, 0x0, 0x74, 0xad, 0xa9, 0x80, 0x7d,
    0x14, 0x20, 0x1c, 0xff, 0xeb, 0x0, 0xe8, 0xb0,
    0x45, 0x0, 0xff, 0x80,

    /* U+6756 "杖" */
    0x0, 0xc8, 0x40, 0x1f, 0x8c, 0x80, 0x3f, 0x45,
    0x0, 0x7e, 0xfb, 0x0, 0xff, 0xe3, 0x88, 0x7,
    0xff, 0x37, 0xfe, 0x37, 0xff, 0x2f, 0xff, 0x1b,
    0xff, 0xac, 0x1, 0x98, 0x90, 0x5c, 0xc2, 0x55,
    0x70, 0xb5, 0x53, 0xc0, 0x6, 0x61, 0x7, 0x33,
    0xa, 0xaf, 0xe, 0x2a, 0x90, 0x3, 0x58, 0x14,
    0x80, 0x25, 0xc0, 0x2, 0xc, 0x1, 0xe1, 0x32,
    0x67, 0x40, 0xeb, 0x0, 0x10, 0x10, 0x7, 0x9d,
    0x44, 0x51, 0x40, 0xc6, 0x40, 0xa0, 0x20, 0x1e,
    0xbe, 0x0, 0x31, 0xa0, 0x9d, 0x86, 0x20, 0x7,
    0x94, 0xd0, 0x2, 0xc4, 0x8, 0x62, 0x5c, 0x0,
    0xf4, 0x48, 0x6, 0x10, 0x2, 0x23, 0xc1, 0x80,
    0x39, 0xd, 0x80, 0x3f, 0x41, 0x20, 0x80, 0x72,
    0x50, 0x80, 0x7e, 0x40, 0x45, 0x0, 0xf2, 0x0,
    0x7e, 0x58, 0x82, 0xd2, 0x80, 0x7f, 0xf0, 0x5a,
    0x99, 0xe9, 0x6a, 0x44, 0x3, 0xf8, 0xae, 0x5e,
    0x40, 0x14, 0xed, 0xd0, 0x1, 0xf8, 0x5f, 0x20,
    0x3, 0x47, 0x28, 0x7, 0xb2, 0x0, 0xf0, 0xc0,
    0x3c, 0x35, 0x0,

    /* U+677F "板" */
    0x0, 0xca, 0x1, 0xff, 0x9, 0x80, 0x70, 0xd1,
    0x0, 0x42, 0x48, 0xaf, 0x5b, 0xda, 0x20, 0x1f,
    0xd1, 0xdb, 0x51, 0x87, 0x79, 0xc2, 0x1, 0xe1,
    0x0, 0x8f, 0xfb, 0x6e, 0x58, 0xc0, 0x37, 0x7f,
    0x6, 0x7c, 0x80, 0x7f, 0xf0, 0x73, 0x64, 0x2b,
    0x60, 0x3, 0xff, 0x82, 0x44, 0xf0, 0xc2, 0x10,
    0x3f, 0xff, 0xb4, 0x3, 0x9c, 0x1c, 0xc0, 0x4,
    0xc5, 0x77, 0x90, 0x40, 0x31, 0x98, 0x27, 0x80,
    0x5a, 0xc9, 0x51, 0x26, 0x40, 0xd, 0x6a, 0xa,
    0xa, 0x2, 0x44, 0x40, 0x1, 0x12, 0xc0, 0x33,
    0x58, 0x3, 0x94, 0x8c, 0x13, 0x80, 0x14, 0x26,
    0x1, 0x31, 0x10, 0x0, 0x60, 0xfc, 0x14, 0x86,
    0x2f, 0x0, 0x1a, 0x24, 0x3, 0x88, 0x80, 0x69,
    0x12, 0x4c, 0x1, 0x21, 0xa8, 0x6, 0x21, 0x60,
    0x4, 0x23, 0xc0, 0x6, 0x4e, 0x0, 0xe4, 0x13,
    0x0, 0x10, 0x82, 0x0, 0x71, 0x80, 0x76, 0x20,
    0x0, 0x70, 0x7, 0x4, 0x3, 0xf8, 0x57, 0xc0,
    0xf0, 0x3f, 0xf, 0x48, 0x3, 0xf4, 0x12, 0x56,
    0xe, 0x9, 0x69, 0x6c, 0x0, 0x7e, 0x81, 0x69,
    0xc1, 0x0, 0x1f, 0x31, 0x0, 0x61, 0xf2, 0x95,
    0xc, 0x60, 0xf, 0x4d, 0x0,

    /* U+6A21 "模" */
    0x0, 0x89, 0x0, 0x38, 0xc8, 0x0, 0x28, 0x1,
    0xf2, 0x48, 0x7, 0x7a, 0x80, 0x16, 0xc0, 0x3f,
    0xea, 0xcc, 0x1c, 0xe6, 0x24, 0x33, 0x14, 0x1,
    0xfa, 0x62, 0x4, 0x91, 0x5, 0x8, 0x84, 0x80,
    0x33, 0x10, 0x59, 0x83, 0x44, 0x2f, 0xa2, 0x2d,
    0x12, 0x30, 0x4, 0xc9, 0x6, 0x64, 0x1d, 0xef,
    0x5f, 0xec, 0x4f, 0xc0, 0x9, 0x54, 0xc2, 0x8a,
    0x3, 0x5f, 0xfe, 0x70, 0xf, 0x18, 0x50, 0x4,
    0x64, 0x5e, 0x10, 0xe, 0x50, 0x15, 0x50, 0x2,
    0xfb, 0xbc, 0xe0, 0x1d, 0x82, 0x71, 0x60, 0x9,
    0xcc, 0xf4, 0x80, 0x73, 0x30, 0x19, 0x40, 0x17,
    0xff, 0xe8, 0x0, 0xcc, 0x7c, 0x0, 0xb0, 0xee,
    0xc3, 0x1d, 0xd6, 0x80, 0x51, 0x40, 0x18, 0x40,
    0x23, 0x12, 0x0, 0xc2, 0x4, 0x6c, 0x1, 0x1f,
    0x76, 0xd0, 0xae, 0xed, 0x80, 0x58, 0x1, 0x8f,
    0xbb, 0x12, 0x93, 0xf7, 0x58, 0x0, 0x10, 0xe,
    0x11, 0x98, 0xa2, 0xe, 0x42, 0x30, 0x7, 0xfa,
    0x21, 0x24, 0xad, 0x8a, 0x1, 0xfc, 0x71, 0xcd,
    0x4c, 0x0, 0x97, 0xac, 0x60, 0xf, 0x99, 0x67,
    0xd4, 0x3, 0x46, 0x35, 0x0, 0x66, 0xd0, 0x5d,
    0x71, 0x0, 0xf1, 0xd6, 0x0,

    /* U+6A5F "機" */
    0x0, 0x8c, 0x40, 0x3c, 0x24, 0x1, 0xfe, 0x84,
    0x0, 0x96, 0x1, 0xf8, 0x0, 0xec, 0x1, 0xff,
    0x45, 0x81, 0x88, 0xd, 0x30, 0x80, 0x7f, 0x32,
    0x9d, 0x0, 0x51, 0x3, 0xf1, 0x0, 0x7f, 0x92,
    0xbd, 0x20, 0x30, 0xd8, 0xd5, 0xaf, 0x20, 0x40,
    0x17, 0x60, 0x7b, 0x16, 0x12, 0x80, 0x14, 0xd8,
    0x35, 0x0, 0x91, 0xc3, 0x91, 0x61, 0x2e, 0x88,
    0x4, 0xe3, 0xb8, 0x40, 0x12, 0x5, 0x0, 0x25,
    0x5d, 0x48, 0x13, 0x56, 0x82, 0x80, 0x2c, 0x3,
    0x55, 0x33, 0xf9, 0xd9, 0x10, 0x1f, 0xed, 0x0,
    0x25, 0x36, 0xb4, 0xd7, 0xcf, 0xc6, 0xc, 0x1d,
    0x6c, 0x0, 0x22, 0xbe, 0x39, 0x8b, 0xa0, 0xb8,
    0x61, 0xcb, 0xb8, 0x80, 0x1d, 0xa0, 0x9, 0xad,
    0xb, 0xdd, 0x22, 0xed, 0x1c, 0xc0, 0xa, 0xb8,
    0x5, 0x1e, 0x1b, 0xdc, 0xc0, 0xee, 0x45, 0xd0,
    0x2a, 0x8, 0x6, 0x20, 0xd2, 0x3, 0x4, 0x29,
    0x10, 0x2, 0x48, 0x7, 0x5a, 0x4e, 0x98, 0x2f,
    0x7a, 0xa0, 0x4, 0x40, 0x1c, 0xde, 0xf3, 0x1,
    0xea, 0xd4, 0x8, 0x1, 0xf4, 0x82, 0x3, 0x5a,
    0x58, 0x6, 0x93, 0x0, 0xe7, 0x6a, 0x0, 0x1d,
    0xcd, 0x6a, 0xec, 0x19, 0x80, 0x3b, 0xe9, 0x0,
    0x17, 0x9a, 0x85, 0x8e, 0xe8, 0x0, 0xd6, 0xb0,
    0xa0, 0x14, 0x38, 0x4, 0x55, 0xec, 0x0,

    /* U+6B0A "權" */
    0x0, 0x89, 0x0, 0x39, 0x44, 0x0, 0x66, 0x0,
    0xf9, 0x3c, 0x0, 0x23, 0x52, 0x88, 0xa6, 0x4,
    0x60, 0xf, 0x87, 0x32, 0xa, 0xcc, 0x2a, 0x66,
    0x40, 0x1, 0x19, 0xc4, 0x37, 0x62, 0xcd, 0xd3,
    0xb6, 0xec, 0x0, 0xee, 0x41, 0xf5, 0x96, 0xe8,
    0x3d, 0x29, 0x53, 0x74, 0x60, 0xd, 0xd1, 0x9b,
    0x6c, 0xf, 0x30, 0xc0, 0xd7, 0x98, 0x30, 0x8,
    0x88, 0x62, 0x42, 0x0, 0x11, 0x0, 0x44, 0x22,
    0x0, 0xe4, 0x2, 0x50, 0x0, 0xf7, 0x10, 0x1,
    0x7d, 0xc1, 0x0, 0xd8, 0x44, 0x80, 0x2f, 0x46,
    0xf3, 0x6f, 0xee, 0x79, 0x80, 0x4a, 0xa6, 0x48,
    0x4, 0x5c, 0x4, 0x56, 0x0, 0xf2, 0x7, 0x4,
    0x20, 0xc8, 0x5f, 0xe0, 0x4f, 0xfd, 0x20, 0xf,
    0xa0, 0x0, 0xf6, 0x13, 0x7f, 0xc3, 0x7f, 0xf4,
    0x81, 0xa3, 0x0, 0x56, 0xa, 0xdd, 0xd0, 0xd7,
    0x73, 0x40, 0x7, 0x2, 0x1, 0x4e, 0x13, 0x77,
    0x43, 0x5d, 0xcd, 0x0, 0x9c, 0x3, 0x84, 0x1f,
    0x32, 0x19, 0xcc, 0x58, 0x7, 0xfc, 0x9b, 0xb0,
    0xde, 0xea, 0x80, 0x3f, 0xf8, 0x6, 0x70, 0x0,
    0xce, 0x20, 0xf, 0xf2, 0xe6, 0x41, 0x19, 0x98,
    0x3, 0xfc, 0xdd, 0xdf, 0xc0,

    /* U+6B62 "止" */
    0x0, 0xfe, 0xd6, 0x0, 0xff, 0xe2, 0x18, 0x7,
    0xff, 0x88, 0x5c, 0x40, 0x3f, 0xf8, 0x67, 0x4,
    0x1, 0xff, 0xdd, 0x9f, 0xff, 0x8, 0x7, 0xf9,
    0x6a, 0xbc, 0x20, 0x1f, 0xec, 0x55, 0xf0, 0x7,
    0xff, 0xfc, 0x3, 0xff, 0xad, 0xfe, 0xd0, 0xcf,
    0xfc, 0x33, 0xff, 0xee, 0xaa, 0xff, 0xe2, 0xd8,

    /* U+6B63 "正" */
    0x4, 0x4f, 0xfe, 0x20, 0x95, 0xdf, 0xff, 0x11,
    0x4b, 0xff, 0xec, 0xc, 0xff, 0xf2, 0x0, 0x7f,
    0x84, 0x3, 0xff, 0x9e, 0x2c, 0x20, 0x1f, 0xfc,
    0x33, 0x92, 0x0, 0xff, 0xe5, 0xaa, 0xf8, 0xc0,
    0x3f, 0xe8, 0xaa, 0xeb, 0x0, 0xff, 0xb7, 0xff,
    0xa0, 0x3, 0xff, 0xfe, 0x1, 0xff, 0xc4, 0xdd,
    0x60, 0x6e, 0xf0, 0x66, 0xef, 0xd7, 0x68, 0x98,
    0xbb, 0xa2, 0x62, 0xef, 0xe0,

    /* U+6B65 "步" */
    0x0, 0xfe, 0x57, 0x0, 0xff, 0xe2, 0xe5, 0x80,
    0x7f, 0xf0, 0x31, 0xc0, 0x30, 0xaa, 0xf2, 0x0,
    0x78, 0x7c, 0x3, 0x15, 0xdf, 0x78, 0x7, 0xff,
    0x0, 0xfb, 0xba, 0xc0, 0x3f, 0xf9, 0x4a, 0xb1,
    0x99, 0x56, 0x22, 0x2a, 0xfc, 0x61, 0x17, 0x60,
    0x5b, 0xb9, 0x6, 0xef, 0xf0, 0x6f, 0x77, 0xca,
    0x9d, 0xdf, 0x40, 0x7, 0x5e, 0x0, 0x7e, 0x99,
    0x0, 0x79, 0xd3, 0xc0, 0x3e, 0x56, 0xf0, 0xe,
    0x58, 0x81, 0x80, 0x78, 0x6d, 0x58, 0x3, 0x3d,
    0x3b, 0x80, 0x3c, 0x5a, 0x16, 0x1, 0x86, 0x5e,
    0x0, 0x3c, 0xba, 0x38, 0x20, 0x18, 0x7e, 0x0,
    0x3b, 0xda, 0x97, 0x48, 0x3, 0xc2, 0x1, 0x92,
    0xa8, 0x73, 0x40, 0x1f, 0xc4, 0xb3, 0xb6, 0xd5,
    0xcc, 0x1, 0xfa, 0xbf, 0x69, 0x53, 0x30, 0xa0,
    0x1f, 0xef, 0x8c, 0xfc, 0x93, 0x0, 0xff, 0x80,

    /* U+6B77 "歷" */
    0x0, 0x27, 0xff, 0xff, 0x10, 0x40, 0x35, 0xdf,
    0xff, 0x2, 0xae, 0xc2, 0x1, 0x91, 0xc7, 0x22,
    0x9d, 0x40, 0xf6, 0x20, 0x28, 0x1, 0xe9, 0xc3,
    0x6e, 0x33, 0x70, 0x34, 0xea, 0x80, 0x7d, 0x53,
    0x86, 0x0, 0x2a, 0x71, 0x10, 0x7, 0xe4, 0xff,
    0x43, 0x7e, 0xbf, 0xf8, 0x6f, 0xfd, 0x80, 0x1c,
    0x9d, 0x20, 0x39, 0x87, 0xd2, 0x0, 0x3f, 0x68,
    0x7, 0x8e, 0x14, 0xb5, 0x42, 0x28, 0x65, 0x90,
    0x40, 0x21, 0x3, 0xc8, 0xd5, 0xd2, 0xb1, 0x70,
    0x2a, 0xa4, 0x80, 0x46, 0x37, 0xc, 0x2, 0x6a,
    0x36, 0x6, 0xe9, 0xa4, 0x20, 0x1, 0x28, 0x60,
    0x78, 0x2, 0x43, 0xd, 0x30, 0x2b, 0x10, 0x7,
    0x38, 0x0, 0xdc, 0x2, 0x10, 0xf, 0xf2, 0x98,
    0x1, 0x64, 0x3, 0x67, 0xfe, 0x20, 0xc, 0x7a,
    0x1, 0xfa, 0xb7, 0x71, 0x0, 0x44, 0xe, 0x1,
    0xf9, 0x88, 0xb0, 0x6, 0xa2, 0x2c, 0x20, 0x45,
    0x3, 0x11, 0x78, 0x0, 0xd4, 0x5b, 0xa8, 0x1d,
    0xd6, 0x5, 0x6e, 0xf8, 0x83, 0x58, 0xbf, 0xff,
    0xf8, 0x64,

    /* U+6C14 "气" */
    0x0, 0xe7, 0x20, 0xf, 0xfe, 0x2a, 0x40, 0x80,
    0x7f, 0xf1, 0x60, 0x5d, 0x13, 0xfe, 0x20, 0xc,
    0x86, 0x15, 0x5f, 0xfc, 0x5, 0x0, 0xd0, 0x7d,
    0xdf, 0xfc, 0x17, 0x0, 0x9c, 0xfb, 0x9f, 0xff,
    0xf0, 0x80, 0x49, 0xe, 0x5b, 0x99, 0xff, 0x8,
    0x0, 0x6d, 0x60, 0xc, 0xff, 0xf8, 0x0, 0x10,
    0xe5, 0x77, 0xff, 0xfc, 0xc0, 0x1c, 0x61, 0xb9,
    0x9f, 0xe0, 0x10, 0xf, 0x8c, 0xff, 0xe2, 0xf0,
    0xf, 0xfe, 0x30, 0x88, 0x3, 0xff, 0x8c, 0xe4,
    0x1, 0xff, 0xc6, 0x26, 0x0, 0xff, 0xe3, 0x79,
    0x0, 0x7f, 0xf1, 0x90, 0xc, 0x28, 0x40, 0x3f,
    0xf8, 0x44, 0x36, 0xe, 0x60, 0x1f, 0xfc, 0x39,
    0x77, 0x11, 0x0, 0x3f, 0xf8, 0x6e, 0xd0, 0xe0,

    /* U+6C23 "氣" */
    0x0, 0xd2, 0xc0, 0x1f, 0xfc, 0x44, 0x62, 0x0,
    0xff, 0xe2, 0x48, 0x5f, 0xff, 0xfd, 0x0, 0x13,
    0x16, 0x77, 0x7f, 0xf0, 0x24, 0x0, 0x73, 0x40,
    0x45, 0xff, 0x8, 0x80, 0xf5, 0x97, 0xbb, 0xff,
    0x80, 0x1, 0x5b, 0xc8, 0x6e, 0xff, 0xf0, 0x0,
    0x28, 0xbf, 0xff, 0xfe, 0x8, 0x7, 0x17, 0x77,
    0xfd, 0x40, 0x1f, 0x4a, 0x8, 0xb1, 0xc4, 0x50,
    0x82, 0x20, 0xf, 0xae, 0x8c, 0x3, 0x32, 0x20,
    0x3, 0xf8, 0xe1, 0x80, 0x21, 0xdc, 0x10, 0x70,
    0xe, 0x3f, 0xf4, 0x57, 0x94, 0xf2, 0x77, 0xf0,
    0x80, 0x80, 0x47, 0xdd, 0x58, 0x2, 0x37, 0xba,
    0xf3, 0x3, 0x0, 0xc2, 0x20, 0xa7, 0x2f, 0xe4,
    0x11, 0xc0, 0x20, 0x60, 0x10, 0xe2, 0x40, 0x75,
    0x54, 0x1, 0xa, 0x84, 0x18, 0x1f, 0xb5, 0x0,
    0x4d, 0xaf, 0xa4, 0x9, 0x80, 0xe0, 0xb8, 0xf6,
    0x1, 0xc5, 0xac, 0xe1, 0xea, 0xe6, 0x64, 0xb9,
    0x0, 0xfd, 0x6a, 0xa, 0xf0, 0xc0,

    /* U+6C34 "水" */
    0x0, 0xfc, 0x6e, 0x1, 0xff, 0xc5, 0x49, 0x0,
    0xff, 0xf9, 0x39, 0x0, 0x9, 0x57, 0xc0, 0x1,
    0x10, 0x4, 0xd0, 0x80, 0x7, 0xaa, 0xf1, 0x0,
    0x24, 0x0, 0x72, 0xec, 0x0, 0x5f, 0xfd, 0x4,
    0x40, 0x3, 0x89, 0xe3, 0x40, 0x7, 0xeb, 0x40,
    0x0, 0x9d, 0xeb, 0x48, 0x7, 0xe2, 0x3c, 0x0,
    0xbd, 0x52, 0x40, 0x3f, 0xac, 0x54, 0x2, 0x35,
    0x71, 0x0, 0xfc, 0x2d, 0x0, 0x1d, 0x67, 0xa0,
    0x1f, 0xac, 0x58, 0x3, 0x87, 0x4e, 0x80, 0x3c,
    0xcb, 0x40, 0x1f, 0x1c, 0xac, 0x80, 0x64, 0x96,
    0x40, 0xf, 0xcd, 0x2d, 0x62, 0xf, 0x69, 0x20,
    0x1f, 0xe6, 0xa4, 0xe5, 0x16, 0xb0, 0xf, 0xfe,
    0x2, 0xf2, 0xa3, 0x48, 0x4, 0x4c, 0xcb, 0x30,
    0xf, 0xd, 0x8, 0x7, 0x1c, 0xc8, 0x60, 0x3,
    0xff, 0x84, 0x3f, 0xed, 0x50, 0xf, 0xe0,

    /* U+6CD5 "法" */
    0x3, 0x30, 0x7, 0xea, 0x60, 0xf, 0x5e, 0x59,
    0x0, 0x79, 0xc4, 0x3, 0xd1, 0xa1, 0xaa, 0x1,
    0xff, 0xc2, 0x2b, 0x94, 0x3, 0x3e, 0xe3, 0x3c,
    0x1, 0xcc, 0x25, 0x99, 0x85, 0xb3, 0x30, 0x7,
    0xc5, 0xff, 0x89, 0xff, 0xf0, 0x5e, 0x20, 0x7,
    0xf7, 0x80, 0x74, 0xb5, 0xd0, 0x80, 0x7f, 0xf0,
    0x4a, 0xb1, 0x80, 0x6, 0x7e, 0xe3, 0x3e, 0x0,
    0x1e, 0x8, 0xb3, 0x38, 0x5b, 0x33, 0x70, 0x7,
    0xf, 0xfe, 0x42, 0xef, 0xfd, 0xa0, 0x1a, 0xc8,
    0x2, 0x34, 0x81, 0x0, 0xfc, 0xc8, 0x60, 0x14,
    0x1a, 0x82, 0x30, 0x7, 0xa1, 0xc4, 0x0, 0x88,
    0xf0, 0x3, 0xc9, 0x80, 0x67, 0x19, 0x0, 0xa5,
    0x8c, 0x0, 0x6f, 0xc0, 0x11, 0x44, 0x4, 0x1,
    0x21, 0x20, 0x48, 0xc0, 0x52, 0x0, 0x92, 0x70,
    0x3, 0xb1, 0xf7, 0xed, 0x50, 0x99, 0x84, 0x2b,
    0x20, 0x11, 0xac, 0xde, 0xff, 0x65, 0x49, 0xc0,
    0xfa, 0x0, 0x49, 0x4e, 0xa4, 0x1, 0xdf, 0x0,

    /* U+6D88 "消" */
    0x0, 0x28, 0x80, 0x7e, 0xb4, 0x0, 0xfa, 0x3d,
    0x80, 0x15, 0x20, 0x12, 0x90, 0x5, 0xce, 0x0,
    0xd9, 0x98, 0x39, 0x8c, 0x3, 0xce, 0x2c, 0x1,
    0x3d, 0xf8, 0x22, 0xf8, 0x7, 0x14, 0x48, 0x80,
    0x64, 0x60, 0x4, 0x90, 0x80, 0x6a, 0x36, 0x0,
    0x8, 0x7, 0x8f, 0xc4, 0x3, 0x46, 0x80, 0x5f,
    0x44, 0x1, 0x37, 0xf7, 0xf8, 0x67, 0xfd, 0xdc,
    0x0, 0x6b, 0xea, 0x80, 0x6c, 0xcf, 0x9c, 0x2,
    0x3d, 0x68, 0x0, 0x84, 0xcf, 0xed, 0x0, 0xe9,
    0xc0, 0x8, 0x51, 0x3e, 0xd0, 0xf, 0x8, 0x6,
    0x99, 0xf9, 0x80, 0x3c, 0xaa, 0x0, 0xe, 0xef,
    0xd6, 0x1, 0xe8, 0xc0, 0xf, 0xf1, 0x80, 0x72,
    0x15, 0x80, 0x7, 0xff, 0xe9, 0x0, 0xe8, 0x52,
    0x0, 0xf, 0x77, 0xd0, 0x1, 0x90, 0xe4, 0x3,
    0x8, 0xfc, 0x40, 0x1a, 0x10, 0xc0, 0x3f, 0xf8,
    0x6a, 0x70, 0x1, 0xfc, 0x4c, 0xbe, 0x60, 0x4,
    0x83, 0x0, 0xff, 0x5c, 0x34, 0x0,

    /* U+6E05 "清" */
    0x0, 0x8, 0x7, 0xe4, 0x80, 0xf, 0x87, 0xec,
    0x80, 0x2, 0x38, 0xd8, 0x47, 0x80, 0x3, 0xe5,
    0xab, 0x3d, 0xda, 0x7, 0xbb, 0x8c, 0x0, 0x33,
    0x69, 0x3f, 0xfa, 0xb, 0xff, 0x8c, 0x3, 0x20,
    0x97, 0xfe, 0x82, 0xff, 0xd6, 0x1, 0xf1, 0x7f,
    0xe8, 0x1f, 0xfd, 0x60, 0x3d, 0x20, 0x10, 0x8f,
    0x78, 0x8, 0xfd, 0xa9, 0xa6, 0xdd, 0xdc, 0xe3,
    0xdd, 0xde, 0x7, 0xaf, 0x6d, 0xff, 0xff, 0xc0,
    0xe0, 0xa, 0xa0, 0x1, 0x7f, 0xff, 0xc4, 0x1,
    0xf9, 0xdd, 0xdd, 0xed, 0x0, 0xfa, 0x8, 0x3,
    0xff, 0x88, 0x2e, 0xe0, 0x3, 0xff, 0xfb, 0x0,
    0x3d, 0x22, 0xa0, 0x8, 0xee, 0xf8, 0x3, 0xcc,
    0xc0, 0xa, 0x77, 0x7e, 0x0, 0xe6, 0x19, 0x0,
    0x9f, 0xff, 0xdc, 0x1, 0xd0, 0xa2, 0x1, 0x71,
    0x17, 0x8c, 0x3, 0x30, 0xc0, 0x7, 0xf1, 0x1a,
    0x80, 0x67, 0x82, 0x0, 0xfe, 0x4d, 0xb6, 0x20,

    /* U+6E29 "温" */
    0x0, 0x21, 0x80, 0x7f, 0xf1, 0xb3, 0x22, 0x7,
    0xff, 0xfe, 0x20, 0xd, 0x1c, 0xda, 0x5e, 0x7b,
    0xbe, 0xa0, 0xf, 0x86, 0xb4, 0x81, 0xc8, 0xbc,
    0xe0, 0x1f, 0xc4, 0x0, 0x4d, 0xdf, 0x60, 0x7,
    0xff, 0x0, 0xfb, 0xbd, 0x60, 0x1d, 0xd4, 0x20,
    0x19, 0xcc, 0xfc, 0xe0, 0x1d, 0x4f, 0xca, 0x1,
    0x39, 0x9f, 0x9c, 0x3, 0x93, 0x5e, 0xc0, 0x1e,
    0x5b, 0xbe, 0xb1, 0x0, 0xf4, 0x78, 0x1, 0xfb,
    0xbf, 0x88, 0x3, 0xc2, 0x0, 0x44, 0xff, 0x18,
    0x7, 0x8d, 0x8e, 0xea, 0x97, 0x6a, 0xbb, 0x55,
    0xf8, 0x7, 0xa3, 0x0, 0x1d, 0xc2, 0xce, 0x59,
    0xe8, 0x0, 0xf2, 0x22, 0x0, 0x3f, 0xf8, 0xb2,
    0xc4, 0x1, 0xff, 0xc4, 0x62, 0x80, 0xf, 0xfe,
    0x20, 0xcc, 0x9, 0xb0, 0x19, 0xcc, 0x63, 0xc7,
    0xc2, 0x60, 0x4, 0x27, 0xd, 0xa0, 0xcc, 0xd,
    0x62, 0x3e, 0x31, 0x61, 0x82, 0xe8, 0x3, 0xbf,
    0xff, 0xf8, 0x26,

    /* U+6E2C "測" */
    0x0, 0x10, 0x7, 0xff, 0xa, 0x4, 0xf, 0x68,
    0x42, 0x6a, 0xb4, 0x80, 0x73, 0x90, 0x1e, 0x3f,
    0x93, 0x81, 0x10, 0x5c, 0x9, 0x80, 0x3c, 0x7a,
    0xc4, 0x13, 0x10, 0xf0, 0x3, 0xd8, 0x7, 0xe8,
    0x0, 0xff, 0xe4, 0xee, 0xd4, 0x1, 0xf8, 0x71,
    0x80, 0x34, 0xce, 0x0, 0xfc, 0x37, 0x3a, 0x60,
    0x4, 0x48, 0xc0, 0x3f, 0x9f, 0x99, 0xc0, 0xe,
    0x23, 0x0, 0x7f, 0x86, 0xd0, 0x1, 0x7d, 0xca,
    0x0, 0xff, 0xe1, 0xdf, 0xfa, 0x80, 0x3f, 0xe2,
    0x20, 0x1, 0xc0, 0x2, 0x1, 0xff, 0x5c, 0x80,
    0x11, 0x2c, 0x0, 0xff, 0x9b, 0x80, 0xe6, 0xa8,
    0xc6, 0x2, 0x20, 0xf, 0x30, 0x28, 0x64, 0xf7,
    0x27, 0x41, 0x30, 0x3, 0xd4, 0xc0, 0xb, 0xb0,
    0x2, 0xa8, 0x1, 0xf9, 0xe, 0xc1, 0x17, 0xc0,
    0x1e, 0xac, 0x1, 0xf7, 0xa1, 0x12, 0x9c, 0xc0,
    0x4, 0xf6, 0x6, 0x8a, 0x2, 0x1f, 0xe0, 0x45,
    0x80, 0xd, 0x18, 0x13, 0x76, 0x52, 0x4, 0x40,
    0x35, 0x80, 0x78, 0x42, 0xbf, 0xa8, 0x0,

    /* U+6E7F "湿" */
    0x0, 0x28, 0x80, 0x7f, 0xf1, 0xbb, 0x92, 0x0,
    0xcf, 0xff, 0xea, 0x0, 0xd7, 0x67, 0xb0, 0x17,
    0xcc, 0xf9, 0x0, 0x3c, 0x9f, 0x20, 0xe, 0x33,
    0xf8, 0x40, 0x3e, 0x12, 0x0, 0x46, 0x67, 0xc8,
    0x1, 0x88, 0x3, 0xcf, 0x11, 0xf2, 0x80, 0x43,
    0xb8, 0x60, 0x1b, 0xd1, 0x3e, 0x10, 0x8, 0x75,
    0xf1, 0x80, 0x2e, 0x22, 0xf8, 0x40, 0x31, 0x5c,
    0x78, 0x0, 0x5f, 0x77, 0xe4, 0x0, 0xf3, 0xc8,
    0x3, 0x3f, 0xd1, 0xbf, 0x75, 0xfe, 0xa0, 0xf,
    0xe1, 0x0, 0x43, 0x6, 0x70, 0x0, 0xc0, 0x3d,
    0x82, 0xf8, 0x1, 0xfd, 0x8c, 0x1, 0x98, 0xc5,
    0xcd, 0x40, 0x3e, 0x61, 0x60, 0xd, 0x6c, 0x0,
    0x6e, 0x0, 0xfa, 0xe4, 0x3, 0x21, 0x58, 0x2,
    0xd0, 0x40, 0x39, 0xd, 0xc0, 0x34, 0x21, 0x0,
    0xd, 0xc0, 0x3e, 0xb0, 0xc, 0x87, 0xe0, 0x46,
    0x6b, 0x20, 0x23, 0x27, 0x73, 0x19, 0x80, 0x4,
    0x68, 0x19, 0x9c, 0x13, 0x8a, 0x79, 0x98, 0x41,
    0xb0, 0x1, 0xdf, 0xff, 0xfc, 0x11,

    /* U+6E90 "源" */
    0x0, 0x39, 0x0, 0x7f, 0xf1, 0xaf, 0x5c, 0xf,
    0xff, 0xff, 0x80, 0x1, 0x64, 0x42, 0x80, 0x15,
    0x77, 0xa2, 0xef, 0x80, 0x33, 0xe4, 0x80, 0x11,
    0x33, 0xc0, 0x22, 0x60, 0xe, 0x33, 0x0, 0x42,
    0x35, 0x8a, 0x88, 0xc0, 0x1f, 0xf6, 0x77, 0x1c,
    0x7b, 0xb1, 0x0, 0x36, 0x0, 0x3e, 0xaf, 0xff,
    0x0, 0x68, 0x6e, 0x40, 0xe, 0x31, 0x1e, 0x20,
    0xc, 0xbc, 0x9c, 0x1, 0x8, 0x4f, 0x77, 0x68,
    0x7, 0xaa, 0x80, 0xe0, 0x15, 0x7f, 0xf8, 0x3,
    0xf8, 0x84, 0x0, 0x64, 0x5c, 0x60, 0x1f, 0x38,
    0x9, 0x0, 0xc6, 0x63, 0x75, 0x9a, 0x20, 0x1c,
    0x70, 0x7c, 0xc1, 0x9d, 0xd0, 0x5f, 0x74, 0x40,
    0x1a, 0x4c, 0xc9, 0xa0, 0x56, 0x1, 0xd8, 0x60,
    0x18, 0x56, 0x44, 0x90, 0x20, 0x40, 0x39, 0x78,
    0x3, 0x48, 0xab, 0x81, 0xa2, 0xc0, 0x7, 0x41,
    0x38, 0x0, 0x5e, 0x42, 0xd8, 0x6a, 0x8, 0x3,
    0x86, 0x20, 0x21, 0x20, 0xca, 0x50, 0x2c, 0xe2,
    0x46, 0x1, 0x9e, 0x84, 0x2a, 0x82, 0x27, 0x10,
    0x80, 0x7d, 0xc4, 0x50, 0x9, 0x40,

    /* U+6EAB "溫" */
    0x0, 0x39, 0x80, 0x7f, 0xf1, 0xb7, 0x28, 0x0,
    0xdf, 0xff, 0xc2, 0x1, 0xaa, 0xd3, 0x0, 0x4f,
    0xb9, 0xaf, 0xbd, 0x60, 0x1f, 0x27, 0xf8, 0x2,
    0x11, 0x32, 0x10, 0xb0, 0x7, 0xe1, 0x30, 0xe,
    0xf0, 0xf, 0xe1, 0x0, 0xfd, 0xf, 0x78, 0x20,
    0x1e, 0xfc, 0x40, 0xe, 0x75, 0xe7, 0xac, 0x10,
    0xe, 0xc6, 0xb9, 0x0, 0xc9, 0xe6, 0x2f, 0x20,
    0x1e, 0x2a, 0xa7, 0x0, 0x47, 0x9b, 0xdd, 0x5e,
    0x0, 0x7c, 0xae, 0x0, 0x7f, 0xff, 0xe1, 0x0,
    0xfe, 0x33, 0xff, 0x10, 0x7, 0x98, 0x4b, 0x31,
    0xb9, 0x8d, 0xcc, 0x6e, 0x70, 0x7, 0xc, 0xa0,
    0x3, 0xf8, 0xb3, 0x96, 0x7a, 0x0, 0x3d, 0x22,
    0xa0, 0x1f, 0xfc, 0x41, 0x78, 0x0, 0xff, 0xe2,
    0xc0, 0xb0, 0x7, 0xff, 0x10, 0x9a, 0x0, 0xdc,
    0xc, 0xe6, 0x31, 0xe3, 0xe1, 0x30, 0x2, 0x93,
    0x6, 0x50, 0x66, 0x6, 0xb1, 0x1f, 0x18, 0xb0,
    0xc1, 0xf0, 0x1, 0xff, 0xff, 0xc2, 0x30,

    /* U+6F0F "漏" */
    0x4, 0x10, 0xf, 0xfe, 0x2f, 0xf3, 0x2, 0x7f,
    0xff, 0xca, 0x0, 0xb9, 0x95, 0x0, 0x3b, 0xbf,
    0x84, 0x3, 0x36, 0xc0, 0x0, 0x47, 0xf8, 0x3,
    0xc4, 0x40, 0x7, 0xff, 0xf0, 0x80, 0x7f, 0x6e,
    0xff, 0x94, 0x2b, 0xc, 0x3, 0xff, 0x84, 0x41,
    0xf, 0x94, 0x1, 0x6e, 0xff, 0xc2, 0x57, 0x42,
    0x2, 0x2f, 0xfd, 0xa1, 0xff, 0xc2, 0x0, 0x5b,
    0x0, 0x19, 0x91, 0x30, 0x22, 0x63, 0x0, 0xf1,
    0xf, 0xcc, 0x42, 0xc2, 0x22, 0xa8, 0x0, 0xc8,
    0x1e, 0xc1, 0x1b, 0x9e, 0x19, 0xb9, 0x20, 0x19,
    0x6c, 0x8, 0x80, 0xd, 0x80, 0x2, 0x61, 0x80,
    0x77, 0x28, 0x3f, 0x0, 0x30, 0xd8, 0x13, 0xa4,
    0x3, 0xa, 0x70, 0x92, 0x0, 0xa, 0xd8, 0x8,
    0x94, 0x1, 0xa4, 0x51, 0x2, 0x40, 0x7c, 0xe0,
    0x6, 0xc3, 0x0, 0xcd, 0x21, 0x2e, 0x0, 0x3c,
    0xc3, 0x82, 0x75, 0x80, 0x4e, 0x2c, 0x87, 0x60,
    0x1a, 0xdc, 0x0, 0x71, 0xe0, 0x5, 0x91, 0x76,
    0x20, 0xf, 0x10, 0x2f, 0x36, 0x1, 0x30, 0x1c,
    0x80, 0x31, 0x40, 0x5, 0xa0, 0xbd, 0xc7, 0x0,

    /* U+6FD5 "濕" */
    0x0, 0x20, 0x7, 0xff, 0x1a, 0x39, 0x80, 0xff,
    0xbb, 0xf7, 0xa8, 0x5, 0x97, 0x10, 0x0, 0x77,
    0x7e, 0x10, 0xe, 0x5f, 0xa0, 0x6, 0xef, 0xe1,
    0x0, 0xf0, 0x90, 0x3, 0x33, 0xf0, 0x80, 0x7f,
    0x84, 0x7f, 0x0, 0x6c, 0x60, 0xc, 0x3d, 0xdf,
    0x80, 0x35, 0xce, 0x10, 0x1f, 0x16, 0x77, 0x66,
    0xae, 0x50, 0x3, 0xf0, 0x20, 0x1, 0xdc, 0x48,
    0x0, 0x46, 0x52, 0x0, 0xc3, 0x8c, 0x7, 0x1e,
    0xd4, 0x22, 0xab, 0xf, 0x60, 0xf, 0xb8, 0xa6,
    0x54, 0x3a, 0x37, 0xc8, 0xc0, 0x1d, 0x3, 0xba,
    0x17, 0x30, 0xdf, 0x65, 0xa4, 0x0, 0xc4, 0xe6,
    0x16, 0xd7, 0x46, 0x2e, 0x90, 0xd4, 0x1, 0xad,
    0xa, 0xd1, 0xe1, 0xa6, 0x50, 0x7f, 0xc4, 0xe0,
    0x1, 0x68, 0xa, 0xdd, 0x5d, 0xbe, 0x3b, 0xf7,
    0xf8, 0xc0, 0x10, 0x66, 0x0, 0x69, 0x1e, 0x29,
    0x78, 0xd, 0x32, 0x1, 0x34, 0x0, 0x21, 0x8,
    0xcc, 0x26, 0x4c, 0x37, 0x40, 0x5, 0x44, 0x2,
    0x34, 0x80, 0x5, 0x42, 0xa8, 0xa, 0x50, 0xf,
    0x40, 0x15, 0x10, 0x2, 0x58, 0x1e, 0x40, 0x11,
    0xe0,

    /* U+706F "灯" */
    0x0, 0xc7, 0x40, 0x1f, 0xfc, 0x66, 0x50, 0x8,
    0x47, 0xfc, 0x1, 0xfc, 0x5d, 0xdf, 0xe2, 0x0,
    0xfc, 0x59, 0x9c, 0x49, 0x99, 0x10, 0x2, 0x80,
    0x33, 0x41, 0x9f, 0x9, 0x19, 0xc0, 0x1, 0x50,
    0xd, 0x5c, 0x1, 0xff, 0xc0, 0x21, 0x0, 0x84,
    0x98, 0x3, 0xff, 0x80, 0xaa, 0x0, 0xb, 0x30,
    0x3, 0xff, 0x83, 0x98, 0x3, 0x32, 0xc8, 0x7,
    0xff, 0x6, 0x18, 0x4, 0x44, 0x20, 0x1f, 0xfc,
    0x12, 0x10, 0xd6, 0x0, 0xff, 0xe3, 0x3b, 0x80,
    0x3f, 0xf8, 0xa2, 0x47, 0x80, 0x1f, 0xfc, 0x49,
    0x1f, 0xb, 0x0, 0xff, 0xe1, 0xb3, 0x7, 0x55,
    0xc0, 0x3f, 0xf8, 0x32, 0x32, 0x3, 0xac, 0x1,
    0xff, 0xc0, 0x76, 0xa1, 0x0, 0x18, 0x82, 0x33,
    0x44, 0x20, 0x1d, 0x90, 0xa0, 0x1e, 0x19, 0x94,
    0x15, 0x0, 0x75, 0xb8, 0x7, 0xcb, 0xfe, 0xec,
    0x20, 0xc,

    /* U+70B9 "点" */
    0x0, 0xfe, 0xf4, 0x0, 0xff, 0xec, 0xe2, 0xaf,
    0xc2, 0x1, 0xfe, 0x7b, 0xbf, 0x8c, 0x3, 0xfd,
    0x7d, 0xdf, 0x10, 0x7, 0xff, 0x2a, 0xf7, 0x78,
    0x2b, 0x77, 0x98, 0x3, 0x99, 0xee, 0xf4, 0xc5,
    0xde, 0x20, 0xf, 0xb1, 0x9b, 0xfc, 0x20, 0x1f,
    0xfe, 0x1c, 0x55, 0xff, 0x8, 0x7, 0x99, 0xe2,
    0x3f, 0xc4, 0x1, 0xeb, 0xdd, 0xff, 0xe0, 0x30,
    0x7, 0x52, 0x80, 0xb0, 0x4, 0xe2, 0x0, 0xb6,
    0x0, 0xca, 0xa7, 0x2, 0x91, 0x0, 0x53, 0x0,
    0x36, 0x4c, 0x0, 0x30, 0xc4, 0x4, 0xa, 0x0,
    0xa9, 0x0, 0x32, 0xe8, 0x2, 0x82, 0x40, 0x2,
    0x2, 0x0, 0x51, 0x40, 0x5, 0x8c, 0x89, 0x78,
    0x6, 0x76, 0x0, 0x14, 0xb0, 0x0, 0x6b, 0x40,

    /* U+70DF "烟" */
    0x0, 0xd8, 0x40, 0x1f, 0xfc, 0x53, 0x10, 0x7,
    0x7f, 0xff, 0x28, 0x7, 0xf4, 0x5d, 0xfc, 0x20,
    0x1f, 0xe3, 0x44, 0x2f, 0x22, 0x40, 0x10, 0xa8,
    0x4, 0x94, 0x1, 0x8d, 0x0, 0x3c, 0x9c, 0x1,
    0x69, 0x80, 0x7f, 0xf0, 0x8, 0x80, 0x13, 0xd8,
    0x9, 0x11, 0xc0, 0x88, 0x20, 0x16, 0xf0, 0x1,
    0x14, 0x80, 0xf7, 0x54, 0x3b, 0xa8, 0x0, 0x91,
    0x2, 0x7, 0x0, 0x2, 0xff, 0x59, 0xff, 0xa4,
    0x2, 0x63, 0x0, 0x29, 0x80, 0x71, 0x98, 0x80,
    0x3a, 0x0, 0x80, 0x40, 0x3d, 0x87, 0x0, 0x1f,
    0x30, 0x18, 0x7, 0x12, 0x6b, 0xa0, 0x7, 0xb4,
    0x34, 0x40, 0x34, 0x28, 0xc4, 0x0, 0x3c, 0xac,
    0x56, 0x1, 0x32, 0xc0, 0x28, 0xa0, 0x6, 0x22,
    0x57, 0x2a, 0x83, 0x26, 0x88, 0x1, 0x7c, 0x1,
    0xac, 0x4c, 0xa3, 0x3, 0x30, 0xa0, 0x13, 0x50,
    0x4, 0x8c, 0xc0, 0x3, 0xc8, 0x5e, 0x7f, 0xf8,
    0x40, 0x14, 0x30, 0x1, 0xd1, 0x77, 0xf0, 0x80,
    0x1b, 0x40, 0x3c, 0x68, 0x9f, 0x10, 0x84, 0x18,
    0x7, 0x72, 0x0, 0x7d, 0x88,

    /* U+70ED "热" */
    0x0, 0xca, 0xc0, 0x1c, 0xc8, 0x1, 0xff, 0x66,
    0x0, 0x3a, 0xb0, 0x3, 0xff, 0x8f, 0xe0, 0x1f,
    0xa7, 0xfc, 0xcb, 0xfe, 0x5d, 0xd1, 0xce, 0xed,
    0x60, 0x1a, 0xee, 0x43, 0xbb, 0x24, 0xc8, 0x5a,
    0x64, 0x8e, 0x1, 0x89, 0x10, 0x4c, 0x88, 0x14,
    0x40, 0x6a, 0x23, 0x80, 0x3f, 0xe3, 0x10, 0x0,
    0xb0, 0x7, 0xf8, 0x49, 0x3f, 0x1f, 0x14, 0x8,
    0x3, 0xf4, 0x6f, 0x21, 0xd7, 0x32, 0xd0, 0x88,
    0x3, 0xf1, 0x2e, 0x33, 0xa8, 0x84, 0xa0, 0xe1,
    0x80, 0x80, 0x75, 0x41, 0x80, 0x71, 0xa5, 0xb6,
    0x39, 0x88, 0x18, 0x7, 0xf0, 0xfa, 0xa5, 0x49,
    0x31, 0x7, 0xa0, 0x1, 0x15, 0x40, 0x3, 0xf0,
    0xb0, 0x3, 0x29, 0x83, 0x1b, 0x0, 0x36, 0x1e,
    0x40, 0x5f, 0x4, 0x3, 0xa6, 0x48, 0x40, 0x9,
    0x94, 0x18, 0x14, 0x80, 0x8, 0x2, 0x30, 0xfb,
    0x0, 0x86, 0xd8, 0x1, 0xe8, 0x0, 0xc7, 0x0,
    0xa5, 0x40, 0x35, 0x9a, 0x80, 0x8, 0xc0, 0xd,
    0x20, 0x3, 0x7b, 0x10, 0x3, 0xaf, 0x0, 0x4d,
    0xa0, 0xa, 0x14, 0x0, 0x41, 0xc0, 0x3, 0xe8,
    0x80, 0x2d, 0xf0, 0x1, 0x3b, 0x80, 0x28, 0x10,

    /* U+7121 "無" */
    0x0, 0xe7, 0x10, 0xf, 0xfe, 0x2c, 0xc8, 0x3,
    0xff, 0x8a, 0x8c, 0x8a, 0x89, 0xff, 0x0, 0x62,
    0xa0, 0x5b, 0xbf, 0xfe, 0x1, 0x0, 0xf, 0x0,
    0x1f, 0xe6, 0x67, 0xf8, 0x73, 0xf0, 0x3f, 0xc4,
    0x0, 0xe2, 0xd0, 0xf, 0xfe, 0x2e, 0x60, 0x40,
    0x3f, 0xf8, 0xa9, 0xd8, 0x1d, 0xc6, 0x67, 0x70,
    0x73, 0xb0, 0x3b, 0x86, 0x0, 0x4b, 0x80, 0xbb,
    0x22, 0x2e, 0xc1, 0x17, 0x1, 0x76, 0x20, 0x0,
    0xaa, 0x2, 0xa8, 0x88, 0xaa, 0x14, 0x54, 0x5,
    0x50, 0x80, 0x7f, 0xf7, 0xbb, 0xf4, 0x3f, 0xcc,
    0xcf, 0xf0, 0xe7, 0xe0, 0x7f, 0xac, 0x1, 0x57,
    0x7f, 0xfc, 0x48, 0x0, 0x22, 0x34, 0x51, 0x2,
    0x89, 0x13, 0x22, 0xf, 0x50, 0xc0, 0x24, 0x66,
    0x0, 0x29, 0x0, 0x1b, 0x0, 0x4, 0x66, 0x0,
    0x69, 0x53, 0x0, 0x11, 0x80, 0x39, 0x44, 0xe,
    0x24, 0x80, 0x14, 0x16, 0x1, 0x37, 0x80, 0x14,
    0x10, 0x0, 0xe5, 0x20, 0xe, 0xf1, 0x0, 0xa2,
    0x80, 0x2c, 0x40, 0xb, 0xbc, 0x0,

    /* U+7159 "煙" */
    0x0, 0xa5, 0x0, 0x3f, 0xf8, 0xaa, 0x20, 0xfd,
    0xdf, 0xf5, 0x0, 0x79, 0x6a, 0xa3, 0x4a, 0x81,
    0xba, 0xa4, 0x80, 0x78, 0x91, 0x26, 0xd4, 0x40,
    0x22, 0x46, 0x6, 0x40, 0x6, 0x62, 0xac, 0xda,
    0xaa, 0x7, 0x55, 0x8, 0x5a, 0x0, 0x34, 0xaa,
    0x24, 0xd2, 0x68, 0x2a, 0x69, 0x0, 0xc8, 0xd,
    0x50, 0x3f, 0x12, 0x73, 0xc3, 0x30, 0x20, 0x5,
    0x50, 0x6b, 0x80, 0x7f, 0xf0, 0x4c, 0x84, 0x36,
    0x0, 0xc, 0x21, 0xe2, 0xc0, 0x22, 0x0, 0x14,
    0x0, 0x90, 0x80, 0x2f, 0x95, 0xfa, 0xc3, 0xb8,
    0x20, 0x28, 0x6, 0xe0, 0xf, 0xfe, 0x6c, 0xff,
    0xca, 0x1, 0x8, 0x80, 0x3e, 0x66, 0x0, 0x7c,
    0x40, 0xa0, 0x2, 0x33, 0xc0, 0x46, 0x78, 0x2,
    0x40, 0x82, 0x9, 0xdd, 0xc1, 0x1b, 0xb8, 0x40,
    0x1a, 0xcc, 0x90, 0xbe, 0xec, 0x15, 0xdd, 0x84,
    0x9, 0x2a, 0x15, 0x0, 0x3f, 0xf8, 0x32, 0x66,
    0x1a, 0x72, 0x2e, 0x2, 0x2f, 0x22, 0x38, 0x0,
    0xb9, 0xbb, 0xc1, 0x1b, 0xbc, 0x96, 0x40, 0x1,
    0xff, 0xff, 0xe0, 0x80,

    /* U+71B1 "熱" */
    0x0, 0xea, 0x20, 0xe, 0x3b, 0x0, 0xff, 0x95,
    0x80, 0x39, 0xd4, 0x3, 0xf7, 0x7f, 0x82, 0xff,
    0xc8, 0x0, 0x10, 0xf, 0xee, 0xff, 0x6, 0x7f,
    0x92, 0x2e, 0x6, 0xee, 0x10, 0xa, 0x73, 0x20,
    0xec, 0xca, 0x65, 0x47, 0x30, 0x80, 0x1a, 0xfe,
    0x21, 0x9d, 0x3f, 0xe1, 0x2f, 0x62, 0x20, 0x7,
    0x13, 0x51, 0x18, 0xdd, 0x14, 0x49, 0x18, 0x7,
    0xd5, 0x38, 0xce, 0x7c, 0x3f, 0x4a, 0xa1, 0x1,
    0x0, 0xeb, 0xc2, 0x8, 0x20, 0x8f, 0x2c, 0x7,
    0x70, 0x0, 0xc0, 0x22, 0xff, 0x83, 0x3f, 0xce,
    0x8, 0x13, 0xa, 0x0, 0x10, 0x1, 0xf7, 0x41,
    0x5d, 0xc6, 0xe, 0x66, 0x5a, 0x10, 0xd9, 0x0,
    0x4, 0x60, 0x61, 0x2, 0x45, 0xa0, 0x41, 0x66,
    0x8, 0x1, 0x5e, 0x68, 0x37, 0xfb, 0x29, 0xcc,
    0x2, 0xc9, 0x62, 0xf, 0xd1, 0xda, 0xdd, 0x7c,
    0x24, 0x0, 0x67, 0x72, 0x80, 0x2a, 0x96, 0xaa,
    0x32, 0x6, 0xa0, 0xc, 0x47, 0x70, 0x1, 0xe,
    0xa8, 0x3, 0xcc, 0x1, 0x90, 0x0, 0x4c, 0x30,
    0xd, 0x0, 0xe0, 0x1, 0x50, 0x5, 0x30, 0x1,
    0x97, 0x44, 0x0, 0xcc, 0xd0, 0x8, 0xb8, 0x0,
    0xe2, 0x80, 0xb, 0xb, 0x0, 0x15, 0x18, 0x5,
    0x16, 0x0, 0x1b, 0x50, 0x0, 0xd7, 0x80,

    /* U+71C3 "燃" */
    0x0, 0xff, 0xe5, 0xa5, 0x0, 0x6e, 0x30, 0xd,
    0xc4, 0x80, 0x1c, 0x2c, 0x1, 0x18, 0x98, 0x6,
    0x11, 0x50, 0x80, 0x7f, 0x20, 0x77, 0x34, 0x2,
    0x24, 0x60, 0xf, 0xb4, 0x6d, 0xf2, 0x58, 0x3,
    0x77, 0x0, 0x5, 0x0, 0x4, 0x11, 0x1c, 0x97,
    0x8a, 0x20, 0x10, 0x34, 0x0, 0xe2, 0x0, 0xcb,
    0x74, 0x42, 0x98, 0x55, 0x2, 0xaa, 0x20, 0x21,
    0x0, 0x2b, 0x4f, 0x34, 0xa5, 0xf6, 0x84, 0xf7,
    0x8, 0x33, 0x4c, 0x6e, 0x49, 0xce, 0x50, 0x41,
    0x83, 0x40, 0x32, 0x28, 0x33, 0xf, 0xeb, 0x63,
    0x80, 0x1e, 0x68, 0x1, 0xa4, 0x4, 0x1, 0x67,
    0xa, 0x6a, 0x2, 0xb0, 0x4a, 0x1, 0x30, 0x78,
    0x80, 0x42, 0xd6, 0x0, 0xb3, 0x4a, 0x90, 0xe,
    0x27, 0x0, 0xb5, 0x14, 0x19, 0x7c, 0x18, 0xd8,
    0x3, 0x31, 0x48, 0xe8, 0x50, 0x44, 0xd1, 0x80,
    0xcc, 0x90, 0x0, 0x27, 0x2c, 0xb5, 0x80, 0xd,
    0xc5, 0x0, 0x9a, 0x50, 0x0, 0xe2, 0xcf, 0xed,
    0x82, 0x62, 0x6a, 0x81, 0x10, 0x60, 0xa, 0x9c,
    0x22, 0x98, 0x5, 0x3c, 0xb, 0xc2, 0xdc, 0x80,
    0xa, 0x76, 0x1, 0x4c, 0x80, 0x98, 0x19, 0x8,
    0xd6, 0x0, 0x16, 0xc4, 0x0, 0xa5, 0x50, 0x31,
    0x0, 0x9a, 0x4, 0xa9, 0x4, 0xc8, 0x2, 0x3a,
    0x0, 0x14, 0x0, 0x21, 0x40, 0xe0, 0x0,

    /* U+71C8 "燈" */
    0x0, 0x8a, 0x0, 0x3f, 0x2a, 0x0, 0x7e, 0x64,
    0x0, 0x17, 0xfe, 0x43, 0x80, 0xa6, 0x0, 0xfe,
    0x2c, 0xc4, 0x82, 0xb9, 0xe3, 0x38, 0x7, 0xf2,
    0xd9, 0xe2, 0x8, 0x90, 0x30, 0xe0, 0x0, 0x4c,
    0x1, 0x63, 0x2e, 0x2c, 0x0, 0x20, 0xdb, 0x4,
    0x0, 0xde, 0x0, 0x20, 0x3d, 0x23, 0x21, 0x11,
    0x1c, 0xdc, 0x80, 0xb, 0x80, 0xb, 0x41, 0x0,
    0xe, 0xec, 0xc3, 0x20, 0x17, 0x90, 0x2, 0x9d,
    0xea, 0xcf, 0xfd, 0x5a, 0x7a, 0x40, 0xae, 0x0,
    0xb2, 0x89, 0x15, 0x5f, 0x35, 0x88, 0x1, 0x48,
    0x59, 0x87, 0xc9, 0x53, 0x3e, 0xa1, 0xc2, 0x9,
    0x3, 0x30, 0x0, 0x40, 0x19, 0x9e, 0x0, 0xfb,
    0x80, 0x3c, 0x23, 0xe0, 0xf, 0x8d, 0x88, 0x3,
    0x77, 0x78, 0x3, 0xe4, 0x7f, 0x0, 0x16, 0xc7,
    0xfe, 0x7b, 0x50, 0xc, 0x85, 0xd, 0x40, 0x14,
    0x18, 0x0, 0xdd, 0xc0, 0x1d, 0xea, 0x14, 0xe0,
    0x2, 0x4a, 0x0, 0x4a, 0x18, 0x6, 0x54, 0x90,
    0x1c, 0x22, 0x8c, 0x49, 0x17, 0x88, 0xa0, 0x5,
    0xc8, 0x80, 0xf, 0x76, 0x77, 0x6d, 0x85, 0x6e,
    0xc0, 0xa, 0x60, 0x8, 0xbf, 0xff, 0xf8, 0x0,

    /* U+724C "牌" */
    0x0, 0x28, 0x85, 0x18, 0x7, 0x35, 0x0, 0x7e,
    0xb5, 0x4, 0x70, 0xe, 0x83, 0x0, 0xff, 0xe1,
    0x27, 0xfc, 0x2d, 0xff, 0xa0, 0x3, 0xfe, 0xee,
    0x82, 0xbb, 0x88, 0x1, 0xff, 0x8, 0xe0, 0x61,
    0x10, 0x7, 0x88, 0xc0, 0xcc, 0x22, 0x88, 0x82,
    0x62, 0xc, 0x1, 0xd3, 0x83, 0x18, 0x40, 0x1c,
    0x60, 0x1f, 0xaf, 0xff, 0x18, 0xc4, 0x24, 0x26,
    0x20, 0xc0, 0x1f, 0xf0, 0x99, 0x98, 0x4c, 0xe7,
    0x0, 0xc2, 0xe0, 0x19, 0xcb, 0xb6, 0x3, 0xba,
    0x1f, 0x0, 0xd9, 0xff, 0x9, 0xee, 0x89, 0x3b,
    0x3b, 0x74, 0xe0, 0x1a, 0xb6, 0x40, 0x25, 0xd7,
    0xb0, 0x4d, 0x0, 0xe1, 0x4, 0x22, 0x0, 0x7,
    0xe2, 0xc0, 0x3f, 0x8c, 0x4, 0x2, 0x2e, 0x5a,
    0xff, 0xa8, 0x7f, 0xe1, 0x6, 0x10, 0xc, 0x59,
    0x9e, 0x70, 0xcc, 0x84, 0xc, 0x80, 0x38, 0xcf,
    0xda, 0x26, 0x70, 0x3, 0x50, 0x3, 0xff, 0x8c,
    0xb8, 0x1, 0xff, 0xc5, 0x12, 0x40, 0xf, 0xfe,
    0x28, 0xe8, 0x4, 0x9e, 0x20, 0x1e, 0x5e, 0x0,
    0xc0,

    /* U+7387 "率" */
    0x0, 0xfd, 0x8a, 0x1, 0xff, 0xc4, 0x4b, 0x10,
    0xf, 0xa3, 0xff, 0xe7, 0x1e, 0xff, 0xf6, 0x55,
    0xdf, 0x9c, 0x2a, 0xef, 0xef, 0x2d, 0x4, 0x49,
    0x5a, 0x95, 0x50, 0xc8, 0x8d, 0x3, 0xe, 0xb8,
    0x0, 0x6a, 0x32, 0x6b, 0x90, 0x5b, 0xb0, 0x1,
    0xed, 0xdd, 0x6, 0xb9, 0x63, 0x61, 0x8d, 0x84,
    0x1, 0x26, 0xbc, 0xe7, 0x31, 0x78, 0x2, 0x34,
    0x80, 0x38, 0xa0, 0xcd, 0x9, 0x93, 0x3, 0xa4,
    0x1, 0xcf, 0xc8, 0x14, 0x98, 0x1c, 0xe8, 0x7a,
    0xc0, 0x6, 0xf9, 0xbc, 0xf5, 0x2e, 0xe5, 0xc,
    0x55, 0x26, 0x40, 0x51, 0xca, 0x15, 0x37, 0x57,
    0xfc, 0xc4, 0xba, 0xa6, 0x8e, 0x1, 0x3b, 0x27,
    0x78, 0x2, 0xc8, 0xb, 0xf, 0xbf, 0xfe, 0x44,
    0x7f, 0xfe, 0xdc, 0xcf, 0x8c, 0xd9, 0x9f, 0x8c,
    0xff, 0x3b, 0x8c, 0xff, 0x0, 0x7f, 0xfa, 0x80,

    /* U+7406 "理" */
    0x4, 0x4f, 0x5, 0x5d, 0xff, 0x20, 0x2, 0xef,
    0xc2, 0x85, 0xba, 0x24, 0xdd, 0x90, 0x40, 0x1f,
    0xe7, 0x3f, 0xf0, 0x86, 0xb3, 0x28, 0x59, 0xa1,
    0x0, 0xff, 0xe9, 0xdf, 0xfb, 0x7, 0xfe, 0x10,
    0xf, 0xfa, 0x77, 0x54, 0x3b, 0xb0, 0x6, 0x79,
    0x42, 0x97, 0x0, 0x11, 0x4c, 0x4, 0x50, 0x80,
    0x5c, 0x62, 0x7, 0xc0, 0x2, 0x11, 0x30, 0x8,
    0xe0, 0xa, 0x69, 0x4a, 0xa4, 0x1, 0x3d, 0xca,
    0x1e, 0xe8, 0x3, 0xfe, 0xef, 0xfa, 0x83, 0xbf,
    0xe5, 0x0, 0xff, 0xe1, 0x88, 0x7, 0xff, 0x5,
    0x13, 0x68, 0x22, 0x62, 0x0, 0xf1, 0xc1, 0xdd,
    0xe7, 0xb, 0xbe, 0x0, 0x91, 0x7, 0x88, 0x5f,
    0xfa, 0x83, 0xff, 0x48, 0x17, 0xdb, 0xcf, 0x60,
    0x80, 0x7f, 0xf0, 0xa, 0xba, 0xd8, 0x4d, 0x13,
    0xb4, 0x15, 0x13, 0x8, 0x28, 0x80, 0x53, 0x77,
    0xce, 0x15, 0x77, 0x94,

    /* U+74E6 "瓦" */
    0x45, 0x5f, 0xfe, 0x20, 0xc5, 0x57, 0xff, 0x11,
    0x73, 0xfe, 0xc0, 0xbf, 0xff, 0xf2, 0x0, 0x66,
    0x5, 0x0, 0xff, 0xe1, 0xe8, 0x88, 0x3, 0xff,
    0x86, 0x63, 0xff, 0xf3, 0x80, 0x7e, 0x64, 0xaa,
    0xf0, 0x80, 0x7f, 0x16, 0xaa, 0xf8, 0xc0, 0x3f,
    0x18, 0x2b, 0xd8, 0x7, 0xff, 0x5, 0x40, 0xd5,
    0x58, 0x1, 0xff, 0xc0, 0xf1, 0x2, 0xc2, 0xc0,
    0xf, 0xf9, 0x54, 0x0, 0x2c, 0x3a, 0x0, 0xff,
    0x19, 0x80, 0x22, 0xc8, 0x0, 0xe4, 0x70, 0x1,
    0x6, 0x80, 0x63, 0x20, 0xe, 0x2b, 0x0, 0x20,
    0x20, 0x4, 0x48, 0xc0, 0x1c, 0x2e, 0x9, 0x1,
    0x17, 0xdf, 0xb7, 0xa0, 0x38, 0xaa, 0xb3, 0x3,
    0x11, 0x11, 0x22, 0xfb, 0xec, 0x29, 0x2a, 0x83,
    0x40, 0xfd, 0xcb, 0x96, 0x41, 0x0, 0x9b, 0xfe,
    0xd2,

    /* U+7528 "用" */
    0x0, 0x91, 0x57, 0xff, 0x82, 0x80, 0x15, 0x57,
    0xff, 0xc, 0x3, 0x4f, 0xfe, 0x91, 0xff, 0xe9,
    0x0, 0xff, 0xee, 0xcf, 0x76, 0x91, 0xee, 0xe9,
    0x0, 0xe5, 0xbb, 0xca, 0x17, 0x7c, 0xa0, 0x1d,
    0x8a, 0xbb, 0x5, 0x57, 0xb0, 0x3, 0xff, 0x94,
    0x26, 0x1, 0xff, 0xc5, 0xaf, 0xfd, 0x23, 0xff,
    0xd2, 0x1, 0x10, 0x4d, 0xde, 0x60, 0xbb, 0xe6,
    0x0, 0x90, 0x59, 0x13, 0x78, 0xa2, 0x77, 0x80,
    0x5a, 0x80, 0x1f, 0xfc, 0x31, 0x4c, 0x0, 0xff,
    0xe1, 0xd0, 0xb0, 0x7, 0xf1, 0x98, 0xbc, 0xc5,
    0x68, 0x3, 0xfd, 0xb9, 0xaf, 0x43, 0xe8, 0x1,
    0xe6, 0xe0, 0x7, 0x73, 0xf9, 0xc0,

    /* U+7535 "电" */
    0x0, 0xfb, 0x5c, 0x3, 0xff, 0x88, 0x60, 0x1f,
    0xfd, 0x6, 0xff, 0xf0, 0xc7, 0xff, 0x90, 0x3,
    0x55, 0x70, 0x2d, 0x56, 0x90, 0xf, 0x2a, 0xf0,
    0xea, 0xae, 0x70, 0xf, 0xfe, 0x62, 0x27, 0xe,
    0xa2, 0x70, 0x7, 0xae, 0xf8, 0x16, 0xef, 0x50,
    0x7, 0xbf, 0xf8, 0x63, 0xff, 0x70, 0x7, 0xff,
    0x30, 0xcf, 0x87, 0x8c, 0xf2, 0x80, 0x7b, 0x33,
    0x81, 0xb3, 0x35, 0x80, 0x7b, 0xbb, 0x85, 0xfb,
    0xbc, 0xa6, 0xf, 0x62, 0x3c, 0x1e, 0x23, 0xe2,
    0xc2, 0x14, 0x0, 0xff, 0xe0, 0xa8, 0x10, 0x7,
    0xc5, 0x4c, 0xab, 0x9a, 0xd0, 0x3, 0xf7, 0x84,
    0xd5, 0x69, 0x19, 0x0,

    /* U+767D "白" */
    0x0, 0xf0, 0xd2, 0x0, 0x7f, 0xf0, 0x5d, 0x5c,
    0x3, 0xff, 0x83, 0x46, 0x60, 0xf, 0xcc, 0xd9,
    0xcd, 0x9b, 0xf0, 0x2, 0x67, 0x40, 0x2c, 0xcf,
    0xc2, 0x0, 0xbf, 0xff, 0xf5, 0x80, 0x7f, 0xfa,
    0x31, 0x57, 0xfd, 0x80, 0x19, 0xea, 0xbf, 0xce,
    0x1, 0xaf, 0xff, 0xfd, 0x60, 0x1f, 0xfe, 0x83,
    0x44, 0xff, 0x18, 0x6, 0x8b, 0xbf, 0xf4, 0x0,
    0x6a, 0xee, 0xff, 0x50, 0x6, 0x11, 0xff, 0xe0,
    0x80,

    /* U+7684 "的" */
    0x0, 0x85, 0xc8, 0x3, 0xa0, 0x80, 0x3f, 0x24,
    0x0, 0x71, 0xb8, 0x7, 0xf6, 0x19, 0x0, 0x6b,
    0x22, 0x0, 0x70, 0xaa, 0x9d, 0x95, 0x48, 0x0,
    0x51, 0x55, 0xe3, 0x2a, 0x83, 0x78, 0xb9, 0x3,
    0x21, 0x88, 0xd4, 0x80, 0xd, 0xdd, 0x60, 0x9,
    0x3d, 0xde, 0x30, 0xf, 0xe3, 0x58, 0x0, 0xe1,
    0x10, 0x7, 0xe9, 0x44, 0x0, 0x71, 0x98, 0x3,
    0xf5, 0x51, 0xe8, 0x3, 0xf7, 0xfe, 0xa0, 0x0,
    0xaa, 0x9c, 0x2, 0x11, 0x0, 0x33, 0x33, 0x80,
    0x45, 0x50, 0x60, 0x13, 0x80, 0xc, 0xf6, 0x80,
    0x65, 0x57, 0x80, 0x80, 0x80, 0x7f, 0xf0, 0x2c,
    0x48, 0xc0, 0xc0, 0x3f, 0xf8, 0x3, 0xa4, 0xc0,
    0x20, 0x1f, 0xfc, 0x32, 0x10, 0xb, 0xff, 0x50,
    0x7, 0xef, 0x20, 0xa, 0xef, 0xb8, 0x2, 0x22,
    0x91, 0xd0, 0x2, 0x44, 0xe3, 0x0, 0x97, 0x75,
    0x65, 0x20, 0x7e, 0x1, 0xfc, 0xfd, 0xd6, 0x8,
    0x0,

    /* U+76EE "目" */
    0x55, 0xff, 0xe0, 0x95, 0xd5, 0x7f, 0xf0, 0x14,
    0x27, 0xff, 0xfc, 0x20, 0x1f, 0xfd, 0x29, 0xff,
    0xff, 0x8, 0x1, 0xaa, 0xbf, 0xc0, 0x17, 0xaa,
    0xff, 0x84, 0x3, 0xff, 0xa5, 0x3f, 0xff, 0xe1,
    0x0, 0x35, 0xdf, 0xf8, 0x2, 0xf4, 0x4f, 0xf0,
    0x80, 0x7f, 0xf1, 0x38, 0xcf, 0xfc, 0x20, 0x7,
    0xcc, 0xff, 0x0, 0x51, 0xdd, 0xfe, 0x10, 0x0,
    0x8f, 0xfc, 0x0,

    /* U+76F4 "直" */
    0x0, 0xfe, 0x97, 0x0, 0xff, 0xe3, 0x3f, 0x80,
    0x7f, 0x9f, 0xff, 0xe1, 0x7f, 0xff, 0x9c, 0x0,
    0xd9, 0x9e, 0x90, 0xac, 0xcf, 0x98, 0x0, 0x26,
    0x7e, 0x0, 0x21, 0x9f, 0xc2, 0x1, 0x8b, 0xff,
    0x48, 0x77, 0xff, 0x20, 0x7, 0xec, 0xee, 0xfe,
    0x0, 0xff, 0xe3, 0x98, 0x7, 0xfb, 0x3b, 0xbf,
    0x68, 0x7, 0xfb, 0x7f, 0xff, 0x80, 0x3f, 0xc2,
    0x3f, 0xc4, 0x1, 0xfe, 0xcf, 0xff, 0xda, 0x1,
    0xfe, 0xde, 0xef, 0xde, 0x1, 0xfe, 0x73, 0x3f,
    0xe0, 0xf, 0xf5, 0xf7, 0x7f, 0x0, 0x7f, 0xb3,
    0x77, 0xf8, 0x3, 0xc8, 0x90, 0x22, 0x7f, 0x28,
    0x62, 0x20, 0x1, 0x76, 0x90, 0x9b, 0xbf, 0xd4,
    0xf, 0x76, 0x10,

    /* U+76F8 "相" */
    0x0, 0xc4, 0x40, 0xf, 0xfe, 0x2d, 0xc0, 0x7,
    0xff, 0x28, 0x95, 0x7f, 0x10, 0x7, 0xf5, 0x52,
    0xef, 0xd4, 0x80, 0x1f, 0xe3, 0xee, 0xf0, 0x80,
    0x19, 0xa5, 0x66, 0x90, 0x3, 0xfe, 0xcd, 0xd1,
    0x96, 0xe8, 0x80, 0x3f, 0xea, 0xba, 0x4, 0xbb,
    0x30, 0x1f, 0xff, 0x84, 0x3, 0x38, 0x8, 0x6,
    0x2b, 0xbf, 0x0, 0x75, 0x2, 0x38, 0x4, 0x28,
    0x9e, 0x10, 0x8, 0x88, 0xa7, 0xa, 0x1, 0xff,
    0xc1, 0xa7, 0x36, 0xaa, 0x18, 0x7, 0xfc, 0x2f,
    0x60, 0x5, 0x53, 0x1, 0xff, 0xf8, 0x40, 0x16,
    0x84, 0x1, 0x52, 0x81, 0x5d, 0xf8, 0x0, 0x6b,
    0x20, 0x1f, 0xa, 0x27, 0x84, 0xe, 0x88, 0x3,
    0xff, 0x8a, 0xa0, 0x1f, 0xfc, 0xf3, 0xff, 0xf0,
    0x80, 0x7f, 0xc5, 0x99, 0xe1, 0x0, 0xe8, 0xb0,
    0xa, 0x34, 0xcf, 0xdc, 0xc0,

    /* U+77E5 "知" */
    0x0, 0xa9, 0x0, 0x3f, 0xf8, 0x84, 0xa0, 0x1f,
    0xfc, 0x54, 0x5, 0x0, 0xf7, 0xff, 0xc2, 0x0,
    0xd0, 0xef, 0xfd, 0x60, 0x8, 0xcc, 0xa4, 0x2,
    0x24, 0x9c, 0x16, 0xcc, 0x48, 0x0, 0xcf, 0x28,
    0x5, 0x4, 0xc6, 0x6e, 0x33, 0x10, 0x7, 0xf0,
    0xac, 0x80, 0x7f, 0xf1, 0x7, 0x90, 0x3, 0xff,
    0x88, 0x39, 0xbb, 0x14, 0xee, 0xc8, 0x1, 0xf8,
    0x6e, 0xf0, 0x3d, 0xdc, 0xc0, 0x1f, 0xcc, 0xd3,
    0x85, 0x33, 0x44, 0x1, 0xff, 0xc0, 0x50, 0x80,
    0xf, 0xfe, 0x27, 0x12, 0xd0, 0x7, 0xff, 0xd,
    0x6b, 0x16, 0x0, 0x3f, 0xf8, 0x32, 0x2c, 0x54,
    0xec, 0x1, 0xff, 0x1b, 0x48, 0x82, 0xbc, 0x88,
    0x5f, 0xfd, 0x80, 0x12, 0x62, 0x38, 0x5, 0x18,
    0x20, 0xf5, 0x54, 0x0, 0x6, 0xd2, 0xc0, 0x38,
    0xc0, 0x18, 0xab, 0x8c, 0x7, 0x2c, 0x3, 0xf7,
    0xa0, 0x4, 0x58, 0x20,

    /* U+7801 "码" */
    0x6, 0x6f, 0x81, 0x57, 0xf0, 0x5, 0xb5, 0x13,
    0x54, 0xc1, 0xbb, 0xf5, 0x50, 0x2, 0xbc, 0x45,
    0xcc, 0x50, 0xf7, 0x7a, 0x48, 0x3, 0x93, 0xc0,
    0x31, 0x60, 0x6, 0xe1, 0x0, 0xc4, 0x28, 0x1,
    0x98, 0xc0, 0x30, 0xb0, 0x6, 0x42, 0x10, 0xc,
    0x42, 0x1, 0x88, 0x80, 0x1b, 0x45, 0xde, 0x10,
    0x12, 0x0, 0xcd, 0xc0, 0x11, 0x20, 0xe6, 0x20,
    0x83, 0x98, 0x3, 0x11, 0x0, 0x29, 0x5, 0xbb,
    0x8, 0x0, 0x97, 0xff, 0x5, 0xfd, 0xa2, 0x8,
    0x3, 0xd3, 0x99, 0xf2, 0xa, 0x43, 0x80, 0x78,
    0x8c, 0xfe, 0x72, 0x7, 0x0, 0xff, 0xe1, 0x97,
    0x0, 0x7e, 0xdf, 0xff, 0x70, 0x9, 0x0, 0x44,
    0x50, 0x87, 0xee, 0xfb, 0xc, 0x14, 0x2, 0x5d,
    0xd0, 0x0, 0x8b, 0xf2, 0x8, 0x80, 0x27, 0xff,
    0x8c, 0x3, 0x8c, 0x8e, 0x5c, 0x2, 0x2f, 0x0,
    0xfe, 0xfd, 0xc2, 0x80, 0xa, 0x1c, 0x3, 0xfb,
    0x3f, 0xd8, 0x20,

    /* U+78BC "碼" */
    0x0, 0xff, 0x8, 0xfe, 0x0, 0x7f, 0xfc, 0x99,
    0xdd, 0xfa, 0x2, 0xec, 0x69, 0x77, 0x28, 0x3f,
    0x70, 0x67, 0xba, 0x90, 0x44, 0xe, 0x22, 0x42,
    0x1c, 0x22, 0x33, 0x8, 0xe0, 0x0, 0x91, 0x80,
    0x74, 0xff, 0x8a, 0xbf, 0xe0, 0x9, 0x41, 0x40,
    0x39, 0xf7, 0x43, 0x3b, 0xb0, 0x4, 0x64, 0x20,
    0x1d, 0xc4, 0x43, 0x31, 0x14, 0x1, 0x60, 0xaa,
    0xc4, 0x0, 0xc6, 0x61, 0xfb, 0x34, 0x0, 0x14,
    0x38, 0x85, 0x50, 0x0, 0xf9, 0x81, 0x6c, 0xc8,
    0x0, 0xe0, 0xdb, 0xa5, 0x0, 0xae, 0xa8, 0x53,
    0x55, 0x0, 0x2c, 0x3, 0xf7, 0xa2, 0xf, 0x51,
    0x32, 0x92, 0x0, 0x79, 0xdd, 0x54, 0x6, 0xaa,
    0x5c, 0xac, 0x90, 0x7, 0xaf, 0xbb, 0xab, 0xa4,
    0x41, 0x80, 0x3c, 0x7a, 0x30, 0x38, 0x1c, 0xc2,
    0x1, 0x88, 0xcc, 0xc0, 0xae, 0x2e, 0x20, 0x77,
    0x6e, 0x60, 0x9, 0x33, 0x6, 0x19, 0x80, 0x11,
    0x25, 0x8e, 0x99, 0x80, 0x26, 0xff, 0xa9, 0xd8,
    0xc, 0xd3, 0x0, 0x6, 0xe0, 0x6, 0xe8, 0x2,
    0x19, 0x0, 0x79, 0x9, 0x92, 0x19, 0x80, 0x8,
    0x80, 0x8, 0xd0, 0x0, 0x40, 0xe, 0xdb, 0x54,
    0x0, 0xff, 0xe1, 0x6f, 0xfa, 0x80,

    /* U+793A "示" */
    0x0, 0x8c, 0xff, 0xf8, 0x40, 0x1d, 0xd9, 0x9f,
    0xfc, 0x12, 0x0, 0xd9, 0xdd, 0xff, 0xc1, 0x20,
    0xc, 0x23, 0xff, 0xc2, 0x0, 0xff, 0xe5, 0x1a,
    0xaf, 0xff, 0x14, 0x26, 0xab, 0xff, 0x89, 0x61,
    0x5f, 0xff, 0x31, 0x7f, 0xfd, 0xc0, 0x1f, 0xfc,
    0xb4, 0xb1, 0x0, 0xfa, 0x50, 0x3, 0xe8, 0x71,
    0x0, 0xf8, 0xe8, 0x3, 0xc8, 0x70, 0x1, 0xfa,
    0xc2, 0x40, 0x3a, 0xd, 0x0, 0x3f, 0xc, 0x32,
    0x0, 0x50, 0x7e, 0x1, 0xfe, 0x63, 0x80, 0x2,
    0xbb, 0x8c, 0x3, 0xfe, 0x83, 0x40, 0x95, 0x80,
    0xf, 0xfe, 0x2, 0x11, 0x86, 0x50, 0x4, 0xca,
    0xb0, 0x80, 0x7b, 0x5c, 0x3, 0xd7, 0x54, 0x19,
    0x0, 0xfc,

    /* U+79BB "离" */
    0x0, 0xfd, 0x6a, 0x1, 0xff, 0xc4, 0x29, 0x0,
    0xfc, 0xff, 0xff, 0x31, 0xff, 0xfd, 0xcd, 0x99,
    0xff, 0xc4, 0xd1, 0x37, 0x83, 0xd, 0x53, 0x30,
    0x73, 0x9a, 0x59, 0x98, 0x0, 0x28, 0x7, 0x9f,
    0xb3, 0xdc, 0x40, 0xe3, 0x0, 0xfc, 0x7c, 0x64,
    0xa, 0x1, 0xff, 0x47, 0xfd, 0x7f, 0xb8, 0x1,
    0xfc, 0x9f, 0x78, 0xa8, 0xdf, 0x48, 0x40, 0x1c,
    0x25, 0x35, 0x13, 0x57, 0x32, 0xb9, 0x62, 0x0,
    0xc9, 0xbb, 0xc6, 0xdb, 0xbd, 0x20, 0x14, 0xff,
    0xf8, 0x9b, 0xff, 0xe0, 0x8, 0xf3, 0x2a, 0x8,
    0xcc, 0x4e, 0x65, 0x0, 0x19, 0x8c, 0xee, 0x47,
    0x32, 0x90, 0x33, 0x80, 0x3e, 0x64, 0xa0, 0x13,
    0x5e, 0x0, 0xfe, 0x39, 0x1c, 0xfe, 0xd4, 0x38,
    0x0, 0xfc, 0x6b, 0x31, 0x9d, 0xfd, 0xa4, 0x1,
    0xfd, 0x4e, 0xa6, 0x20, 0x3, 0xb1, 0x20, 0xf,
    0xfe, 0x1f, 0xf4, 0x38, 0x2, 0x68, 0x3, 0xfd,
    0xdf, 0xd0, 0x0,

    /* U+79D2 "秒" */
    0x0, 0xf2, 0x38, 0x6, 0x4f, 0x0, 0xf8, 0x56,
    0x2f, 0xef, 0x44, 0x3, 0xff, 0x81, 0x70, 0x4c,
    0x9f, 0x42, 0x1, 0xff, 0xc0, 0xad, 0xa7, 0x10,
    0xc, 0xe0, 0x18, 0xa8, 0x3, 0xff, 0x80, 0x90,
    0x1, 0x89, 0x54, 0x1, 0x22, 0x4c, 0xc4, 0x41,
    0x19, 0x0, 0x73, 0xc0, 0x0, 0x6e, 0xe3, 0x35,
    0xd9, 0x75, 0x0, 0x3a, 0x49, 0x0, 0x7f, 0xdc,
    0x7, 0xfe, 0x74, 0xc0, 0xe, 0x14, 0xe0, 0xd,
    0x20, 0x70, 0x8, 0x28, 0x1, 0xee, 0x60, 0xc,
    0xc4, 0x8c, 0xa4, 0xa2, 0x1, 0xe5, 0xc0, 0x9,
    0x54, 0xe3, 0x54, 0x7a, 0x0, 0xf4, 0x68, 0x6,
    0x8f, 0x0, 0x24, 0x8, 0x7, 0x85, 0xe8, 0x2,
    0x80, 0x40, 0x9, 0xc0, 0x32, 0xc8, 0x48, 0xb8,
    0x0, 0x9e, 0x40, 0x3f, 0x85, 0x95, 0xe0, 0x2,
    0x28, 0x40, 0xf, 0xf2, 0x53, 0xb0, 0x6, 0x70,
    0xf, 0xe1, 0x9b, 0x58, 0x0, 0xff, 0xe0, 0x8b,
    0x7b, 0x4d, 0x0, 0x7f, 0xf0, 0x12, 0xfa, 0x53,
    0x98, 0x3, 0xff, 0x84, 0xf1, 0xd4, 0x20, 0x1f,
    0x0,

    /* U+7A97 "窗" */
    0x0, 0xf8, 0xac, 0x80, 0x3f, 0xf8, 0x66, 0xb2,
    0x1, 0xf9, 0xbf, 0xfd, 0xc2, 0x9f, 0xff, 0x30,
    0xf, 0xfd, 0xd5, 0xdf, 0xee, 0xae, 0xff, 0x80,
    0x3c, 0x79, 0x0, 0x1a, 0x3d, 0x80, 0x33, 0x71,
    0x4e, 0x26, 0x99, 0x80, 0x76, 0xed, 0xab, 0xec,
    0x19, 0xa5, 0x92, 0x1f, 0x20, 0x12, 0xed, 0x52,
    0xc4, 0x26, 0xa0, 0xe, 0xb, 0x8c, 0xf9, 0x28,
    0x84, 0x17, 0xf3, 0xfc, 0x87, 0x1f, 0xfd, 0xb7,
    0x20, 0x19, 0x73, 0x12, 0xb9, 0x9e, 0x90, 0xf,
    0xc3, 0x6d, 0xdd, 0xb4, 0x3, 0xf8, 0x72, 0x7b,
    0xb1, 0x50, 0x7, 0xfa, 0xcb, 0xe4, 0xa8, 0x1c,
    0x3, 0xf8, 0x59, 0x7c, 0x35, 0x78, 0x3, 0xff,
    0x80, 0x32, 0xec, 0xb8, 0x80, 0x1f, 0xc5, 0x7c,
    0x79, 0x35, 0x74, 0x20, 0x1f, 0x9, 0xe6, 0xd1,
    0x88, 0x93, 0xc3, 0xc0, 0x3c, 0x9f, 0x39, 0xff,
    0xf3, 0x80, 0x79, 0x7b, 0xbf, 0xd2, 0x60, 0x0,

    /* U+7B49 "等" */
    0x0, 0x9a, 0x40, 0x3d, 0xe, 0x1, 0xfe, 0x80,
    0xf, 0x13, 0x88, 0x7, 0xf4, 0xb, 0x7f, 0xec,
    0x90, 0x9f, 0xfe, 0xd0, 0x2, 0xbc, 0x60, 0x5f,
    0x6b, 0xa5, 0xea, 0x1e, 0xf7, 0x30, 0x6, 0x99,
    0xcd, 0x30, 0x4d, 0x59, 0xa, 0x8d, 0xc4, 0x60,
    0x1d, 0x90, 0x5, 0x40, 0xa, 0x98, 0x0, 0x75,
    0x40, 0x38, 0x83, 0xfd, 0xdf, 0xf2, 0x2f, 0xfd,
    0xbf, 0xe2, 0x0, 0xed, 0xdf, 0x1a, 0x6e, 0xf8,
    0x80, 0x38, 0x8b, 0xce, 0x24, 0x5e, 0x0, 0xdd,
    0xdf, 0x91, 0x7b, 0xbf, 0x8, 0x6e, 0xfe, 0xcc,
    0x6e, 0x94, 0xb7, 0x70, 0x81, 0x9f, 0xff, 0x0,
    0x9c, 0xcf, 0x0, 0x17, 0x77, 0xfe, 0x64, 0xdd,
    0xa0, 0x0, 0x93, 0x33, 0xcc, 0xfc, 0x85, 0x33,
    0x50, 0x0, 0x51, 0xe, 0xbc, 0x89, 0xe2, 0x64,
    0x48, 0x80, 0x38, 0xed, 0x6c, 0x3, 0xff, 0x8a,
    0x98, 0x92, 0x1, 0xff, 0xc5, 0x39, 0xf0, 0x33,
    0x22, 0x80, 0x7f, 0xf0, 0x59, 0x81, 0x19, 0x63,
    0xe0, 0x1c,

    /* U+7CFB "系" */
    0x0, 0xff, 0xe0, 0xa, 0x39, 0x80, 0x71, 0x1a,
    0x33, 0xc5, 0x67, 0x72, 0xea, 0x80, 0x14, 0xfe,
    0xe5, 0x5c, 0x39, 0x55, 0x37, 0xf6, 0x40, 0x28,
    0xde, 0xfe, 0x51, 0xc8, 0x64, 0x20, 0xf, 0x9,
    0x8, 0x4b, 0x61, 0x80, 0xb, 0x2c, 0x3, 0xe2,
    0xc2, 0xf2, 0x0, 0x3e, 0xb5, 0x0, 0x79, 0xb4,
    0xdf, 0x75, 0xdf, 0x35, 0x41, 0x0, 0xf2, 0xbc,
    0xcc, 0x22, 0x5f, 0x52, 0x70, 0xf, 0x1c, 0x31,
    0xdb, 0xed, 0x8, 0x1d, 0x50, 0x3, 0xcb, 0xb5,
    0xb4, 0x6, 0x8a, 0xea, 0xaa, 0x0, 0x9f, 0xa8,
    0x89, 0x9d, 0xb9, 0x32, 0xd2, 0x74, 0x90, 0x1,
    0x34, 0xde, 0xeb, 0xa0, 0x77, 0x2e, 0xa3, 0x59,
    0x1, 0x61, 0x86, 0x88, 0x44, 0x1, 0x53, 0x1,
    0xea, 0x0, 0x49, 0x5c, 0x1, 0xef, 0x99, 0x1,
    0x0, 0x4b, 0x6c, 0xe0, 0x1e, 0x5c, 0x7c, 0x10,
    0x4, 0xd3, 0x48, 0x7, 0xe3, 0xc1, 0xc1, 0x12,
    0xcc, 0x80, 0x51, 0x1e, 0x1, 0xc5, 0x80, 0x83,
    0x8c, 0x0, 0x3b, 0xb3, 0xc8, 0x7, 0xe, 0xa8,

    /* U+7D00 "紀" */
    0x0, 0xff, 0xe6, 0x26, 0x80, 0x7f, 0xf1, 0xa1,
    0xc0, 0x29, 0xff, 0xfb, 0x80, 0x39, 0xe, 0x0,
    0x2d, 0x99, 0xf2, 0x80, 0x7a, 0x5c, 0x95, 0x81,
    0x19, 0xbd, 0x80, 0x1c, 0xe1, 0x1, 0x7e, 0x1,
    0xff, 0xc1, 0x38, 0x91, 0x80, 0x90, 0xf, 0xfe,
    0xe, 0x85, 0xf3, 0xd0, 0x7, 0xff, 0xa, 0x2b,
    0x9, 0xd4, 0x40, 0x2, 0x3e, 0xe0, 0xc, 0xcb,
    0x2d, 0x13, 0x60, 0x5d, 0xde, 0x70, 0xe, 0x87,
    0xb0, 0xc5, 0x10, 0x5, 0x6e, 0xe7, 0x30, 0xa,
    0x9c, 0xfb, 0xe8, 0x58, 0x0, 0xc4, 0x5a, 0x34,
    0x2, 0x26, 0x8d, 0xee, 0x40, 0x80, 0x7f, 0xf0,
    0x22, 0xc, 0x40, 0x7c, 0xc0, 0x1f, 0xfc, 0x1,
    0xe1, 0xb9, 0x27, 0x10, 0xf, 0xfe, 0x2, 0x88,
    0x88, 0x82, 0x6e, 0x1, 0xf8, 0xb8, 0x43, 0x14,
    0x39, 0x81, 0x30, 0x3, 0xf3, 0x8, 0x1, 0x74,
    0x8, 0x81, 0x50, 0x61, 0x48, 0x67, 0x27, 0x10,
    0x83, 0xb8, 0x17, 0x0, 0x88, 0x2e, 0xeb, 0xcc,
    0xad, 0x24, 0x0,

    /* U+7D66 "給" */
    0x0, 0xd2, 0x80, 0x1e, 0x19, 0x10, 0xf, 0xc6,
    0xc0, 0x1f, 0x4b, 0x20, 0x7, 0xe8, 0x44, 0x0,
    0x70, 0xb9, 0x58, 0x7, 0xc6, 0x90, 0xe, 0x1,
    0xa8, 0xf4, 0xa8, 0x3, 0xde, 0xe6, 0xf0, 0x20,
    0x7, 0x4e, 0xd, 0x48, 0x0, 0xd0, 0x30, 0x31,
    0x1, 0x6, 0x8b, 0x20, 0x1a, 0x78, 0x0, 0x23,
    0x9f, 0x70, 0x9c, 0x1e, 0x59, 0xcc, 0xe7, 0x67,
    0xa1, 0x57, 0xb9, 0xe, 0x18, 0x85, 0x36, 0x67,
    0x25, 0x2a, 0xc, 0x24, 0xbb, 0xbe, 0x71, 0x7f,
    0xfd, 0xab, 0xca, 0x0, 0xa5, 0x84, 0x2, 0x30,
    0xf, 0xe1, 0x0, 0x4a, 0x6b, 0xd0, 0x58, 0x2a,
    0xff, 0x0, 0x9, 0x82, 0xb7, 0x4e, 0x81, 0x76,
    0x88, 0xeb, 0xb0, 0x0, 0xb3, 0xf2, 0x9f, 0x7c,
    0x1, 0x1b, 0xbd, 0x0, 0x19, 0x20, 0xac, 0x2c,
    0x80, 0x3f, 0xf8, 0x3a, 0x6, 0x80, 0xae, 0x1,
    0xff, 0xc1, 0x7d, 0x11, 0x16, 0x68, 0x7, 0xff,
    0x0, 0x88, 0xe0, 0x6c, 0xf2, 0x0, 0x9e, 0xee,
    0x90, 0x9, 0xc4, 0x82, 0x54, 0x48, 0x0, 0xd5,
    0x5c, 0xc0, 0x12, 0xf8, 0x1, 0x4, 0x3, 0x7a,
    0x27, 0x79, 0x80, 0x0,

    /* U+7D71 "統" */
    0x0, 0xce, 0xa0, 0x1c, 0x54, 0x1, 0xfc, 0x30,
    0x60, 0x1c, 0x6a, 0xc0, 0x1f, 0xa0, 0x98, 0x3,
    0x85, 0xac, 0x40, 0x3c, 0x2d, 0x0, 0xc3, 0xdf,
    0xf3, 0x17, 0x7f, 0xd4, 0x0, 0xb4, 0x53, 0x92,
    0xcd, 0xd3, 0xe, 0x6e, 0x6e, 0xac, 0x15, 0x54,
    0x1e, 0xc6, 0x44, 0x16, 0xb3, 0x36, 0xb1, 0x8,
    0xa8, 0x3b, 0xca, 0x40, 0x2e, 0x65, 0x1, 0x9a,
    0x10, 0x18, 0xba, 0xa, 0x20, 0x2b, 0x3c, 0x56,
    0x8e, 0x1b, 0x0, 0x3a, 0x4b, 0xb6, 0x84, 0xa0,
    0xc4, 0xe0, 0xf4, 0xaa, 0x0, 0x29, 0xe0, 0x88,
    0xb3, 0xdc, 0xcc, 0x55, 0xbb, 0x48, 0x2, 0x94,
    0x33, 0x8b, 0xc8, 0x6e, 0x0, 0x1a, 0x60, 0xc8,
    0xc, 0x87, 0x3b, 0x6e, 0x0, 0x11, 0x0, 0x7e,
    0xcb, 0x85, 0x11, 0x68, 0x1, 0xfc, 0x3, 0xf2,
    0xd9, 0x68, 0x58, 0x4, 0x66, 0x0, 0xfd, 0xa4,
    0x58, 0xcc, 0x8, 0x8, 0x1, 0xc5, 0x20, 0x7e,
    0x2, 0x48, 0x80, 0x84, 0x0, 0xf0, 0xb8, 0x22,
    0x0, 0xc6, 0x1a, 0x8e, 0x80, 0x32, 0x92, 0x11,
    0x60, 0x82, 0x1f, 0x7c, 0x10, 0x9, 0x27, 0x62,
    0x8b, 0x40, 0xa, 0x21, 0x5a, 0x60, 0x1a, 0xff,
    0xe6,

    /* U+7DB2 "網" */
    0x0, 0xd0, 0xc0, 0x1f, 0xfc, 0x41, 0x72, 0x0,
    0x67, 0xff, 0xf7, 0x0, 0x52, 0x68, 0x0, 0x17,
    0xcb, 0xb6, 0x62, 0xf2, 0x0, 0x22, 0x7f, 0xa,
    0x10, 0xd3, 0xd1, 0x33, 0x43, 0x98, 0x5, 0x2c,
    0x6e, 0x82, 0x1, 0x54, 0x80, 0x92, 0x0, 0x4c,
    0xb4, 0x93, 0x60, 0x18, 0xc0, 0xe, 0xe0, 0x8,
    0x64, 0x72, 0xc9, 0x40, 0x28, 0xc0, 0xc8, 0x4c,
    0x20, 0x1b, 0xdc, 0xf, 0x20, 0xa, 0xe2, 0x86,
    0xa6, 0xc, 0x0, 0x85, 0xce, 0x3e, 0x1, 0x1a,
    0x31, 0x3a, 0x20, 0x40, 0x29, 0x18, 0x23, 0x10,
    0x8, 0x88, 0xa8, 0x44, 0x0, 0x99, 0x89, 0x14,
    0x8, 0x0, 0x5d, 0xd2, 0xc6, 0xf8, 0x5, 0x0,
    0x83, 0xaf, 0xa0, 0x5, 0x67, 0xff, 0xb4, 0x2,
    0xcf, 0xc9, 0x7d, 0xc0, 0xf, 0xfe, 0x0, 0xb9,
    0x4a, 0xf2, 0x0, 0x61, 0x22, 0xc0, 0x12, 0x68,
    0x3a, 0x20, 0x3, 0xb, 0xe6, 0x5c, 0x1, 0x76,
    0x90, 0x88, 0x8c, 0x2, 0x8e, 0xed, 0x80, 0x12,
    0x18, 0x8, 0xad, 0xc0, 0x3f, 0xe1, 0x24, 0x2,
    0x37, 0x40, 0xf, 0x89, 0x30, 0x6, 0x80, 0x18,
    0x40, 0x1f, 0xcf, 0x4b, 0x20,

    /* U+7DDA "線" */
    0x0, 0xff, 0xe6, 0x5b, 0x0, 0x79, 0x34, 0x80,
    0x3f, 0x22, 0x14, 0x3, 0xdc, 0x24, 0x1, 0xfb,
    0xd4, 0xc0, 0x2c, 0xdd, 0x29, 0x6e, 0xe1, 0x0,
    0x8d, 0x20, 0x2c, 0x80, 0xab, 0xb3, 0x7b, 0x90,
    0x40, 0x1b, 0xdc, 0x9d, 0xc, 0x0, 0x67, 0xe7,
    0x0, 0xd0, 0x54, 0x91, 0x22, 0x0, 0xae, 0xee,
    0xc0, 0x8, 0x5c, 0x76, 0xcd, 0x80, 0x28, 0xcc,
    0xea, 0x0, 0x86, 0xf6, 0x82, 0x4c, 0x2, 0x22,
    0xf3, 0x0, 0x64, 0x3b, 0x90, 0xf0, 0xa, 0xfb,
    0xbb, 0x40, 0x3b, 0x51, 0x90, 0xc4, 0x33, 0x73,
    0x1, 0x39, 0xba, 0x10, 0x5, 0x98, 0xe7, 0x82,
    0x1, 0x16, 0xe, 0x22, 0x5a, 0x0, 0x19, 0xe,
    0xb5, 0x72, 0xbf, 0xe6, 0x6, 0x9, 0x76, 0x0,
    0x6d, 0xc3, 0xf, 0xcd, 0xed, 0x82, 0x0, 0x35,
    0x3c, 0x80, 0x9, 0x49, 0x6d, 0x20, 0x25, 0xc4,
    0x40, 0x52, 0xf1, 0x0, 0x8c, 0x19, 0x50, 0xc4,
    0x9, 0x64, 0x1, 0xe9, 0x0, 0x1b, 0x74, 0x62,
    0x6, 0x83, 0xe8, 0x80, 0xa, 0x55, 0xc0, 0x27,
    0x31, 0x1, 0xf1, 0xc0, 0xb0, 0xc, 0x53, 0x12,
    0x2, 0x4a, 0x6, 0x70, 0xb6, 0x9, 0xa0, 0x80,
    0x1a, 0x54, 0x6, 0x44, 0x30, 0x81, 0x6c, 0x43,
    0x2c, 0xd0, 0x0, 0xd8, 0x0,

    /* U+7DE8 "編" */
    0x0, 0xff, 0xe5, 0xe9, 0x80, 0x7b, 0x58, 0x3,
    0xf3, 0x11, 0x80, 0x7a, 0xa0, 0x3, 0xf5, 0x38,
    0x5, 0x79, 0x95, 0xe, 0xe6, 0x42, 0x0, 0x33,
    0x49, 0x50, 0x32, 0x44, 0x26, 0xe6, 0x20, 0x66,
    0x0, 0x7b, 0x8d, 0x88, 0x3, 0x11, 0x3e, 0x0,
    0x98, 0xa0, 0x5a, 0x40, 0x2, 0x1, 0xfc, 0x32,
    0x1d, 0xc6, 0x20, 0x5, 0x7f, 0xfc, 0x0, 0x17,
    0xb9, 0x18, 0x0, 0x1d, 0x77, 0x7e, 0x20, 0x84,
    0x9b, 0x98, 0x0, 0x8, 0xff, 0x0, 0x56, 0x8b,
    0x8a, 0x0, 0xbf, 0xff, 0xd8, 0x12, 0xa7, 0x50,
    0x42, 0x20, 0xbf, 0x1f, 0xf0, 0xfe, 0x0, 0x10,
    0xc3, 0x20, 0xd0, 0x9, 0xc0, 0xc0, 0x3e, 0xdc,
    0x96, 0x18, 0x70, 0x10, 0xf, 0xf2, 0xdb, 0x4e,
    0x9b, 0xb, 0xe7, 0x97, 0xf8, 0x7f, 0x0, 0x1a,
    0x4a, 0xab, 0xb1, 0x10, 0x2b, 0x47, 0x74, 0x3b,
    0x40, 0x2, 0xf2, 0x21, 0xbe, 0xd8, 0x31, 0x19,
    0x10, 0x9, 0x80, 0x8, 0x81, 0x0, 0x5a, 0x28,
    0x7, 0xf8, 0x8a, 0xe, 0x0, 0x39, 0x0, 0x4e,
    0x0, 0x44, 0x62, 0x96, 0x0, 0x74, 0x5, 0x98,
    0x50, 0x2, 0x93, 0xe4,

    /* U+7E7C "繼" */
    0x0, 0xce, 0x1, 0xe4, 0x0, 0x8c, 0x80, 0x3c,
    0xb2, 0x0, 0x3c, 0x1, 0xa1, 0x0, 0x7b, 0x0,
    0x7a, 0x64, 0x0, 0x72, 0x8, 0x82, 0x12, 0x2,
    0x38, 0x6, 0x33, 0x31, 0xa0, 0x1, 0x5b, 0xac,
    0x65, 0x6b, 0x80, 0x34, 0x38, 0xc7, 0x0, 0x4e,
    0xd6, 0x48, 0x6f, 0x60, 0x12, 0x2c, 0x1a, 0x58,
    0x1, 0x45, 0xb5, 0x2d, 0xff, 0xc2, 0x3, 0x41,
    0x98, 0x71, 0x0, 0x33, 0x15, 0x3f, 0xf, 0x81,
    0xc0, 0x5a, 0xd4, 0x64, 0x2, 0x4e, 0xdd, 0xdf,
    0x9c, 0x60, 0x8, 0x47, 0xaf, 0x10, 0x1d, 0xef,
    0xe8, 0xce, 0xfc, 0x90, 0xa, 0xdd, 0x12, 0x1,
    0xff, 0x2f, 0x7f, 0xa6, 0x5f, 0x80, 0x7, 0x5e,
    0x87, 0xf0, 0x9, 0x4, 0x40, 0xb, 0x40, 0xd,
    0x25, 0x81, 0x4e, 0x1, 0x4c, 0xa9, 0x19, 0xf,
    0x40, 0x2e, 0xdb, 0x84, 0xb0, 0x4, 0x16, 0x3a,
    0xcb, 0xf5, 0x0, 0x49, 0xa, 0xd2, 0x40, 0x9,
    0xd3, 0x81, 0xcb, 0x31, 0x0, 0x8c, 0x43, 0xfd,
    0xa0, 0x1, 0x95, 0xc6, 0x18, 0xfd, 0x40, 0x7,
    0x7b, 0x2a, 0x38, 0x1, 0xd1, 0x5, 0x9e, 0x70,
    0x18, 0x0, 0x45, 0x21, 0x12, 0x88, 0x2e, 0xf4,
    0xef, 0x64, 0xc6, 0x80, 0x91, 0x89, 0x85, 0x88,
    0xb7, 0x74, 0x66, 0xeb, 0x29, 0x6, 0x80, 0x1c,
    0x0, 0x4f, 0xff, 0xf9, 0x0,

    /* U+7E8C "續" */
    0x0, 0xd2, 0x40, 0x1e, 0x4b, 0x0, 0xfe, 0x46,
    0x30, 0x7d, 0xdd, 0x49, 0xbb, 0xb0, 0x3, 0x7b,
    0x88, 0x36, 0x66, 0x90, 0xcc, 0xda, 0x1, 0x12,
    0x49, 0x58, 0xcd, 0x56, 0xa, 0xac, 0x1, 0xa6,
    0x6, 0x1c, 0x2a, 0x22, 0xec, 0x88, 0xc2, 0x0,
    0x56, 0x55, 0xbd, 0xb3, 0x77, 0xfa, 0x80, 0x68,
    0xb6, 0x94, 0xc1, 0x7b, 0x87, 0xbc, 0xed, 0xd2,
    0x20, 0x31, 0x70, 0x10, 0x1, 0xfd, 0xe0, 0x20,
    0x13, 0xa4, 0xca, 0xa4, 0x17, 0xb8, 0x7b, 0xcf,
    0x3d, 0x0, 0x1a, 0x55, 0xad, 0xdb, 0xbb, 0xfd,
    0x60, 0x6, 0x66, 0xbd, 0x9, 0x67, 0x77, 0xef,
    0x10, 0x4, 0x5, 0x6f, 0x1a, 0x3, 0xd5, 0x7a,
    0x0, 0x37, 0xfb, 0x29, 0x69, 0x0, 0xc4, 0x7e,
    0x0, 0xc9, 0x49, 0x49, 0x84, 0xf, 0xdd, 0xec,
    0x0, 0xc4, 0xe, 0xce, 0x80, 0xb, 0xbf, 0xa4,
    0x3, 0x6e, 0x88, 0xc4, 0x8d, 0xaf, 0x7b, 0x75,
    0xdc, 0xf2, 0x0, 0x9c, 0xc4, 0x1, 0x21, 0x5c,
    0xc7, 0x9b, 0x0, 0xb8, 0x20, 0x24, 0x80, 0x62,
    0xaa, 0xdd, 0x1e, 0x8, 0x36, 0x97, 0x50, 0x2,
    0x40, 0x18, 0x20, 0x37, 0xd0, 0x20, 0x11, 0xd6,
    0xe0, 0x0,

    /* U+7EBF "线" */
    0x0, 0xff, 0x85, 0x0, 0x3f, 0xe7, 0xd0, 0xe,
    0x5b, 0x17, 0x81, 0x0, 0xfa, 0x50, 0x3, 0x9c,
    0x0, 0xa5, 0xea, 0x1, 0xca, 0x30, 0x1, 0xf8,
    0xaa, 0x8c, 0x1, 0xd2, 0xc2, 0x1, 0xc2, 0xa,
    0x8d, 0xb0, 0x20, 0x12, 0x1c, 0x4, 0x40, 0xa2,
    0xfc, 0x2e, 0xa8, 0x78, 0x1, 0xa6, 0x42, 0x27,
    0xe0, 0x33, 0x58, 0x5f, 0x65, 0x38, 0x80, 0x28,
    0xbe, 0xf1, 0x18, 0xae, 0x18, 0x4, 0x3, 0xe1,
    0x40, 0x1, 0x48, 0x7, 0x11, 0x11, 0xeb, 0x6c,
    0x1, 0x76, 0x85, 0x92, 0x2, 0x58, 0xb2, 0x8b,
    0xb1, 0xc4, 0x80, 0x6d, 0x46, 0x0, 0x5d, 0x8c,
    0xc8, 0x8f, 0xc9, 0x70, 0xd, 0x23, 0x2b, 0xf,
    0x3d, 0x71, 0x8c, 0x1, 0x7d, 0x80, 0x25, 0x8b,
    0x20, 0x4c, 0x3, 0x19, 0x0, 0x2c, 0x64, 0x1,
    0xcf, 0x7f, 0xb2, 0x80, 0x19, 0x1, 0xb1, 0xb4,
    0x2, 0x78, 0x40, 0x8, 0x80, 0x39, 0x24, 0x30,
    0x40, 0x38, 0x9a, 0xbb, 0xc0, 0x21, 0x94, 0xd,
    0x10, 0x30, 0x4, 0x6e, 0xac, 0xeb, 0x40, 0xa3,
    0x92, 0xc6, 0x0, 0x1a, 0x41, 0xf5, 0xba, 0x94,
    0x1b, 0xd5, 0x9d, 0x4b, 0x69, 0x60, 0x20, 0x77,
    0x10, 0x4, 0x39, 0x7a, 0xc0, 0x5, 0xa4, 0x98,
    0x0,

    /* U+7ED9 "给" */
    0x0, 0xcc, 0x80, 0x1e, 0x57, 0x0, 0xff, 0x4e,
    0x0, 0x7a, 0x24, 0x3, 0xf9, 0x82, 0x40, 0x39,
    0x8, 0x1c, 0x3, 0xf5, 0xb0, 0x80, 0x74, 0xad,
    0x41, 0x80, 0x79, 0x4a, 0x1, 0x4, 0x1, 0x5,
    0x68, 0xbc, 0x20, 0x1d, 0x10, 0x11, 0x54, 0x83,
    0x3d, 0x8, 0x50, 0xe8, 0x80, 0x50, 0x6a, 0x76,
    0x10, 0xd2, 0xac, 0x67, 0x49, 0xe1, 0x80, 0xb8,
    0xee, 0x2d, 0xb4, 0xb2, 0xe6, 0x6a, 0x90, 0xf0,
    0x1a, 0xce, 0x24, 0x57, 0xa9, 0xff, 0xf3, 0x6e,
    0x80, 0xa, 0x70, 0x74, 0x2, 0xa0, 0x1f, 0xc2,
    0x1, 0x33, 0x34, 0x40, 0x25, 0x5f, 0xc0, 0x19,
    0x65, 0x2e, 0xdc, 0xe1, 0x57, 0x11, 0xae, 0x84,
    0x2, 0xb0, 0x71, 0xdd, 0x38, 0x2, 0xb7, 0x78,
    0x3, 0xb3, 0xf2, 0x58, 0xc0, 0x3f, 0xf8, 0x44,
    0x1, 0xa, 0xa8, 0x3, 0xff, 0x82, 0x8f, 0x5d,
    0xc9, 0x20, 0xf, 0xfe, 0xd, 0xd8, 0xab, 0xf1,
    0xc0, 0x17, 0xdd, 0xb0, 0x3, 0xbf, 0x21, 0x0,
    0x39, 0xee, 0xf4, 0x0, 0x7f, 0xf0, 0xb1, 0x57,
    0x20, 0x80, 0x40,

    /* U+7EDF "统" */
    0x0, 0xcd, 0x40, 0x1e, 0xb6, 0x0, 0xff, 0x58,
    0x80, 0x78, 0xe0, 0x3, 0xf9, 0x4a, 0x0, 0x3d,
    0x20, 0x60, 0x1f, 0xa5, 0xc, 0x1, 0x9f, 0xf7,
    0xe, 0x7f, 0xdc, 0x1, 0x29, 0xc8, 0x31, 0xfd,
    0xd9, 0x82, 0x6e, 0xf6, 0x80, 0x56, 0xe4, 0x49,
    0x43, 0x46, 0x77, 0x32, 0x63, 0x21, 0x80, 0x2c,
    0x35, 0xb8, 0x9c, 0x1, 0xc5, 0x0, 0x2, 0xe0,
    0x8, 0x50, 0x6e, 0xf, 0x80, 0x12, 0x5a, 0x0,
    0x19, 0x38, 0x0, 0xe, 0x7f, 0x81, 0xcc, 0x75,
    0x83, 0x3b, 0xfb, 0x9, 0xcc, 0x0, 0x61, 0xab,
    0x0, 0x2e, 0xcf, 0x5b, 0xac, 0xed, 0x59, 0x0,
    0xa4, 0xa8, 0x98, 0xaa, 0x57, 0xcc, 0xb1, 0x2,
    0xe8, 0x1, 0x2c, 0x1d, 0xb6, 0x20, 0x1, 0xf0,
    0xe, 0x10, 0x9, 0xcd, 0xaf, 0xf4, 0xc0, 0x4,
    0x40, 0xf, 0xee, 0xc8, 0x40, 0xc, 0x60, 0xe0,
    0x1f, 0xfc, 0x2, 0x7b, 0x50, 0xb2, 0x20, 0x7,
    0xa8, 0x0, 0xb3, 0xdb, 0x46, 0xe6, 0xf4, 0x1,
    0xe1, 0x50, 0x5, 0x2c, 0xee, 0xa1, 0x35, 0x1c,
    0x2, 0x1d, 0x27, 0x10, 0x7, 0xe3, 0x90, 0x34,
    0xa5, 0x80, 0x67, 0x76, 0xcb, 0x0, 0x7c, 0xdb,
    0x40, 0x1d, 0x3f, 0xf4, 0x0,

    /* U+7EE7 "继" */
    0x0, 0xd8, 0x60, 0x1, 0x0, 0xc5, 0x60, 0x1f,
    0x29, 0x90, 0x3, 0x14, 0x8c, 0x5, 0x40, 0xa,
    0x1, 0xb9, 0x44, 0x3, 0x3c, 0x0, 0x61, 0xa1,
    0x0, 0xa, 0x70, 0x7, 0x2a, 0x8, 0x4, 0xca,
    0x20, 0x8, 0x34, 0x4, 0x0, 0xc8, 0x80, 0xa,
    0xa4, 0x0, 0x2d, 0xe0, 0x76, 0x60, 0x17, 0x18,
    0x0, 0x50, 0xc0, 0x16, 0x86, 0x3e, 0xc6, 0x6,
    0x66, 0x55, 0x9, 0x51, 0x92, 0x2a, 0x7f, 0x14,
    0x80, 0x59, 0x94, 0x86, 0x65, 0xb, 0x17, 0x81,
    0x40, 0x11, 0xff, 0xc2, 0x11, 0xfe, 0xa1, 0x74,
    0xf7, 0x40, 0xf, 0x41, 0x85, 0x28, 0x6, 0x90,
    0x80, 0x20, 0xc, 0x4d, 0x23, 0xf6, 0x60, 0x8,
    0x67, 0xcf, 0xd2, 0x0, 0xba, 0x5c, 0xa, 0xf4,
    0x49, 0xcc, 0xa7, 0x7c, 0x80, 0x16, 0xee, 0x0,
    0x95, 0x14, 0xbb, 0x25, 0x48, 0x3, 0x6d, 0x80,
    0x75, 0x20, 0x8, 0x0, 0x52, 0x10, 0x0, 0xc0,
    0x1f, 0x85, 0xab, 0x7a, 0x45, 0xc0, 0x38, 0xf4,
    0x3, 0x15, 0x9c, 0x76, 0xc9, 0x85, 0x7f, 0xec,
    0xff, 0xb4, 0xf6, 0x54, 0x40, 0x2e, 0xbb, 0xfe,
    0xe0,

    /* U+7EED "续" */
    0x0, 0xc9, 0x0, 0x1e, 0x6d, 0x0, 0xff, 0x79,
    0x0, 0x7c, 0x60, 0x1f, 0xc4, 0x90, 0x0, 0x1f,
    0xfa, 0x47, 0xfe, 0xc0, 0xe, 0xb4, 0x20, 0x0,
    0xe6, 0x4e, 0x39, 0x97, 0x0, 0x61, 0x68, 0x5,
    0x10, 0x33, 0xb8, 0xc, 0xe2, 0x0, 0xd6, 0xc6,
    0x54, 0x59, 0xff, 0x48, 0xff, 0xea, 0x0, 0x22,
    0xd9, 0xc2, 0x9f, 0x66, 0x7e, 0x1c, 0x0, 0x50,
    0x6e, 0x2d, 0x81, 0x12, 0x88, 0xe5, 0x8c, 0x5,
    0xc0, 0x15, 0x9c, 0x50, 0x20, 0x1, 0xef, 0x36,
    0x30, 0x46, 0x10, 0x2, 0x1c, 0x8b, 0x80, 0x1e,
    0x5e, 0x94, 0x40, 0xf, 0x20, 0x19, 0x1b, 0x89,
    0x85, 0xc3, 0x59, 0x86, 0x60, 0xf, 0x15, 0x6,
    0x6e, 0x80, 0x13, 0x66, 0x2, 0x20, 0xf, 0x71,
    0xbd, 0x7d, 0xaf, 0xfa, 0x7b, 0xc2, 0xff, 0xee,
    0x0, 0x6e, 0xa5, 0x0, 0xb, 0x99, 0x8c, 0xd9,
    0x9b, 0x40, 0x2, 0x0, 0x4a, 0xf2, 0x33, 0x9c,
    0xe2, 0x58, 0xce, 0x0, 0x1c, 0xf5, 0x1e, 0x18,
    0x1, 0x2d, 0xd3, 0xae, 0x80, 0x37, 0x95, 0xf4,
    0x98, 0x2, 0x2d, 0xe0, 0x13, 0xdb, 0x4, 0x1,
    0x96, 0xa0, 0x12, 0x72, 0xdc, 0x0, 0x43, 0x8f,
    0x80, 0x1f, 0x92, 0x35, 0x0, 0x3d, 0x70, 0x0,

    /* U+7F16 "编" */
    0x0, 0xff, 0xe5, 0xe2, 0x0, 0x7b, 0x9c, 0x3,
    0xf2, 0x1b, 0x0, 0x79, 0xe0, 0x40, 0x3e, 0xe4,
    0x20, 0x5, 0x66, 0x48, 0x19, 0x98, 0x80, 0x2,
    0xbe, 0x1, 0x3a, 0xcc, 0xa2, 0xa2, 0x64, 0x62,
    0x0, 0x93, 0x42, 0x50, 0x7, 0xaa, 0xfc, 0x1,
    0xb, 0xf8, 0x5c, 0x80, 0x38, 0x8b, 0xe0, 0xa,
    0x10, 0x91, 0xbc, 0x0, 0xfb, 0xbf, 0x0, 0xd,
    0x93, 0xad, 0x4c, 0x1, 0x3f, 0xff, 0x8c, 0xd3,
    0x94, 0x10, 0x0, 0x31, 0x22, 0xfc, 0x20, 0xc7,
    0x12, 0x40, 0x14, 0xee, 0xfe, 0x70, 0x4, 0xb3,
    0x0, 0x40, 0x4a, 0x3c, 0xbb, 0x85, 0xea, 0x0,
    0x66, 0x6, 0x7c, 0x88, 0x30, 0x7, 0xf0, 0xc9,
    0x12, 0x76, 0x14, 0xc, 0x3, 0xf8, 0x77, 0x52,
    0xa4, 0x18, 0x63, 0x1e, 0x5d, 0xc2, 0xf5, 0x0,
    0x10, 0x13, 0xed, 0x22, 0x1, 0xf8, 0x77, 0x45,
    0xc8, 0x3, 0x1b, 0xae, 0x98, 0x3c, 0xf, 0x13,
    0x38, 0x4, 0x40, 0x2, 0x8f, 0x94, 0xa2, 0x40,
    0xf, 0xf0, 0xd2, 0x80, 0x5b, 0x60, 0x1f, 0xd,
    0x2a, 0x80, 0x3c, 0xac, 0x10, 0xe1, 0xa2, 0x2c,
    0xaf, 0x30,

    /* U+7F51 "网" */
    0x15, 0x5f, 0xfe, 0x20, 0x95, 0x57, 0xff, 0x11,
    0x40, 0x1b, 0xff, 0xff, 0xc0, 0xe0, 0xf, 0xe7,
    0x20, 0x8, 0x5c, 0x3, 0xe1, 0x0, 0xc, 0x8,
    0x80, 0x9, 0x20, 0x1f, 0x62, 0x82, 0x1, 0x79,
    0x6, 0xa8, 0x7, 0xd1, 0x45, 0xa6, 0x2d, 0xe0,
    0x86, 0x1, 0xf2, 0xb7, 0xa5, 0x84, 0xd, 0x1e,
    0x0, 0x7e, 0x90, 0x34, 0x0, 0x72, 0x82, 0x0,
    0x7f, 0x58, 0x38, 0x0, 0x94, 0x40, 0x3f, 0xd6,
    0x54, 0x0, 0x15, 0x9, 0x0, 0xfc, 0xa5, 0x87,
    0x1, 0x25, 0xac, 0x40, 0x1f, 0x43, 0x8c, 0xa8,
    0xb4, 0x1a, 0xc0, 0x7, 0xa8, 0xe4, 0x13, 0x34,
    0x94, 0x20, 0x80, 0x39, 0x55, 0xa2, 0x0, 0x82,
    0xd0, 0x1, 0x40, 0x7, 0x2e, 0x18, 0x5, 0x5a,
    0x20, 0x1f, 0xe3, 0x0, 0xc6, 0x60, 0x1, 0x22,
    0x1c, 0x1c, 0x3, 0xff, 0x80, 0xd7, 0x68, 0x53,

    /* U+7F6E "置" */
    0x8, 0xff, 0xff, 0xe1, 0x70, 0x4, 0x9f, 0xf0,
    0xdf, 0xfb, 0x3, 0xfe, 0x90, 0xf, 0xc2, 0x20,
    0x3, 0x80, 0x80, 0x4, 0x3, 0x27, 0xfc, 0x15,
    0xfe, 0xb0, 0xef, 0xf4, 0x18, 0x2, 0x3f, 0xfc,
    0x31, 0xff, 0xed, 0x8, 0xff, 0xf8, 0x63, 0xff,
    0xe7, 0x9e, 0xef, 0x50, 0x6f, 0x77, 0xce, 0x23,
    0x6e, 0xe8, 0xe, 0xdd, 0xe0, 0x10, 0xc, 0x73,
    0xdc, 0xfd, 0xee, 0xd2, 0x60, 0x1f, 0xfc, 0xde,
    0x88, 0xfd, 0xc0, 0x1f, 0xba, 0xef, 0xf7, 0x80,
    0x7e, 0x9a, 0xaf, 0xd0, 0x1, 0xfb, 0xee, 0xff,
    0x70, 0x7, 0xed, 0xdf, 0xef, 0x0, 0xf0, 0x86,
    0xef, 0xf7, 0x1, 0x80, 0x33, 0xf8, 0x33, 0xff,
    0xf6, 0x6, 0xff, 0x0,

    /* U+80FD "能" */
    0x0, 0xa9, 0x0, 0x3a, 0xd0, 0x3, 0xf9, 0xd5,
    0x8d, 0x40, 0x24, 0x10, 0x8, 0x44, 0x1, 0xc,
    0xc1, 0x5, 0x18, 0x7, 0x1c, 0xf5, 0x0, 0x54,
    0xae, 0x6, 0xfc, 0x1, 0x76, 0xe8, 0x2e, 0xc0,
    0x9, 0x47, 0xde, 0xe3, 0x93, 0x0, 0x7, 0xb9,
    0x28, 0x1, 0x6b, 0xd4, 0xee, 0x74, 0x68, 0x3,
    0xcc, 0x2, 0x28, 0x4, 0x86, 0x43, 0x21, 0x7b,
    0x0, 0xf9, 0x9c, 0x1, 0x57, 0x7e, 0x10, 0x1f,
    0x43, 0x3b, 0x8c, 0x0, 0xa3, 0x99, 0x12, 0x0,
    0x21, 0x2f, 0x32, 0x78, 0x0, 0xb9, 0xde, 0xa0,
    0x9, 0xbb, 0xff, 0x6a, 0x0, 0x55, 0xdd, 0x68,
    0x5, 0xea, 0x1, 0xa, 0x0, 0x68, 0xcc, 0xac,
    0x3, 0xc5, 0x1d, 0x22, 0x1, 0x11, 0x66, 0x0,
    0xdf, 0x9a, 0x77, 0xa2, 0x1, 0x56, 0xee, 0x0,
    0xcd, 0x3d, 0x68, 0x1, 0xd3, 0xdd, 0x40, 0x6,
    0x95, 0x10, 0x9, 0xc0, 0x23, 0x3c, 0xa0, 0x1f,
    0xe8, 0x20, 0xf, 0xfe, 0x21, 0x1, 0x80, 0x62,
    0x44, 0x0, 0x80, 0xf2, 0xae, 0x82, 0x10, 0xc,
    0x97, 0x2c, 0x0, 0xb7, 0x88, 0xc3, 0xc0,

    /* U+81EA "自" */
    0x0, 0xf5, 0xa0, 0x7, 0xfc, 0xa8, 0xc0, 0x1f,
    0xf7, 0x99, 0x0, 0x7b, 0xbf, 0xf2, 0x9f, 0xff,
    0xb8, 0x1a, 0xef, 0xfc, 0xc0, 0xe, 0x44, 0xff,
    0x70, 0x7, 0xff, 0x13, 0x55, 0x7f, 0xda, 0x0,
    0x5b, 0xbf, 0xf2, 0x80, 0x23, 0xbb, 0xfd, 0x0,
    0x1f, 0xfc, 0x4e, 0x33, 0xff, 0x70, 0x1, 0xb3,
    0x3f, 0xcc, 0x0, 0x8f, 0xff, 0xf4, 0x0, 0x7f,
    0xf4, 0xa3, 0xff, 0xfd, 0x0, 0x5, 0xbb, 0xff,
    0x28, 0x3, 0x51, 0x3f, 0xd8, 0x60,

    /* U+8207 "與" */
    0x0, 0xe3, 0x41, 0xa0, 0xf, 0xfe, 0x12, 0x5e,
    0x79, 0xa8, 0x6, 0x8a, 0xa9, 0x0, 0x32, 0xd9,
    0xed, 0x80, 0x15, 0x62, 0x0, 0x94, 0x80, 0x30,
    0x8a, 0x8, 0x2, 0x89, 0x93, 0xc5, 0x50, 0x80,
    0x3c, 0x20, 0x1d, 0xb9, 0x85, 0x0, 0xfe, 0x70,
    0xdd, 0x50, 0x0, 0x84, 0x41, 0x19, 0x82, 0x30,
    0xf, 0x77, 0x20, 0x1, 0xbd, 0xc4, 0xa8, 0x80,
    0x7, 0x84, 0x8, 0xc8, 0x9f, 0xf1, 0x1, 0x22,
    0x0, 0x3f, 0x29, 0x90, 0xe8, 0x6, 0x11, 0x80,
    0x40, 0x31, 0x85, 0xe7, 0x1, 0x0, 0x6d, 0xee,
    0x3, 0x80, 0x7b, 0x7f, 0x0, 0x3d, 0x9f, 0xa0,
    0x1e, 0x10, 0x10, 0xf, 0xf1, 0x80, 0x80, 0x48,
    0xa0, 0x89, 0x38, 0x22, 0xf, 0x11, 0xe, 0x8,
    0x80, 0x5, 0xd0, 0x45, 0xda, 0x42, 0xec, 0x2f,
    0x76, 0x90, 0x9b, 0x0, 0x7f, 0xf5, 0x67, 0xfe,
    0xab, 0xff, 0xe0, 0xe, 0x1a, 0xa2, 0x0, 0x62,
    0xbc, 0x40, 0xf, 0x9f, 0x9b, 0x5c, 0x3, 0x3f,
    0x2d, 0xd8, 0x80, 0x25, 0xea, 0xa6, 0x10, 0x7,
    0x86, 0x75, 0xf5, 0x0, 0xf, 0x1a, 0xa0, 0x1f,
    0xe2, 0xca, 0x40,

    /* U+8272 "色" */
    0x0, 0xfa, 0x8c, 0x3, 0xff, 0x8b, 0x8, 0x40,
    0x1f, 0xfc, 0x43, 0x71, 0xef, 0xfd, 0xc2, 0x1,
    0xfc, 0x3a, 0xb9, 0x9a, 0x81, 0x84, 0x3, 0xf1,
    0x62, 0xd1, 0x9e, 0x94, 0x80, 0xf, 0xc7, 0x87,
    0xe6, 0x7a, 0xcf, 0xcc, 0xf0, 0x80, 0x4f, 0x82,
    0x2b, 0xcc, 0xc8, 0x17, 0x99, 0x90, 0x2, 0xc6,
    0x91, 0xff, 0xd4, 0x1f, 0xfc, 0x1, 0xd7, 0x20,
    0x1e, 0x10, 0xf, 0xfe, 0xb0, 0xa2, 0x6c, 0x4,
    0x4e, 0x0, 0xfe, 0xbb, 0xce, 0x17, 0x7c, 0x1,
    0xf8, 0x7f, 0xff, 0xe1, 0x10, 0x7, 0xff, 0x1b,
    0x90, 0x80, 0x3f, 0xf8, 0xfa, 0x80, 0x11, 0x88,
    0x7, 0xff, 0x1, 0x1, 0x80, 0x26, 0x8, 0x43,
    0x3f, 0xe5, 0x93, 0x20, 0x8, 0xe5, 0x2b, 0x33,
    0xfa, 0xdb, 0x80,

    /* U+8282 "节" */
    0x0, 0xc3, 0x44, 0x1, 0x8e, 0x84, 0x3, 0xf1,
    0xa8, 0x80, 0x67, 0x50, 0xe, 0x55, 0xc8, 0x8,
    0xab, 0xb0, 0x1d, 0x56, 0x4b, 0xaa, 0xa4, 0x22,
    0xab, 0x38, 0x4d, 0x55, 0x1d, 0xff, 0x68, 0x67,
    0xfe, 0xb0, 0xef, 0xfb, 0x0, 0x3f, 0xf9, 0x45,
    0xc6, 0x1, 0x93, 0x84, 0x3, 0xbb, 0xb7, 0xf7,
    0x7b, 0xfb, 0x98, 0x1, 0x5d, 0xf1, 0x95, 0xdf,
    0x94, 0x40, 0x25, 0x5e, 0x66, 0x2a, 0xf8, 0xc0,
    0x3f, 0xff, 0xe0, 0x1f, 0xe1, 0x88, 0x3a, 0x8,
    0x7, 0xff, 0x0, 0x51, 0x69, 0xfc, 0x3, 0xff,
    0x83, 0x9b, 0xab, 0x30, 0xf, 0xfe, 0xd0,

    /* U+87A2 "螢" */
    0x0, 0xe9, 0x50, 0xf, 0x1e, 0x0, 0x78, 0x6c,
    0x10, 0xc2, 0x48, 0x2c, 0x14, 0x40, 0x12, 0x60,
    0x8, 0x30, 0x25, 0x75, 0x27, 0x0, 0x63, 0x84,
    0x29, 0x82, 0xaa, 0x18, 0x7, 0x74, 0x75, 0x41,
    0x53, 0x13, 0xd0, 0x2, 0xe2, 0x41, 0xee, 0x9,
    0xe9, 0x79, 0xa6, 0x40, 0x80, 0x12, 0xae, 0x72,
    0xe2, 0x9, 0x98, 0x7c, 0xd5, 0xc8, 0x0, 0x61,
    0xeb, 0x82, 0x65, 0xb5, 0xf4, 0x80, 0x22, 0xd4,
    0x83, 0x1b, 0x7f, 0xed, 0xcd, 0x8e, 0xff, 0xd6,
    0x4e, 0x1, 0x66, 0x79, 0xab, 0x33, 0xc0, 0x1c,
    0x67, 0xe7, 0x33, 0xf8, 0x2, 0x59, 0x2f, 0xfe,
    0x19, 0xff, 0xe4, 0x97, 0x1, 0x60, 0x6, 0xf7,
    0x43, 0x1d, 0xd8, 0x0, 0xc4, 0x1, 0xc6, 0x23,
    0x0, 0x8f, 0x0, 0x7f, 0x6e, 0x64, 0x37, 0x99,
    0x80, 0x3e, 0x2b, 0x88, 0xc0, 0x91, 0x13, 0x42,
    0x80, 0x79, 0x13, 0x87, 0xd1, 0x20, 0x92, 0x0,
    0xc2, 0x31, 0x14, 0x63, 0xc8, 0x97, 0x9e, 0x20,
    0x0, 0x7b, 0xad, 0xdb, 0x1, 0xaa, 0x66, 0x13,
    0xb3, 0x1, 0xdd, 0x77, 0x3f, 0xf7, 0x73, 0x75,
    0x99, 0x3b, 0x0,

    /* U+884C "行" */
    0x0, 0xe6, 0x10, 0xf, 0xfe, 0x2c, 0x49, 0x0,
    0xaa, 0xff, 0x10, 0x6, 0x77, 0x61, 0x82, 0x55,
    0x7f, 0x28, 0x5, 0x51, 0x66, 0x0, 0x5f, 0xff,
    0xe7, 0x1, 0xd7, 0xd4, 0x3, 0x0, 0xff, 0xe0,
    0x8d, 0x61, 0x3, 0xe1, 0x0, 0x7f, 0xf0, 0x5c,
    0x41, 0x22, 0x88, 0x3, 0xff, 0x86, 0x34, 0xca,
    0x7f, 0xff, 0xf0, 0x80, 0x7, 0x6, 0x80, 0xf3,
    0x3d, 0x1, 0x99, 0x8, 0x16, 0x18, 0x6, 0x33,
    0xf1, 0x1, 0x9c, 0x7, 0x81, 0xa0, 0x1f, 0xfc,
    0x43, 0x7c, 0x20, 0xf, 0xfe, 0x2c, 0x88, 0x7,
    0xff, 0xfc, 0x3, 0xff, 0xaa, 0x89, 0x60, 0x7,
    0xff, 0x12, 0x2e, 0xc9, 0x0, 0x1f, 0xf, 0x18,
    0x7, 0x67, 0xfb, 0x5c, 0x3, 0x0,

    /* U+8868 "表" */
    0x0, 0xfe, 0xc5, 0x0, 0xff, 0xe3, 0x11, 0x80,
    0x7f, 0x87, 0xff, 0xe1, 0x9f, 0xff, 0x60, 0x4,
    0x39, 0x9f, 0x3, 0xe6, 0x7b, 0x80, 0x31, 0x9f,
    0xc3, 0xc6, 0x7e, 0x20, 0xc, 0x3f, 0xfe, 0x19,
    0xff, 0xed, 0x0, 0xe1, 0xdd, 0xf0, 0x3e, 0xef,
    0x78, 0x7, 0x88, 0xbc, 0x3c, 0x45, 0xe0, 0xd,
    0xbf, 0xff, 0xc, 0xff, 0xfc, 0xc0, 0xe, 0xcc,
    0xe5, 0x7, 0xa, 0xcc, 0xf3, 0x80, 0xc, 0xf1,
    0x4a, 0xdc, 0x26, 0x19, 0xe9, 0x51, 0x0, 0xe5,
    0xf7, 0xd4, 0x8, 0x63, 0x1, 0xc7, 0x40, 0xc,
    0xbb, 0x43, 0x64, 0x0, 0x35, 0xe5, 0xf6, 0xd2,
    0x0, 0x17, 0x5a, 0xf0, 0x7, 0xa8, 0x2a, 0xe8,
    0x3, 0x15, 0x74, 0x8, 0x7, 0xde, 0x30, 0x40,
    0x1c, 0x80, 0x1e, 0x16, 0xb6, 0x2f, 0x1d, 0x60,
    0xf, 0x84, 0x37, 0x5d, 0x66, 0x80, 0x38, 0xf3,
    0xf0, 0x1, 0xd2, 0xc, 0xbb, 0xa8, 0x20, 0xa,
    0x39, 0xf8, 0x3, 0xa7, 0x36, 0x8, 0x3, 0xe1,
    0x86, 0x0,

    /* U+8981 "要" */
    0x9f, 0xff, 0xfe, 0x24, 0x5e, 0x66, 0xb0, 0xac,
    0xc3, 0x8e, 0x67, 0x51, 0x19, 0xe5, 0x7, 0x33,
    0x71, 0x9f, 0x88, 0x27, 0xfe, 0xe0, 0xdf, 0xf4,
    0x97, 0xfe, 0xa0, 0x9, 0x37, 0x58, 0x17, 0xba,
    0x71, 0xdd, 0x90, 0x3, 0x9, 0x14, 0xc, 0x44,
    0xe3, 0x22, 0xc0, 0x1f, 0xfc, 0xa5, 0xff, 0x70,
    0x6f, 0xfa, 0x4b, 0xfe, 0x60, 0xa, 0x37, 0x73,
    0x8e, 0x6e, 0xfd, 0x60, 0x1, 0x22, 0x8d, 0x98,
    0x64, 0x5f, 0x8, 0x77, 0xfe, 0xe1, 0x7f, 0xff,
    0xed, 0xd6, 0x64, 0xe1, 0x59, 0x9c, 0x65, 0x99,
    0x71, 0x9c, 0x2f, 0xa, 0x67, 0x94, 0xf8, 0xcf,
    0x0, 0x5e, 0x19, 0x8, 0x21, 0x13, 0x23, 0x0,
    0xfb, 0x2f, 0xe, 0xbb, 0xdd, 0x5c, 0x3, 0xf9,
    0xc0, 0x2, 0x26, 0x55, 0x76, 0x41, 0x0, 0x23,
    0x7f, 0xb2, 0xce, 0xfa, 0x6b, 0xf1, 0x17, 0x74,
    0x35, 0x19, 0xbf, 0x90, 0x80, 0x18, 0xe3, 0x72,
    0x44,

    /* U+89E3 "解" */
    0x0, 0x95, 0xc0, 0x3f, 0xf8, 0xd3, 0xc0, 0x1d,
    0x59, 0x9f, 0x28, 0x4, 0x26, 0xdf, 0xf1, 0x7,
    0xd5, 0x9d, 0xd5, 0x4, 0xc0, 0x26, 0x2e, 0xe4,
    0x11, 0x1, 0x58, 0x85, 0xd9, 0x80, 0x60, 0x1,
    0x9b, 0x11, 0x4d, 0x80, 0x69, 0x40, 0x8, 0x84,
    0x1, 0x3, 0x59, 0xa3, 0x58, 0x41, 0x7, 0x20,
    0x2, 0x6, 0x2, 0x60, 0xbf, 0x2b, 0xf3, 0x6a,
    0x76, 0x39, 0xdd, 0x19, 0x1, 0x71, 0x19, 0x85,
    0x4c, 0x41, 0x1a, 0x42, 0x3b, 0x30, 0x1, 0x8,
    0x7, 0xcf, 0xf9, 0x1, 0x6a, 0x60, 0x1e, 0xad,
    0x1c, 0xd1, 0x1, 0xe1, 0x37, 0xf3, 0x30, 0x80,
    0x6b, 0xd1, 0xcd, 0x10, 0x14, 0x6c, 0x26, 0xcc,
    0x48, 0x4, 0x62, 0x1, 0xeb, 0x5f, 0xf1, 0xc7,
    0xfa, 0x0, 0x21, 0x18, 0x8, 0x40, 0xf, 0x0,
    0x1f, 0xf5, 0x70, 0xe7, 0x8, 0x43, 0xaa, 0x87,
    0x55, 0x60, 0x1, 0x7, 0x78, 0xf7, 0x88, 0x4c,
    0x44, 0x49, 0x11, 0x8, 0x21, 0x8, 0x7, 0xb3,
    0x76, 0x39, 0xdd, 0x84, 0x35, 0xc0, 0x22, 0x20,
    0x80, 0x7f, 0xc4, 0x9c, 0x0, 0x6a, 0xd4, 0x30,
    0xf, 0xf1, 0x2a, 0x0, 0x22, 0x7e, 0xc0, 0x3f,
    0xf8, 0x14, 0x1, 0xff, 0xc0, 0xc7, 0x0, 0xc0,

    /* U+89E6 "触" */
    0x0, 0x92, 0x40, 0x3f, 0x2d, 0x0, 0x7e, 0xe2,
    0x0, 0xfc, 0x68, 0x1, 0xf0, 0xaa, 0x7f, 0xc4,
    0x1, 0xff, 0xc1, 0x71, 0xde, 0x72, 0x20, 0x7,
    0xff, 0x6, 0x24, 0x85, 0xa0, 0x1, 0xdf, 0xe9,
    0x1f, 0xf8, 0xc0, 0x12, 0x33, 0xde, 0x37, 0xc4,
    0x19, 0xf4, 0x5f, 0xe0, 0x8, 0x58, 0x23, 0x7,
    0x30, 0x20, 0x1f, 0x84, 0x0, 0x3c, 0x45, 0x1,
    0x10, 0x40, 0x3f, 0xf8, 0x2, 0x2, 0x20, 0x21,
    0x10, 0x7, 0xff, 0xa, 0xb8, 0x73, 0x80, 0x3f,
    0xf8, 0x77, 0xe3, 0xde, 0x20, 0x8, 0x99, 0x14,
    0xc8, 0x40, 0x31, 0x80, 0x7d, 0x1b, 0xec, 0x1f,
    0xe9, 0x20, 0x8, 0x67, 0x7, 0x30, 0x20, 0xcd,
    0x60, 0xb1, 0xb0, 0x80, 0x68, 0x80, 0x44, 0x0,
    0x3f, 0x73, 0x80, 0x42, 0xa, 0x82, 0x88, 0x10,
    0xf, 0xa2, 0x40, 0x24, 0x30, 0xf, 0xc4, 0x7e,
    0x33, 0x2, 0xc0, 0xc, 0xb0, 0x8, 0xc8, 0x6f,
    0xf7, 0x18, 0x8f, 0x1a, 0x80, 0x5d, 0x80, 0x27,
    0xd3, 0xd8, 0xad, 0xfd, 0xa7, 0x83, 0x11, 0x60,
    0x80, 0x39, 0x7f, 0x11, 0xd4, 0x80, 0x30, 0xf0,
    0x80,

    /* U+89F8 "觸" */
    0x0, 0x99, 0x80, 0x1f, 0xfc, 0x58, 0x0, 0xc5,
    0xdd, 0xfd, 0x80, 0x4, 0x19, 0xff, 0x48, 0x3,
    0x34, 0x33, 0x43, 0x2c, 0x40, 0x1c, 0xff, 0xc7,
    0xa0, 0x2, 0x20, 0x11, 0x0, 0x84, 0x0, 0x88,
    0x80, 0x50, 0x40, 0x1d, 0xc1, 0xdc, 0x1d, 0xa0,
    0x1a, 0x1e, 0xe5, 0x9f, 0x6, 0x51, 0x57, 0x73,
    0x3b, 0x7c, 0x10, 0xa2, 0xca, 0xc4, 0xcd, 0x48,
    0xa6, 0x7c, 0x43, 0x40, 0x88, 0x14, 0x10, 0x62,
    0x4f, 0xff, 0x70, 0x4, 0xc4, 0x22, 0x4, 0x9a,
    0xe7, 0xce, 0xea, 0x80, 0x35, 0xe1, 0x70, 0xc4,
    0xa8, 0xa3, 0x88, 0xe3, 0x0, 0xb7, 0x8f, 0xc7,
    0xeb, 0xb8, 0x75, 0xde, 0x62, 0x1, 0x18, 0x7,
    0x18, 0x67, 0x1d, 0x71, 0x81, 0x88, 0x0, 0x55,
    0x89, 0x84, 0x3, 0xff, 0x85, 0x98, 0x1d, 0x0,
    0x3e, 0x71, 0xd7, 0x10, 0xb, 0x81, 0xd, 0xd1,
    0xd8, 0x85, 0xf7, 0xe, 0xa9, 0x67, 0xe2, 0xe,
    0x80, 0x1c, 0x66, 0x45, 0x1e, 0xe5, 0x89, 0x18,
    0x77, 0x80, 0x42, 0x26, 0x9d, 0xd5, 0xff, 0x32,
    0x3f, 0xb, 0x28, 0x1, 0x30, 0xd2, 0xa6, 0x19,
    0x50, 0x6c, 0xd4, 0x74, 0x0, 0x31, 0xb8, 0x1,
    0xf4, 0x7f, 0x10,

    /* U+8A02 "訂" */
    0x0, 0x8d, 0x40, 0x3f, 0xf8, 0xcd, 0x42, 0x1,
    0xff, 0xc5, 0x53, 0x80, 0xb, 0xbb, 0xfc, 0x40,
    0x45, 0x4e, 0x11, 0x6, 0x23, 0x9c, 0x62, 0x23,
    0xd, 0xda, 0xa9, 0xba, 0x96, 0x6e, 0xd0, 0x66,
    0x84, 0x3f, 0xfe, 0x80, 0xf, 0xfe, 0x1, 0x77,
    0x78, 0x3, 0xff, 0x82, 0x59, 0x9e, 0x0, 0xff,
    0xe1, 0x19, 0xf8, 0x3, 0xff, 0x82, 0x5d, 0xdd,
    0xe0, 0x1f, 0xfc, 0x12, 0xff, 0xee, 0x0, 0xff,
    0xe1, 0x19, 0xf8, 0x3, 0xff, 0x82, 0x59, 0xbb,
    0x67, 0x0, 0x7f, 0xf0, 0xfb, 0xaa, 0x0, 0xff,
    0xf6, 0x7f, 0xd4, 0x1, 0xa, 0xa2, 0x34, 0x3,
    0xf6, 0x6e, 0xde, 0x0, 0x1a, 0xbb, 0x3c, 0x0,
    0x71, 0x79, 0x91, 0x60, 0xb, 0xfe, 0xe7, 0x0,
    0xc0,

    /* U+8A08 "計" */
    0x0, 0x8c, 0x3, 0xff, 0x88, 0x98, 0x60, 0x1f,
    0x73, 0x0, 0x79, 0x1b, 0xc0, 0x3f, 0xf8, 0x24,
    0x56, 0xd9, 0x91, 0x4, 0x3, 0xfb, 0x37, 0x57,
    0x19, 0xba, 0x40, 0xf, 0xee, 0xff, 0xf9, 0x40,
    0x3f, 0xdd, 0xde, 0x70, 0xe, 0x10, 0xe, 0xcc,
    0xf3, 0x5f, 0xfc, 0x31, 0xff, 0x50, 0x19, 0xf8,
    0x7a, 0x22, 0x4, 0x88, 0xb8, 0x3b, 0xbc, 0xca,
    0xef, 0xe, 0xbb, 0xc8, 0x1f, 0xfe, 0x60, 0xf,
    0xf8, 0xcf, 0xc2, 0x1, 0xff, 0x76, 0xee, 0xc6,
    0x0, 0xff, 0xe0, 0x57, 0x74, 0x80, 0x1f, 0xfe,
    0x5b, 0xff, 0x90, 0x3, 0xff, 0x83, 0x3b, 0xb9,
    0x80, 0x3f, 0xed, 0x62, 0x2c, 0x20, 0x1f, 0xe0,

    /* U+8A0A "訊" */
    0x0, 0x90, 0xc0, 0x3f, 0xf8, 0xd9, 0xe0, 0x11,
    0xaa, 0xfe, 0x0, 0xf4, 0x12, 0x80, 0x2e, 0x2e,
    0xae, 0x21, 0x74, 0x20, 0x11, 0x15, 0x22, 0x44,
    0x8d, 0xe0, 0xdd, 0xc0, 0x1d, 0xbb, 0x45, 0xee,
    0x8c, 0x3, 0xff, 0x81, 0xff, 0xf1, 0x80, 0x7e,
    0x10, 0x8, 0xfb, 0xb9, 0x80, 0x3f, 0xf8, 0x27,
    0x99, 0xcc, 0x1, 0xff, 0xc2, 0x33, 0xe0, 0x34,
    0x40, 0x22, 0x40, 0x1e, 0x3e, 0xee, 0x6f, 0xbb,
    0x4, 0x5d, 0x9c, 0x3, 0x8f, 0xff, 0x9b, 0x3f,
    0xc1, 0x9f, 0xe7, 0x1, 0x0, 0xc6, 0x7c, 0x20,
    0x1f, 0x8, 0x7, 0x1e, 0x6e, 0xd8, 0xe0, 0x1f,
    0x18, 0x18, 0x6, 0x2e, 0xe9, 0x40, 0x3f, 0x8,
    0x8, 0x7, 0xff, 0x18, 0x5d, 0x0, 0x3f, 0xf8,
    0xa4, 0x7a, 0x80, 0x2, 0xff, 0x94, 0x3, 0xf9,
    0x2d, 0x54, 0x0, 0x1d, 0xdc, 0xe0, 0x1f, 0xa4,
    0x80, 0x40, 0xf8, 0x8b, 0x8, 0x5, 0x86, 0x1,
    0xf, 0xe8, 0x0,

    /* U+8A2D "設" */
    0x0, 0x99, 0x80, 0x1f, 0xfc, 0x63, 0x92, 0x0,
    0xdb, 0xff, 0xca, 0x1, 0xe5, 0x3b, 0x0, 0xe8,
    0xcc, 0x80, 0x3c, 0x45, 0x4e, 0x91, 0x4, 0xc,
    0x8c, 0xe1, 0x0, 0xed, 0xda, 0xaf, 0x75, 0x20,
    0x2c, 0x1, 0xfd, 0xff, 0xf4, 0x30, 0x18, 0x7,
    0xf1, 0x6e, 0xf4, 0x94, 0x38, 0x6, 0x28, 0xba,
    0x0, 0x17, 0x77, 0x56, 0x2c, 0x0, 0x6e, 0xbd,
    0xf0, 0x8, 0x47, 0xdb, 0x60, 0x1c, 0x4c, 0xc5,
    0x0, 0x16, 0x67, 0x45, 0x7f, 0xfe, 0xc0, 0x8,
    0xbb, 0xba, 0xa8, 0x8d, 0x77, 0xa8, 0x50, 0x3,
    0x19, 0xf1, 0x1e, 0xba, 0x26, 0x1, 0x90, 0x8,
    0xf3, 0x76, 0xc9, 0x6, 0x38, 0x0, 0xd, 0xb8,
    0x80, 0x77, 0x75, 0x0, 0x17, 0x3b, 0x6, 0x94,
    0x0, 0x7f, 0xf0, 0x4e, 0xa7, 0x47, 0x40, 0x3f,
    0xf8, 0x64, 0x4, 0x24, 0x1, 0xf7, 0xfd, 0x0,
    0x2d, 0xb3, 0x2e, 0x6c, 0xb5, 0x10, 0xd, 0xbb,
    0xbf, 0xae, 0xb9, 0x86, 0xb0, 0xaf, 0xc0, 0x7,
    0xe4, 0x59, 0x37, 0x4e, 0x1, 0x8e, 0x7b, 0xc0,

    /* U+8AA4 "誤" */
    0x0, 0xa1, 0x80, 0x3f, 0xf8, 0xdd, 0x22, 0x1,
    0x6f, 0xff, 0xe0, 0xe, 0x61, 0x70, 0xd, 0x19,
    0x9d, 0x20, 0x18, 0x8a, 0x85, 0x22, 0x0, 0x8,
    0xcf, 0x94, 0x2, 0x1d, 0xda, 0x73, 0x70, 0x3,
    0xff, 0x80, 0x3f, 0xfe, 0xe0, 0x6, 0x33, 0x75,
    0x80, 0x64, 0xee, 0xe4, 0x5, 0xf, 0xfe, 0x16,
    0x0, 0x93, 0x33, 0x90, 0x22, 0x67, 0xf0, 0x6,
    0x33, 0xe0, 0x29, 0x9f, 0xe5, 0x0, 0x27, 0x77,
    0x20, 0x19, 0xe6, 0x53, 0x38, 0x2, 0x4f, 0xfe,
    0x42, 0xaa, 0xc1, 0xf5, 0x52, 0x80, 0x9, 0xdf,
    0x8c, 0x3, 0x18, 0x7, 0xe6, 0x8d, 0xda, 0x57,
    0x7f, 0xec, 0xc, 0xff, 0xc6, 0x0, 0x2a, 0xa9,
    0x43, 0xf7, 0x64, 0x5, 0xdd, 0xc6, 0x1, 0xf8,
    0x8a, 0x4, 0x84, 0x2, 0x28, 0x3, 0xfe, 0x1f,
    0x47, 0xbc, 0x20, 0xe, 0x2f, 0xf9, 0x0, 0xd,
    0xed, 0x60, 0xad, 0xac, 0x1, 0x87, 0x77, 0x3e,
    0xd5, 0xd8, 0x2, 0x8a, 0xbe, 0x10, 0x4e, 0x22,
    0xc3, 0x98, 0x50, 0xe, 0x5d, 0xc1,

    /* U+8ABF "調" */
    0x0, 0xa1, 0x0, 0x3f, 0xf8, 0xbf, 0x40, 0x1b,
    0xff, 0xfb, 0x40, 0x27, 0x5, 0x0, 0xd7, 0x99,
    0xe9, 0x30, 0x22, 0xa1, 0x88, 0x40, 0x8, 0x66,
    0xf0, 0x33, 0x28, 0xe, 0xed, 0x39, 0xb0, 0x1,
    0xe7, 0x0, 0xc3, 0xff, 0xe9, 0x0, 0xaa, 0xca,
    0x2d, 0x0, 0x24, 0xee, 0xe0, 0xd, 0x56, 0x5f,
    0x68, 0x1, 0x26, 0x67, 0x0, 0x42, 0x44, 0x16,
    0x22, 0x0, 0x63, 0x3e, 0x0, 0x97, 0x74, 0x55,
    0xbe, 0x1, 0x27, 0x77, 0x1, 0x2, 0x7f, 0xf6,
    0x80, 0x49, 0xff, 0xc0, 0x20, 0x2, 0x2e, 0x0,
    0xc2, 0x67, 0xc0, 0xe2, 0x1f, 0xbb, 0x88, 0x2,
    0x5c, 0xdd, 0xb0, 0x4, 0x80, 0x1d, 0xfe, 0x20,
    0xe, 0x2e, 0xe8, 0x1, 0x8a, 0x1, 0xff, 0xc5,
    0x4d, 0x0, 0x5c, 0xc8, 0x80, 0x3f, 0xc8, 0x48,
    0x0, 0xcd, 0xd5, 0x90, 0x6, 0x2f, 0xf8, 0x25,
    0xc0, 0x1c, 0xc8, 0x85, 0x6, 0x30, 0x1, 0x6e,
    0xd2, 0x70, 0x0, 0x30, 0xb, 0x7e, 0x94, 0x13,
    0x48, 0xa6, 0xf0, 0xf, 0xb7, 0x5f, 0x0,

    /* U+8B49 "證" */
    0x0, 0xa4, 0xc0, 0x3f, 0x98, 0x3, 0xf0, 0xf8,
    0x4, 0xbf, 0xf8, 0x64, 0xf1, 0xc0, 0x3a, 0x9,
    0x40, 0xb, 0xdc, 0x83, 0x15, 0xc6, 0x70, 0x8,
    0x8a, 0x86, 0x21, 0x66, 0xd, 0xd0, 0x70, 0xd1,
    0xb8, 0xe, 0xed, 0x39, 0xb0, 0xb5, 0x84, 0xc0,
    0x8b, 0x7a, 0x40, 0x3f, 0xfe, 0x93, 0xf3, 0x62,
    0x2b, 0x92, 0x94, 0x0, 0x9d, 0xdc, 0x5, 0xea,
    0xaf, 0xfa, 0x21, 0x6a, 0x0, 0x4c, 0xce, 0x3d,
    0x6a, 0xdd, 0xe7, 0x6a, 0x20, 0x1, 0x9f, 0xaa,
    0x62, 0x3e, 0xbd, 0x20, 0x4e, 0xee, 0x5, 0x67,
    0x11, 0xe7, 0x62, 0x0, 0x27, 0xff, 0x0, 0x43,
    0x33, 0xc2, 0x1, 0x8a, 0x23, 0x84, 0x3, 0xff,
    0x82, 0xcc, 0x0, 0x9c, 0x2, 0x1f, 0xfe, 0x10,
    0xe, 0x28, 0x88, 0x2, 0x4a, 0x8d, 0xd9, 0xe5,
    0x0, 0x3f, 0xf8, 0x3, 0x6, 0x44, 0x60, 0xf,
    0xfe, 0x12, 0x13, 0x2, 0x83, 0x0, 0x71, 0xff,
    0xc0, 0x64, 0x52, 0x81, 0x4b, 0x11, 0x40, 0x11,
    0xee, 0xe1, 0xdd, 0x9e, 0x34, 0xdf, 0x76, 0x10,
    0x5e, 0x22, 0xc7, 0xff, 0xff, 0x8,

    /* U+8B66 "警" */
    0x0, 0x95, 0xc0, 0x14, 0x40, 0x12, 0x38, 0x7,
    0xd7, 0x97, 0x39, 0x85, 0xfc, 0x60, 0x9f, 0x0,
    0xfa, 0x79, 0x53, 0xb8, 0x53, 0xce, 0xa4, 0xff,
    0xfb, 0x80, 0x4, 0x88, 0x2a, 0xa2, 0xe3, 0x95,
    0x6, 0x7f, 0x86, 0xf8, 0x0, 0x71, 0x39, 0x98,
    0xf3, 0x9e, 0x74, 0x60, 0x90, 0x0, 0x3a, 0x17,
    0x10, 0xb4, 0x21, 0xc8, 0x64, 0xc6, 0xe0, 0x8,
    0x7d, 0x23, 0x30, 0x0, 0x2e, 0x10, 0x21, 0x23,
    0x60, 0xc, 0x21, 0x19, 0x81, 0x54, 0x53, 0xbc,
    0xdf, 0xbb, 0x63, 0x0, 0x53, 0xf9, 0x8d, 0xc9,
    0x85, 0xee, 0x30, 0x37, 0xd0, 0x80, 0x1e, 0x26,
    0xed, 0x5, 0xab, 0x3d, 0x77, 0xda, 0x20, 0x5,
    0x88, 0xfb, 0x72, 0x23, 0xe4, 0x0, 0x11, 0x97,
    0xff, 0xff, 0x0, 0x8c, 0x80, 0x30, 0xee, 0xff,
    0xf0, 0x4, 0x3, 0xc3, 0x99, 0xff, 0xc0, 0x10,
    0xf, 0xe, 0xef, 0xff, 0x0, 0x40, 0x3c, 0x9f,
    0xbb, 0xfe, 0xf4, 0x0, 0xfd, 0xbb, 0xfe, 0x0,
    0xff, 0x6e, 0xff, 0x80, 0x3f, 0xdb, 0xbf, 0xe0,
    0xe,

    /* U+8B77 "護" */
    0x0, 0x91, 0x0, 0x1e, 0x72, 0x0, 0x3a, 0x0,
    0x78, 0xe8, 0x2, 0x44, 0xa9, 0x51, 0x15, 0xa8,
    0x81, 0x0, 0x9c, 0xe0, 0x6, 0x22, 0x2a, 0x88,
    0x13, 0xc4, 0x1c, 0x8, 0xab, 0xc2, 0x3c, 0xc7,
    0x9c, 0xc6, 0x24, 0x66, 0x18, 0x77, 0x69, 0xbd,
    0xc0, 0x2c, 0xe4, 0x86, 0xb6, 0x0, 0x87, 0xff,
    0xdc, 0x12, 0x11, 0x41, 0x35, 0x53, 0x80, 0x13,
    0xbb, 0x8e, 0x50, 0xae, 0xd0, 0x17, 0x73, 0x80,
    0x13, 0x33, 0x9d, 0x98, 0x5b, 0xa9, 0xd, 0xd9,
    0x0, 0x23, 0x3e, 0x4c, 0xc1, 0xe6, 0x38, 0x33,
    0x24, 0x0, 0x27, 0x77, 0x19, 0x80, 0xf3, 0x1c,
    0x19, 0x92, 0x0, 0x13, 0xff, 0x8c, 0x0, 0x79,
    0x8e, 0x1c, 0xc9, 0x0, 0x2, 0xcd, 0xc2, 0x0,
    0x3e, 0xe6, 0x87, 0x76, 0x20, 0x59, 0xbb, 0xa5,
    0x40, 0x5f, 0xbb, 0xf1, 0x0, 0x7, 0x76, 0x10,
    0x9b, 0x7f, 0xff, 0x84, 0x3, 0xfa, 0x7e, 0x4b,
    0x7f, 0xd2, 0x16, 0x20, 0x1f, 0xf3, 0x46, 0x4e,
    0x56, 0xa0, 0x6, 0x1f, 0xf8, 0x40, 0x23, 0xd0,
    0x73, 0x74, 0x10, 0xc, 0x3b, 0xb9, 0xb7, 0xf8,
    0x77, 0xb9, 0xba, 0xee, 0x28, 0x27, 0x11, 0x77,
    0xfb, 0x64, 0xc0, 0x5a, 0xff, 0x14,

    /* U+8BA1 "计" */
    0x0, 0xff, 0xe0, 0x11, 0x80, 0x7e, 0x1c, 0x40,
    0xf, 0xab, 0x80, 0x3f, 0xa, 0x5b, 0x0, 0x7f,
    0xf1, 0x62, 0x64, 0xc0, 0x1f, 0xfc, 0x56, 0x94,
    0x0, 0xff, 0xe3, 0x31, 0x0, 0x7f, 0xf0, 0x45,
    0x9b, 0x10, 0x7, 0xff, 0x8, 0xee, 0xe9, 0x40,
    0xaf, 0xfc, 0xe5, 0xff, 0xc0, 0x5b, 0xb0, 0x80,
    0x26, 0xef, 0x28, 0xdd, 0xf0, 0x7, 0xe3, 0x44,
    0xc4, 0x68, 0x9c, 0x1, 0xff, 0xf8, 0x10, 0xf,
    0xfe, 0x32, 0x79, 0x80, 0x7f, 0xf0, 0xc6, 0xec,
    0xe6, 0x1, 0xff, 0xc2, 0x40, 0x2a, 0x90, 0xf,
    0xfe, 0x1f, 0x96, 0xa8, 0x7, 0xff, 0x12, 0x70,
    0x80, 0x3f, 0xf8, 0x40,

    /* U+8BB0 "记" */
    0x0, 0xff, 0xe4, 0xa7, 0x18, 0x4, 0xab, 0xfc,
    0x40, 0x12, 0x3e, 0x18, 0x2, 0xea, 0xbf, 0x20,
    0x6, 0x96, 0xc2, 0xe, 0xff, 0xf8, 0x40, 0x3d,
    0x30, 0x40, 0x1f, 0xfc, 0x57, 0x0, 0xff, 0xe0,
    0x8c, 0x46, 0x30, 0xf, 0xfe, 0x11, 0x14, 0xea,
    0x1, 0xff, 0xc1, 0x1a, 0xa8, 0x40, 0x25, 0xff,
    0xf8, 0x40, 0x3f, 0xf8, 0x15, 0x5e, 0x0, 0xff,
    0xe0, 0xaa, 0xf9, 0xd4, 0x3, 0xff, 0x8b, 0x6,
    0x1, 0xff, 0xcf, 0x10, 0xf, 0xe3, 0x20, 0xe,
    0x19, 0xb0, 0xf, 0xeb, 0xe0, 0x8, 0x45, 0xb,
    0x60, 0x1f, 0xc4, 0xc0, 0x14, 0x3, 0xe0, 0xb0,
    0x42, 0x27, 0x32, 0xe0, 0x5, 0xf7, 0x0, 0x3,
    0x66, 0x5d, 0xf4, 0xab, 0x0,

    /* U+8BBE "设" */
    0x0, 0x88, 0x3, 0xff, 0x8c, 0x7a, 0xa0, 0x18,
    0x7f, 0xfc, 0x20, 0x1c, 0x73, 0x4c, 0x1, 0xd5,
    0x98, 0xa0, 0xf, 0xcd, 0x12, 0x60, 0x19, 0xc,
    0xce, 0x1, 0xfc, 0xf4, 0x60, 0x5, 0x1, 0x0,
    0xff, 0xe0, 0xa8, 0x5, 0xc8, 0x1, 0xc6, 0x1,
    0x91, 0x30, 0x4, 0xeb, 0x0, 0x11, 0x85, 0xbb,
    0x80, 0x6e, 0xf0, 0x85, 0xc5, 0x18, 0x4, 0x30,
    0x59, 0xa0, 0x3f, 0xec, 0x0, 0xb7, 0x94, 0x3,
    0x9e, 0xed, 0x40, 0x1f, 0x8b, 0xbf, 0xff, 0x58,
    0x7, 0xf2, 0xb8, 0x55, 0xde, 0xa0, 0xd0, 0xf,
    0xe1, 0x82, 0x22, 0x26, 0x21, 0x60, 0xf, 0xfa,
    0x20, 0x40, 0x2, 0x88, 0x0, 0x7f, 0x84, 0x15,
    0x58, 0x44, 0xc5, 0x60, 0xf, 0xc7, 0x74, 0x0,
    0xa5, 0xfc, 0x5a, 0x0, 0xf9, 0xc3, 0x1e, 0x80,
    0x2, 0x44, 0x13, 0x0, 0xfd, 0x0, 0xd8, 0x24,
    0xfe, 0xf5, 0x2d, 0xce, 0x40, 0x1e, 0xb8, 0xc,
    0xda, 0x9e, 0x56, 0xf7, 0x9d, 0xc0, 0xd, 0x88,
    0x0, 0x8c, 0xd7, 0x0, 0x86, 0x7a, 0xe0, 0x0,

    /* U+8BEF "误" */
    0x0, 0xff, 0xe5, 0x56, 0x88, 0x4, 0xff, 0xff,
    0xa8, 0x3, 0x58, 0xe0, 0x80, 0x3c, 0xf3, 0x3c,
    0x82, 0x1, 0x87, 0x7, 0x40, 0x27, 0x33, 0xf1,
    0x0, 0x7d, 0xbe, 0x1, 0xff, 0xc6, 0x13, 0x0,
    0x93, 0xbb, 0xcc, 0x1, 0xae, 0xf0, 0x80, 0x2a,
    0xea, 0xbd, 0x70, 0x0, 0x15, 0x59, 0x0, 0x22,
    0x44, 0xfc, 0x60, 0x1, 0xee, 0x60, 0x6, 0x55,
    0xff, 0x8, 0x7, 0xe1, 0x88, 0xd5, 0x48, 0x8c,
    0xa0, 0x1f, 0x87, 0x77, 0x23, 0x6e, 0xe4, 0x0,
    0xff, 0xe0, 0xb7, 0x0, 0x7f, 0xf0, 0x73, 0xff,
    0x14, 0x7f, 0xf0, 0x80, 0x7d, 0xdb, 0xb4, 0x0,
    0x33, 0x77, 0x8, 0x7, 0x1c, 0xd1, 0x15, 0x6a,
    0x54, 0x45, 0x80, 0x33, 0x6, 0x2d, 0x0, 0x24,
    0xe3, 0x99, 0xc0, 0x3e, 0xe0, 0x6c, 0x22, 0x63,
    0x59, 0x1d, 0x45, 0x90, 0x7, 0x65, 0xc0, 0xe6,
    0xbe, 0xa0, 0x1, 0x71, 0xb6, 0xc0, 0x33, 0x20,
    0xd, 0x6d, 0x90, 0x6, 0x3d, 0xbe, 0x0,

    /* U+8C03 "调" */
    0x0, 0x88, 0x3, 0xff, 0x8b, 0x18, 0x40, 0x2,
    0xff, 0xff, 0x20, 0x2, 0x17, 0x8, 0x2, 0xbc,
    0xcf, 0x80, 0x3a, 0xcb, 0xc0, 0x24, 0x33, 0x5d,
    0x19, 0xc2, 0x1, 0xdb, 0x40, 0x1c, 0x20, 0x1,
    0x10, 0x7, 0xc2, 0xe0, 0x1a, 0xf9, 0xdb, 0xbc,
    0x3, 0x2a, 0xe0, 0xe, 0xbf, 0x76, 0xfe, 0x0,
    0x86, 0x22, 0xa1, 0x0, 0x84, 0x3, 0xf8, 0x77,
    0x5c, 0x1, 0xc5, 0xfe, 0x76, 0xff, 0x28, 0x7,
    0xfc, 0x7f, 0xfe, 0x50, 0xf, 0xe1, 0x0, 0x84,
    0x70, 0x7, 0xfc, 0xe0, 0xb, 0xee, 0xd4, 0x1,
    0xfe, 0x32, 0x0, 0x5f, 0xfa, 0x40, 0x3f, 0xc3,
    0xac, 0x1, 0xff, 0xc3, 0x9f, 0x43, 0x0, 0x57,
    0x72, 0x40, 0x3e, 0x70, 0x74, 0x1c, 0x0, 0x46,
    0x63, 0x6c, 0x3, 0xda, 0x12, 0x60, 0x81, 0xc8,
    0x45, 0x8, 0x7, 0xb, 0x4b, 0x3b, 0x80, 0xa,
    0x40, 0x1, 0x33, 0x8, 0x4, 0x3a, 0xc2, 0x52,
    0x1, 0xe2, 0xcc, 0x22, 0x0, 0x22, 0x1, 0xc1,
    0x0, 0xf1, 0xff, 0xac, 0x0,

    /* U+8CC7 "資" */
    0x0, 0xfe, 0x36, 0x0, 0xff, 0x5e, 0x38, 0x80,
    0x5d, 0xe2, 0x3f, 0x0, 0x57, 0x39, 0xcc, 0x14,
    0x4d, 0xdd, 0xf1, 0x0, 0x4b, 0x7a, 0x96, 0xfd,
    0xf4, 0x5f, 0xee, 0x28, 0x20, 0xc, 0x2e, 0xee,
    0xc1, 0x3b, 0x6b, 0x15, 0x53, 0x80, 0x12, 0x33,
    0xb8, 0x2a, 0x55, 0xba, 0xbe, 0xfc, 0xb0, 0xb,
    0x8a, 0x7e, 0xd3, 0x23, 0x38, 0xc1, 0x7c, 0x37,
    0x84, 0x2a, 0x81, 0xdd, 0x12, 0xc7, 0x76, 0xf6,
    0x8c, 0x10, 0xc, 0x3d, 0xdf, 0xe0, 0x1, 0x0,
    0x78, 0x47, 0xfc, 0x1, 0xfd, 0xbb, 0xfe, 0x10,
    0xf, 0xd9, 0x9f, 0xe1, 0x0, 0xfd, 0xdd, 0xfe,
    0x10, 0xf, 0xdd, 0xdf, 0xe1, 0x0, 0xfd, 0x99,
    0xfe, 0x10, 0xf, 0x2e, 0xfa, 0xa7, 0x76, 0x54,
    0xfd, 0x70, 0xc, 0x2b, 0x18, 0xb8, 0x45, 0xb0,
    0xf2, 0x50, 0x2, 0x8e, 0x82, 0xdc, 0x40, 0xc,
    0xb7, 0xdb, 0x1c, 0x61, 0x19, 0xb0, 0x40, 0x1f,
    0x85, 0xb7, 0xc,

    /* U+8CFC "購" */
    0x0, 0xff, 0xc, 0x80, 0x4e, 0x80, 0x18, 0xfb,
    0xb9, 0x0, 0x6, 0xc0, 0x15, 0x90, 0x6, 0x70,
    0xff, 0x80, 0x17, 0xfa, 0x1f, 0xf1, 0xcf, 0xf0,
    0x6, 0x11, 0x80, 0x17, 0xfa, 0x1d, 0xfe, 0x38,
    0xfe, 0x0, 0xc2, 0x30, 0x5, 0x30, 0x17, 0x32,
    0x2b, 0x95, 0x0, 0x87, 0xba, 0x10, 0x7, 0xe8,
    0x6f, 0xf8, 0x1b, 0xd8, 0x2, 0x1f, 0xf8, 0x40,
    0x5d, 0x1, 0x5d, 0xc7, 0xae, 0x40, 0x1f, 0xb3,
    0xb9, 0x81, 0xbd, 0xc2, 0x8e, 0xe2, 0x80, 0x5,
    0x56, 0x1c, 0xff, 0xe0, 0xcf, 0xfc, 0xa0, 0x17,
    0xfc, 0x1, 0x67, 0xfc, 0x19, 0xff, 0x18, 0x4,
    0x35, 0x50, 0x80, 0x6, 0x7f, 0xc1, 0x7f, 0xc0,
    0x1f, 0xfc, 0x11, 0x22, 0x0, 0x91, 0x80, 0x70,
    0xb3, 0x42, 0x1, 0x4f, 0x70, 0x23, 0xbc, 0x3,
    0x33, 0x3b, 0xa7, 0x60, 0x4, 0x66, 0x3, 0xb3,
    0x40, 0x31, 0xa, 0x40, 0xb, 0xf9, 0x4f, 0xf8,
    0x33, 0xfc, 0x18, 0xc0, 0x5, 0xb0, 0xb6, 0x67,
    0x14, 0x77, 0x78, 0x2d, 0x81, 0x9, 0x80, 0xd2,
    0x44, 0x4, 0x7e, 0x7, 0x0, 0x4b, 0x8, 0x3,
    0x80, 0x3e, 0x12, 0x20, 0x8, 0xb, 0x40, 0x4,
    0xb4, 0x1, 0xe9, 0xdc, 0x52, 0x0,

    /* U+8D25 "败" */
    0x0, 0xff, 0xe0, 0x3a, 0x80, 0x7c, 0x5f, 0xfe,
    0xe0, 0xa, 0x48, 0x3, 0xfa, 0xef, 0x40, 0x4,
    0x42, 0x80, 0x1f, 0xc8, 0x86, 0x44, 0x0, 0x4a,
    0xe, 0x89, 0xc0, 0x1c, 0x98, 0x1, 0xd8, 0x17,
    0x7e, 0x0, 0xff, 0x85, 0x2f, 0xfe, 0x48, 0xf0,
    0xf, 0xfa, 0x45, 0x0, 0x25, 0x30, 0xf, 0xf8,
    0x9c, 0x40, 0x21, 0x13, 0x0, 0x7f, 0xca, 0x44,
    0x50, 0x2, 0x89, 0x0, 0x7f, 0xcf, 0xf5, 0xc0,
    0xc, 0x40, 0xf, 0x84, 0xc0, 0x31, 0x32, 0x18,
    0x37, 0x80, 0x7c, 0x62, 0x1, 0xc2, 0xb0, 0x82,
    0xa0, 0x1f, 0x62, 0x80, 0x7a, 0xd2, 0x58, 0x3,
    0x8b, 0x41, 0x30, 0x4f, 0xc0, 0x21, 0x72, 0xa0,
    0xf, 0x13, 0x2, 0x7b, 0x8, 0x4, 0x4c, 0x1e,
    0x1, 0xe1, 0x88, 0xd, 0x49, 0x80, 0x5e, 0xbc,
    0x36, 0x1, 0x87, 0x49, 0x81, 0x1f, 0x80, 0xf4,
    0x6c, 0x7d, 0x74, 0xc0, 0x1e, 0xf8, 0x1, 0x43,
    0xae, 0x26, 0x0, 0xb, 0xdf, 0x8, 0x32, 0xc0,
    0x3a, 0x97, 0x24, 0x3, 0xd, 0x69, 0x0,

    /* U+8D2D "购" */
    0x0, 0xff, 0x91, 0x0, 0x1f, 0xa, 0xaf, 0x80,
    0x29, 0xc0, 0xf, 0x8e, 0xa2, 0x35, 0x10, 0x19,
    0x58, 0x7, 0xe1, 0xdd, 0xc2, 0x0, 0xb0, 0x65,
    0x5e, 0x30, 0xc, 0x2c, 0x1, 0x98, 0x6e, 0xfa,
    0xa4, 0x3, 0x2d, 0x80, 0x50, 0x1d, 0xde, 0x53,
    0x0, 0xfc, 0xee, 0xb2, 0x50, 0xf, 0xfe, 0x11,
    0xb2, 0xaa, 0x0, 0x30, 0x88, 0x3, 0xf2, 0x48,
    0x62, 0x80, 0x7f, 0xf1, 0x52, 0xd2, 0x0, 0xf,
    0xe0, 0x1f, 0xe5, 0x23, 0x57, 0x10, 0x10, 0xe,
    0x11, 0x0, 0x6e, 0xb0, 0x15, 0x60, 0x31, 0x0,
    0xc4, 0xc0, 0x11, 0xa7, 0x56, 0xad, 0x80, 0x98,
    0x1c, 0x86, 0xe0, 0x49, 0xd8, 0x1e, 0xcf, 0x19,
    0x0, 0x80, 0xb8, 0xa0, 0x4b, 0x8c, 0xfd, 0xba,
    0xe, 0x98, 0x38, 0x5, 0x2a, 0xee, 0x60, 0x10,
    0xe, 0x22, 0x1, 0x0, 0xd, 0xe4, 0x6a, 0x48,
    0x3, 0xe5, 0x1, 0x4, 0xd9, 0x20, 0x45, 0x90,
    0xc, 0xa8, 0x8b, 0x40, 0x7, 0x5b, 0x0, 0x51,
    0x0, 0xd, 0xd7, 0x61, 0x90, 0x5, 0x28, 0x6,
    0x23, 0x0, 0xd7, 0xfe, 0xc2, 0x0,

    /* U+8DEF "路" */
    0x0, 0x11, 0x78, 0x2, 0x3d, 0x10, 0xf, 0x8b,
    0x77, 0xc6, 0x0, 0x91, 0x10, 0x7, 0xf7, 0x7f,
    0xc0, 0x10, 0xa9, 0xf7, 0x68, 0x0, 0xe1, 0x0,
    0xf4, 0x8d, 0xd5, 0x2c, 0x74, 0x3, 0xfe, 0x27,
    0x10, 0x44, 0x10, 0xa8, 0x7, 0xf9, 0xfd, 0x62,
    0x40, 0x66, 0x0, 0x3d, 0xff, 0x82, 0x42, 0x9c,
    0x62, 0x89, 0x80, 0x31, 0x6e, 0xa4, 0x77, 0x59,
    0xe0, 0xe, 0x74, 0xe0, 0xf, 0x11, 0x40, 0x44,
    0x12, 0x0, 0x48, 0x2, 0x80, 0x38, 0xbc, 0x3,
    0xe2, 0xd6, 0xdc, 0x5b, 0x20, 0xf, 0x87, 0xfd,
    0x13, 0xa9, 0xa4, 0x78, 0x1b, 0x42, 0x1, 0xc3,
    0xda, 0x88, 0x4, 0xdd, 0xb1, 0x41, 0x80, 0x3e,
    0x12, 0xcd, 0xa, 0x99, 0xcc, 0x38, 0x20, 0x1f,
    0xf1, 0xa2, 0x6d, 0x0, 0xff, 0x22, 0x0, 0x3f,
    0xf8, 0x49, 0xc3, 0xf7, 0x80, 0x1f, 0xf0, 0xf0,
    0x5b, 0xb5, 0x74, 0x0, 0xc, 0xfb, 0x40, 0x21,
    0x5a, 0xed, 0x95, 0x10, 0xa, 0x33, 0x33, 0x80,
    0x69, 0x51, 0x0, 0xfa, 0xff, 0xf5, 0x18, 0x0,

    /* U+8F09 "載" */
    0x0, 0xc7, 0x40, 0x18, 0x64, 0x40, 0xc0, 0x38,
    0x46, 0x55, 0x8, 0xe3, 0x62, 0x26, 0xc8, 0x6,
    0xee, 0xa4, 0x3b, 0xab, 0x0, 0x8b, 0x1e, 0x80,
    0x2f, 0xfa, 0xc3, 0xfe, 0xa3, 0x0, 0x8b, 0x1c,
    0x80, 0x8c, 0xf0, 0x19, 0xe5, 0x5, 0x33, 0xf,
    0x8, 0x7e, 0x65, 0x1, 0x99, 0xac, 0x27, 0x33,
    0x83, 0x7f, 0xeb, 0x1f, 0xfe, 0x1a, 0xff, 0xe0,
    0x5f, 0xfa, 0xc7, 0xff, 0x1, 0x90, 0x1, 0xf4,
    0x0, 0xbd, 0xd5, 0xf, 0x76, 0x6, 0xe0, 0x5,
    0x28, 0x5, 0x7b, 0xa8, 0x1d, 0xd9, 0x80, 0x88,
    0x6, 0x52, 0x1, 0x3f, 0xe4, 0x96, 0x61, 0x38,
    0x39, 0x42, 0x10, 0x40, 0x37, 0xe4, 0x96, 0x61,
    0x80, 0x8, 0x2a, 0x92, 0x1, 0xdf, 0x92, 0x59,
    0x86, 0x0, 0x18, 0x53, 0x10, 0x7, 0x7d, 0xc1,
    0x5d, 0x94, 0x2, 0x21, 0x80, 0x1, 0x0, 0x33,
    0x6a, 0x46, 0xa9, 0x92, 0xa, 0x40, 0x20, 0xc,
    0x23, 0x55, 0x88, 0x15, 0x64, 0x3a, 0x11, 0x20,
    0x0, 0x4e, 0xe2, 0x2a, 0x18, 0x8a, 0x74, 0xbc,
    0xa0, 0x8, 0x6, 0x33, 0x29, 0x1c, 0xc7, 0x98,
    0x78, 0xc9, 0xd5, 0x98, 0x7, 0xf9, 0x7c, 0x81,
    0x29, 0xdd, 0xe0,

    /* U+8F2F "輯" */
    0x0, 0xc9, 0xa0, 0x1c, 0x45, 0xf0, 0x7, 0xc6,
    0x1, 0x97, 0x77, 0xe3, 0x0, 0x22, 0xab, 0x1,
    0x56, 0x20, 0x7, 0xfe, 0xd0, 0xd, 0x11, 0x30,
    0xc4, 0x4e, 0x2, 0x1, 0x8c, 0x3, 0x66, 0xea,
    0x87, 0x76, 0x50, 0x1c, 0xce, 0x0, 0xc9, 0xfe,
    0xb1, 0xff, 0x81, 0x7f, 0x33, 0x6f, 0x98, 0x4,
    0x7d, 0x65, 0xdc, 0x6, 0xcc, 0xfe, 0x40, 0x3,
    0x8b, 0x88, 0xc0, 0xb6, 0x73, 0x3a, 0x8e, 0xd4,
    0x0, 0x9f, 0x87, 0xfe, 0x3, 0x40, 0x55, 0xce,
    0xa, 0x20, 0x3, 0xfc, 0x2f, 0xe0, 0xd, 0xb9,
    0x98, 0x3, 0x9c, 0x0, 0x20, 0x20, 0x1a, 0x23,
    0x80, 0x39, 0x3f, 0xf, 0xfc, 0x1, 0x95, 0x13,
    0x0, 0x64, 0xee, 0x48, 0xf7, 0x40, 0x16, 0xee,
    0xc0, 0xc, 0x46, 0x61, 0x3, 0x38, 0x40, 0x13,
    0xdd, 0x48, 0x4, 0x3b, 0xb4, 0xe, 0xed, 0x60,
    0x4, 0x33, 0x94, 0x18, 0x7, 0xfe, 0xa1, 0xff,
    0xb2, 0x82, 0xaf, 0x37, 0x82, 0xd4, 0x3, 0x8,
    0x6, 0x87, 0x31, 0x24, 0xa9, 0xa, 0x50, 0xf,
    0xee, 0xe6, 0x5c, 0xc3, 0xb8, 0x1c, 0x3, 0xff,
    0x9a, 0x9c, 0x1, 0xfe, 0x1f, 0x20,

    /* U+8F38 "輸" */
    0x0, 0xd8, 0xa0, 0x1f, 0x5a, 0x80, 0x7f, 0x8,
    0x7, 0xd0, 0xb0, 0x20, 0x1d, 0x79, 0x82, 0xbc,
    0xc2, 0x80, 0x21, 0x7d, 0x70, 0x80, 0x37, 0x4c,
    0x85, 0xe6, 0x4e, 0x36, 0xb8, 0x31, 0x58, 0xc0,
    0x12, 0xac, 0x78, 0xaa, 0x7f, 0x3d, 0x10, 0x3,
    0xd5, 0xe9, 0x3, 0xff, 0x8a, 0xbf, 0xcd, 0xad,
    0xff, 0xd7, 0x10, 0x20, 0x3, 0x79, 0xdf, 0x1,
    0x9b, 0x37, 0x7c, 0x8a, 0x1, 0x8, 0x4, 0x20,
    0x9, 0x88, 0x90, 0x8a, 0x99, 0x0, 0x4d, 0x87,
    0x38, 0x0, 0x70, 0x36, 0xc2, 0xd0, 0xf, 0x27,
    0x95, 0xc0, 0x5, 0x13, 0x40, 0x1f, 0xc4, 0x62,
    0x48, 0x1, 0x44, 0xd0, 0x7, 0xf3, 0x59, 0x45,
    0x80, 0x5b, 0x8a, 0x1, 0xf9, 0x6b, 0xc1, 0x3e,
    0xc0, 0xa, 0xaf, 0x0, 0xfc, 0x48, 0x83, 0xe4,
    0x40, 0x3, 0xb2, 0xc0, 0x3e, 0x1f, 0xf8, 0xa7,
    0xfc, 0xc1, 0x50, 0x80, 0x1f, 0xf, 0x74, 0x53,
    0xdc, 0x60, 0x44, 0x78, 0x1d, 0x80, 0x70, 0x8c,
    0x6, 0x22, 0x0, 0xc2, 0x2, 0xc0, 0x20, 0x1f,
    0xfc, 0x18, 0x9c, 0x7, 0xf7, 0xd0, 0xe, 0xf4,
    0x0, 0xb0, 0xa3, 0x98, 0x1f, 0xf9, 0x0,

    /* U+8F7D "载" */
    0x0, 0xeb, 0x30, 0xd, 0xc, 0x2, 0x1, 0xc2,
    0x39, 0x14, 0x46, 0x3, 0xf0, 0xf9, 0x0, 0xd9,
    0xdd, 0x4, 0xf7, 0x3c, 0x3, 0x63, 0xc8, 0x5,
    0xbf, 0xf0, 0x5f, 0xfb, 0x80, 0x40, 0x5, 0xa6,
    0x0, 0x22, 0xe0, 0x22, 0xe1, 0x22, 0x86, 0x8,
    0x3f, 0x77, 0x4, 0xee, 0xe4, 0x46, 0xef, 0x6,
    0xff, 0xb4, 0xb7, 0xff, 0x9d, 0x3f, 0xf8, 0x3,
    0x50, 0x10, 0x7, 0x73, 0x0, 0x17, 0x0, 0x13,
    0xfe, 0x72, 0xff, 0xeb, 0x33, 0x0, 0x3d, 0x40,
    0x13, 0xd0, 0x3d, 0xde, 0xa6, 0x10, 0x2, 0xd0,
    0x4, 0x35, 0x2, 0x54, 0x23, 0x88, 0x9, 0x84,
    0xc0, 0x28, 0x23, 0x5b, 0x45, 0x58, 0x46, 0x7b,
    0x80, 0xc, 0x63, 0x10, 0x60, 0x88, 0x88, 0x16,
    0xd, 0x80, 0x35, 0xf6, 0xea, 0x83, 0x76, 0x30,
    0x32, 0xb0, 0xf, 0x9, 0x19, 0x81, 0xe2, 0xa0,
    0x10, 0x1c, 0x1, 0x83, 0x3f, 0xd9, 0xf6, 0x1f,
    0xf5, 0xd8, 0x89, 0x0, 0x3, 0x8, 0xef, 0xec,
    0x80, 0x87, 0x4f, 0x4a, 0xe5, 0x98, 0x11, 0xc0,
    0x1f, 0x59, 0xba, 0x1d, 0x23, 0x58, 0x7, 0xfa,
    0x56, 0x0, 0xb, 0xbc, 0xa0, 0x1e, 0x4f, 0x0,
    0x1d, 0x0, 0x7e,

    /* U+8F91 "辑" */
    0x0, 0xd2, 0x20, 0x18, 0x47, 0xf0, 0x7, 0x1b,
    0x0, 0x64, 0xee, 0xfb, 0xc0, 0x25, 0x55, 0x2,
    0x2a, 0x84, 0x7, 0xff, 0xa8, 0x3, 0x5d, 0x98,
    0x2e, 0xe2, 0x0, 0xff, 0xe0, 0x77, 0x6, 0xfb,
    0xa3, 0x1, 0xff, 0xea, 0x0, 0xe3, 0x14, 0x0,
    0xc9, 0xdd, 0xf7, 0x80, 0x6b, 0x50, 0xc2, 0x6,
    0xdc, 0xcf, 0xda, 0x40, 0x6, 0xe0, 0x30, 0x2,
    0x41, 0x5c, 0xce, 0x40, 0x92, 0x7, 0x13, 0x70,
    0xa6, 0x24, 0x4, 0x4e, 0xf1, 0x40, 0x7, 0x95,
    0xd8, 0x16, 0x84, 0x1, 0x9d, 0xda, 0x40, 0x34,
    0x6e, 0x60, 0x3f, 0x4, 0x1, 0x59, 0x99, 0xc0,
    0x3f, 0xf8, 0x4c, 0x45, 0xb8, 0x3, 0xe2, 0xb,
    0xa6, 0x0, 0x6f, 0xfe, 0x90, 0xd, 0x17, 0xda,
    0xe, 0x4, 0x0, 0xce, 0xed, 0x0, 0x19, 0xdc,
    0xd4, 0x19, 0x48, 0x0, 0x11, 0xf8, 0x80, 0x1f,
    0x90, 0xa0, 0x12, 0xb0, 0x45, 0x5e, 0x74, 0x96,
    0xa0, 0x7, 0xe8, 0x80, 0xb0, 0x92, 0x4a, 0x96,
    0xa0, 0x7, 0xed, 0xfe, 0xcb, 0x98, 0x7c, 0x12,
    0x0, 0xff, 0xe7, 0x79, 0x0, 0x7f, 0x36, 0x80,
    0x0,

    /* U+8F93 "输" */
    0x0, 0x99, 0x40, 0x3e, 0x19, 0x10, 0xf, 0xd4,
    0x40, 0x1f, 0x53, 0x80, 0x7c, 0x88, 0x2f, 0x44,
    0x8, 0x5, 0x42, 0xb8, 0x40, 0x1d, 0x76, 0x17,
    0xbb, 0x28, 0xd, 0x95, 0x5a, 0x6b, 0x0, 0x6f,
    0xb2, 0xff, 0x90, 0xf3, 0xa0, 0x1, 0x37, 0x1a,
    0xa0, 0x16, 0x20, 0x5, 0x3a, 0x15, 0xff, 0xac,
    0xde, 0x0, 0x24, 0xc7, 0x80, 0x8e, 0xcd, 0xdf,
    0x65, 0x68, 0x0, 0x4d, 0x7c, 0x40, 0x51, 0xe,
    0xf1, 0x91, 0x6, 0xc8, 0x0, 0xc6, 0x45, 0x82,
    0x62, 0x65, 0x4a, 0x5c, 0xa, 0x1, 0x51, 0xea,
    0xa6, 0xa0, 0x76, 0x60, 0x80, 0x3f, 0x7f, 0x7b,
    0x2f, 0xa0, 0x4c, 0x40, 0xc0, 0x3f, 0x10, 0x80,
    0x98, 0x7, 0xff, 0x18, 0x56, 0x48, 0x26, 0x20,
    0x60, 0x1f, 0x9a, 0xb5, 0x88, 0x2, 0xfa, 0xa1,
    0x0, 0x7e, 0xb0, 0xb5, 0x79, 0x20, 0xbf, 0xf0,
    0x80, 0x7e, 0xda, 0x62, 0x0, 0xc8, 0xaa, 0x30,
    0x2d, 0x0, 0xff, 0xe1, 0x89, 0x80, 0x8, 0x82,
    0x1, 0xff, 0xc0, 0x3e, 0x5, 0xb, 0xd3, 0x20,
    0xf, 0xf8, 0xff, 0x84, 0x2b, 0xf0, 0x0,

    /* U+8FA6 "辦" */
    0x0, 0x12, 0x80, 0x68, 0x50, 0xc, 0x50, 0x1,
    0xf5, 0x10, 0x4, 0x66, 0x0, 0xc6, 0xe6, 0x1,
    0x84, 0xcd, 0x62, 0x20, 0xf, 0x8, 0x24, 0x88,
    0x80, 0x1d, 0xc3, 0x6e, 0xc0, 0xf, 0x77, 0x11,
    0x7b, 0xc0, 0x1b, 0x5f, 0xe7, 0xc2, 0x7e, 0x33,
    0x6, 0xd7, 0xfa, 0x34, 0x0, 0x30, 0x2, 0xe3,
    0xe6, 0xf9, 0x83, 0x18, 0x0, 0x48, 0x4, 0x64,
    0x28, 0xa1, 0xa7, 0x7e, 0x20, 0x66, 0x12, 0x3,
    0x0, 0x94, 0x3f, 0xc0, 0x1, 0x70, 0xc, 0x86,
    0x8e, 0x0, 0x1f, 0x5e, 0x5a, 0xe0, 0x31, 0x1,
    0x7e, 0x4c, 0x96, 0xe2, 0x1d, 0xd2, 0x36, 0xe0,
    0x9, 0x80, 0x1f, 0x74, 0x87, 0x9a, 0x40, 0x44,
    0x11, 0x11, 0x4, 0x4, 0x0, 0x26, 0x62, 0x63,
    0x30, 0x0, 0xcc, 0xc4, 0x64, 0xa4, 0x1, 0x18,
    0x7, 0xef, 0xd3, 0x5d, 0xb2, 0x60, 0xd, 0x7e,
    0xeb, 0xfc, 0x0, 0xce, 0x29, 0xe9, 0xc2, 0x1,
    0x1, 0x9d, 0x64, 0xdc, 0x0, 0xc4, 0x40, 0x2,
    0xe0, 0x18, 0x0, 0x88, 0x22, 0x22, 0x0, 0x48,
    0xa, 0x8, 0x8, 0x2, 0x20, 0xf, 0xf4, 0xa0,
    0x84, 0x18, 0xd, 0x10, 0x7, 0xf5, 0x14, 0x1,
    0x9a, 0x5f, 0x9e, 0x40, 0x3f, 0xbe, 0xc, 0xd,
    0x95, 0xbf, 0x94, 0x3, 0xf9, 0x5c, 0x2, 0x90,
    0xf, 0xd1, 0x40, 0x10,

    /* U+8FD9 "这" */
    0x0, 0xff, 0xc, 0x0, 0x7f, 0x13, 0x0, 0x7e,
    0x78, 0x0, 0xfc, 0xd3, 0x20, 0xf, 0xb, 0xb8,
    0x40, 0x3e, 0x4b, 0x67, 0x5, 0x5e, 0xf1, 0x65,
    0x5e, 0x0, 0x92, 0x68, 0x6e, 0xfa, 0x42, 0x6e,
    0xae, 0xd0, 0x1, 0x9b, 0x47, 0xbb, 0xf5, 0x87,
    0xf6, 0x80, 0x7c, 0x58, 0x80, 0x1d, 0xca, 0x20,
    0x18, 0xcf, 0x1, 0x25, 0xc0, 0x4, 0x69, 0xc0,
    0x1d, 0x99, 0x80, 0x11, 0x8d, 0xa6, 0x1c, 0x88,
    0x0, 0xef, 0xf5, 0x0, 0x63, 0xf7, 0xcc, 0x1d,
    0x0, 0x7f, 0xf0, 0x86, 0x90, 0xc8, 0x40, 0x3f,
    0xf8, 0x74, 0x8e, 0x5a, 0x40, 0x1f, 0xfc, 0x3,
    0xc4, 0xc8, 0xf1, 0xd4, 0x0, 0xfe, 0x4b, 0xc7,
    0xc3, 0x1, 0xc4, 0xb6, 0x0, 0xfd, 0x2f, 0x96,
    0x40, 0x1a, 0xd7, 0x40, 0x32, 0xc0, 0x57, 0xe1,
    0x80, 0x7d, 0x56, 0x1, 0x4d, 0x3d, 0xe, 0xe3,
    0xaa, 0x91, 0x25, 0x53, 0x3c, 0x8, 0x23, 0xd2,
    0xdd, 0x96, 0xaa, 0xbb, 0xaa, 0x93, 0x8, 0x21,
    0x90, 0x1, 0x24, 0xef, 0xfb, 0xba, 0xff, 0xd8,
    0x0,

    /* U+8FDB "进" */
    0x0, 0xff, 0x10, 0x4, 0x24, 0x1, 0xc3, 0xca,
    0x1, 0xc7, 0xa0, 0x13, 0xe0, 0x7, 0xc, 0x52,
    0x80, 0x7f, 0xf1, 0x5a, 0x29, 0x0, 0x3f, 0xf8,
    0xae, 0xc2, 0x2d, 0xd8, 0x3b, 0x75, 0x3, 0xba,
    0x70, 0xe, 0x95, 0x1b, 0xb3, 0x84, 0xdd, 0x90,
    0x2e, 0xc8, 0x1, 0xf9, 0x99, 0x40, 0xec, 0xcc,
    0x16, 0x61, 0x80, 0x11, 0x30, 0x6, 0x70, 0xf,
    0xfa, 0xef, 0x10, 0x7, 0xff, 0xf, 0xfd, 0xa0,
    0x3, 0xdd, 0x50, 0x6e, 0xd0, 0x3b, 0xac, 0x0,
    0xf8, 0xae, 0xca, 0x37, 0x72, 0x5, 0xda, 0x80,
    0x3e, 0x16, 0x63, 0xb9, 0x9a, 0xc1, 0x66, 0x80,
    0x3f, 0x88, 0xf4, 0x3, 0xff, 0x8b, 0x24, 0x80,
    0x1f, 0xfc, 0x21, 0x9, 0x4e, 0x0, 0xff, 0xe0,
    0x2e, 0x1f, 0x1d, 0x61, 0x80, 0x62, 0x70, 0xe,
    0x8a, 0xa6, 0x4e, 0xf5, 0xaa, 0x19, 0xcf, 0xaa,
    0xce, 0x40, 0xb2, 0x80, 0x9d, 0x7, 0x76, 0xcc,
    0xd7, 0x51, 0x44, 0x18, 0xc0, 0x19, 0x6f, 0xbf,
    0xfe, 0xed, 0x0,

    /* U+8FDE "连" */
    0x0, 0x40, 0x80, 0x7a, 0x64, 0x1, 0xfe, 0x5d,
    0x0, 0xf3, 0x88, 0x7, 0xfb, 0xce, 0x41, 0xf7,
    0x5c, 0x2d, 0xbb, 0xe5, 0x0, 0x8a, 0x59, 0x16,
    0x64, 0x66, 0xa9, 0x9f, 0x20, 0x6, 0x65, 0x72,
    0x45, 0x29, 0x44, 0x2a, 0x26, 0x10, 0xe, 0xa3,
    0x0, 0x48, 0xa8, 0x46, 0x0, 0x7f, 0xf0, 0x45,
    0xe4, 0x3, 0xfe, 0xcc, 0xac, 0x1, 0x41, 0xb3,
    0x24, 0x29, 0x9a, 0x0, 0x2b, 0xb3, 0x28, 0x0,
    0xd0, 0xc, 0xc2, 0x6, 0x70, 0x6, 0x77, 0x60,
    0x5, 0x17, 0x55, 0x29, 0x55, 0x50, 0x1, 0xff,
    0xd0, 0x58, 0x8e, 0x42, 0x88, 0xcc, 0x1, 0xf1,
    0x19, 0xf0, 0x81, 0x9e, 0xe0, 0xf, 0x9e, 0xef,
    0x94, 0xae, 0xf4, 0x0, 0x7f, 0xf2, 0xe2, 0x46,
    0xc8, 0x3, 0xff, 0x85, 0x4f, 0x7c, 0x3b, 0x90,
    0xa8, 0x81, 0x4, 0x42, 0xac, 0x42, 0x94, 0x83,
    0x58, 0x8b, 0x57, 0x66, 0x2b, 0xb5, 0x52, 0xc0,
    0x7d, 0x40, 0x23, 0x8d, 0xfe, 0xee, 0xff, 0xb8,
    0x80,

    /* U+9001 "送" */
    0x0, 0x28, 0x7, 0x23, 0x0, 0x71, 0xc0, 0x6,
    0x1b, 0xa0, 0xc, 0x32, 0x40, 0x1a, 0xc, 0x3,
    0xe, 0xac, 0x0, 0x4a, 0x70, 0x1, 0x22, 0x24,
    0x3, 0x8e, 0x9d, 0x40, 0x2f, 0x0, 0xd2, 0xe4,
    0x1, 0xe5, 0x87, 0xe, 0xfc, 0x5f, 0xf8, 0x9f,
    0xfc, 0xa0, 0x1c, 0xe4, 0x15, 0x77, 0x48, 0x4d,
    0xde, 0x40, 0x0, 0x8e, 0x0, 0x22, 0x70, 0x2a,
    0x26, 0x10, 0x7, 0x75, 0xe0, 0x1f, 0xfc, 0x4e,
    0xe4, 0x0, 0x23, 0xbb, 0x60, 0x6f, 0x76, 0xd0,
    0x0, 0x8c, 0x0, 0xbb, 0xe4, 0x9, 0xbb, 0xd0,
    0x1, 0xf1, 0xaa, 0xe1, 0x9, 0x75, 0x5c, 0x1,
    0xff, 0x22, 0x2d, 0x70, 0x80, 0x3f, 0xf8, 0x25,
    0x4a, 0x96, 0xb8, 0x40, 0x1f, 0xf2, 0xe9, 0x50,
    0x2, 0xd7, 0x8, 0x3, 0x84, 0x0, 0x59, 0x4d,
    0x80, 0x1a, 0xcb, 0xc0, 0x35, 0x40, 0xd8, 0x2e,
    0x48, 0x7, 0xb6, 0x0, 0x2c, 0x5c, 0xe1, 0xd5,
    0x45, 0x43, 0x32, 0x21, 0x50, 0xdc, 0x8a, 0xb3,
    0x1a, 0xc5, 0xaa, 0x5e, 0x62, 0xed, 0x54, 0x99,
    0x19, 0x7a, 0x0, 0x47, 0x3b, 0xfd, 0xdb, 0xff,
    0x70, 0x80,

    /* U+9009 "选" */
    0x0, 0xfe, 0x10, 0x5, 0x28, 0x7, 0xcd, 0xa2,
    0x1, 0x8f, 0x84, 0x10, 0x80, 0x3e, 0x61, 0xf2,
    0x0, 0xa8, 0xc4, 0x3, 0xfe, 0xc2, 0xf1, 0x1,
    0x63, 0xff, 0xc, 0x7f, 0xe2, 0x0, 0xda, 0x26,
    0x16, 0x59, 0x90, 0xb6, 0x66, 0x20, 0xc, 0x38,
    0x44, 0x59, 0x33, 0x83, 0x8c, 0xf0, 0x7, 0xe2,
    0xe4, 0x0, 0xff, 0xe0, 0x8, 0xe0, 0x6a, 0xbb,
    0xc3, 0x57, 0x7c, 0x0, 0xce, 0xe8, 0xb, 0x32,
    0x41, 0x87, 0x4c, 0xcc, 0x0, 0xfd, 0x80, 0x2,
    0x3b, 0x98, 0x25, 0xfc, 0x5d, 0xf0, 0x0, 0x8a,
    0x0, 0xe4, 0x3, 0x0, 0xff, 0xe2, 0xca, 0x80,
    0x7c, 0x80, 0x1f, 0xce, 0x72, 0x1, 0xe1, 0xb1,
    0x0, 0xf0, 0xcc, 0x49, 0x80, 0x42, 0x44, 0x40,
    0x10, 0xf, 0x62, 0x53, 0x0, 0x4e, 0x1b, 0xaa,
    0x60, 0xd, 0x81, 0x53, 0xaa, 0x1, 0x8b, 0xfb,
    0xa9, 0x0, 0x27, 0x24, 0x9d, 0xd9, 0xd0, 0xc8,
    0x86, 0x62, 0x54, 0x51, 0x8, 0x5d, 0x69, 0xdc,
    0xbb, 0x66, 0xeb, 0x32, 0xba, 0xb1, 0xd, 0xb0,
    0x8, 0x9f, 0x3f, 0xdd, 0xd7, 0xfe, 0xe0,

    /* U+9019 "這" */
    0x0, 0xff, 0x99, 0x40, 0x3f, 0x88, 0x3, 0xf0,
    0xd1, 0x80, 0x7c, 0x7b, 0x42, 0x2, 0x45, 0x94,
    0xa8, 0x8b, 0x80, 0x7, 0xc3, 0xe9, 0x39, 0x9c,
    0x6f, 0x99, 0xc0, 0x10, 0xdc, 0x9c, 0x77, 0x7f,
    0xf0, 0x0, 0x39, 0xdc, 0x0, 0x8f, 0xff, 0xc6,
    0x1, 0xfe, 0x8e, 0xef, 0xc6, 0x1, 0x5e, 0x64,
    0x1, 0xff, 0xc4, 0xc4, 0x73, 0x0, 0xa3, 0xbb,
    0xf1, 0x80, 0x4f, 0x1c, 0x1, 0xa3, 0xff, 0xf1,
    0x80, 0x7f, 0x8c, 0xff, 0x84, 0x3, 0xfd, 0xdb,
    0xff, 0xec, 0x70, 0xf, 0xfa, 0x33, 0x3c, 0x20,
    0x1f, 0xfd, 0x49, 0xff, 0xf0, 0x80, 0x72, 0xd8,
    0x6a, 0x6, 0x77, 0x7e, 0x60, 0x9, 0xe9, 0xb9,
    0x6f, 0x59, 0x48, 0xce, 0x22, 0x2a, 0x98, 0x42,
    0xa2, 0x3, 0x1d, 0x57, 0x6c, 0xdd, 0xb3, 0x17,
    0x50, 0x0, 0xc7, 0x0, 0x85, 0xf3, 0xfd, 0xdd,
    0x7f, 0xee, 0x10,

    /* U+9023 "連" */
    0x0, 0x30, 0x7, 0xe6, 0xb0, 0xf, 0xeb, 0xb0,
    0x7, 0xc2, 0xc0, 0x1f, 0xde, 0x90, 0x1f, 0xfd,
    0x5, 0xff, 0xd2, 0x1, 0x15, 0x3a, 0x77, 0x73,
    0x97, 0x77, 0x40, 0x6, 0x58, 0x51, 0x77, 0xc4,
    0x6e, 0xf8, 0x84, 0x3, 0x9c, 0x42, 0x77, 0x30,
    0xc3, 0x99, 0x45, 0x80, 0x7f, 0xbe, 0xa9, 0x65,
    0x55, 0x28, 0x6, 0xff, 0xb8, 0x2, 0x8a, 0xa8,
    0xaa, 0xa5, 0x0, 0xd9, 0x87, 0x0, 0xc9, 0xfe,
    0x71, 0xff, 0x8c, 0x3, 0x19, 0xb8, 0x3, 0x62,
    0xab, 0x4d, 0x56, 0x60, 0xf, 0xfa, 0xff, 0xd0,
    0x5f, 0xf2, 0x0, 0x7f, 0xbb, 0xb3, 0x97, 0x76,
    0x80, 0xf, 0x85, 0x51, 0x31, 0x1a, 0x26, 0x55,
    0x0, 0x78, 0xa6, 0x79, 0x6, 0x67, 0xb8, 0x3,
    0x8, 0x1e, 0x67, 0x49, 0x66, 0x75, 0x80, 0x55,
    0x3, 0x42, 0x1, 0xff, 0xc2, 0xb4, 0xde, 0x1e,
    0xb6, 0x44, 0xa4, 0xd1, 0xa, 0xce, 0x64, 0xba,
    0x43, 0x76, 0x28, 0xbb, 0x65, 0xe5, 0xda, 0xa6,
    0x42, 0x5e, 0x60, 0x12, 0x4f, 0x7f, 0x76, 0xff,
    0xdc, 0x40,

    /* U+9031 "週" */
    0x0, 0xff, 0xe4, 0xb6, 0x90, 0x5, 0xdf, 0xff,
    0xe0, 0x9, 0x99, 0x84, 0x1, 0x46, 0xeb, 0x27,
    0x37, 0x52, 0x1, 0xd6, 0xb8, 0x20, 0x3, 0x22,
    0xc, 0x99, 0x11, 0x40, 0x3d, 0x4a, 0x60, 0x14,
    0x7e, 0x87, 0xfa, 0x80, 0x3e, 0x1b, 0x20, 0xa,
    0x3f, 0x43, 0xfd, 0x40, 0x1f, 0xf0, 0x80, 0x7f,
    0xf2, 0x73, 0xf4, 0x3f, 0xdc, 0x1, 0xdb, 0xff,
    0x0, 0x83, 0xe7, 0xff, 0x70, 0x7, 0x66, 0xc8,
    0x0, 0xc0, 0x4f, 0xff, 0x8c, 0x3, 0x84, 0x8c,
    0x0, 0x20, 0x40, 0x5f, 0xf0, 0x80, 0x7f, 0xca,
    0x40, 0x1f, 0xfc, 0x6c, 0x40, 0x8, 0x8a, 0x0,
    0xff, 0x85, 0x70, 0x2, 0xff, 0x8c, 0x40, 0x3f,
    0x9c, 0x54, 0xf, 0x77, 0x73, 0x58, 0x7, 0xf,
    0x86, 0x58, 0x7, 0xd7, 0x29, 0x20, 0x12, 0x7b,
    0x59, 0x55, 0xb9, 0x98, 0x8a, 0xae, 0xf2, 0x51,
    0x8, 0x4c, 0x48, 0xec, 0xbc, 0xc6, 0xee, 0xcc,
    0x5d, 0x80, 0x1b, 0x40, 0x10, 0xbe, 0x7f, 0xbb,
    0xb7, 0xfd, 0xc2,

    /* U+9032 "進" */
    0x0, 0xfe, 0x30, 0xf, 0xf9, 0xf0, 0x40, 0x31,
    0x62, 0x4, 0xd8, 0x7, 0xcc, 0x3e, 0x40, 0x14,
    0x1a, 0x6, 0xa2, 0x0, 0x3c, 0x38, 0x7e, 0x0,
    0x25, 0x43, 0x33, 0x94, 0x19, 0xc4, 0x1, 0xf,
    0x81, 0x4, 0x83, 0x6e, 0xc4, 0x4d, 0xda, 0x80,
    0x31, 0x69, 0x3a, 0x7, 0x75, 0xe1, 0x9d, 0xd4,
    0x0, 0x79, 0x61, 0x40, 0x46, 0x20, 0x61, 0x18,
    0x3, 0xed, 0x8e, 0xe, 0xeb, 0x2, 0xfb, 0x9e,
    0x1, 0x67, 0xfd, 0xe, 0x0, 0xff, 0xb8, 0x37,
    0xfd, 0xc0, 0x17, 0x6c, 0x0, 0x7f, 0xf1, 0x48,
    0xa0, 0xe, 0xff, 0xb8, 0x37, 0xfd, 0xc0, 0x1f,
    0xf6, 0xed, 0x81, 0x7b, 0xac, 0x0, 0xff, 0x88,
    0xb0, 0x31, 0x14, 0x1, 0xff, 0x22, 0x60, 0x44,
    0xe0, 0xf, 0xe2, 0x99, 0xa0, 0xae, 0x67, 0x0,
    0x45, 0xc1, 0x24, 0x9b, 0xbf, 0xf0, 0x1, 0xf4,
    0x2c, 0xf7, 0x21, 0x54, 0x89, 0x2a, 0xcc, 0xe2,
    0x18, 0x96, 0x95, 0xb6, 0x95, 0x4b, 0xba, 0xaa,
    0x99, 0x8, 0x5d, 0x80, 0x22, 0x7c, 0xff, 0x77,
    0x6f, 0xfb, 0x80,

    /* U+9072 "遲" */
    0x0, 0xff, 0xe4, 0xae, 0x90, 0x0, 0xbf, 0xff,
    0xe5, 0x0, 0x2b, 0x61, 0x80, 0x5f, 0xff, 0xc2,
    0x1, 0xad, 0x74, 0x80, 0x17, 0x7f, 0xc2, 0x1,
    0xd6, 0xe6, 0x0, 0xf1, 0xef, 0xe1, 0xef, 0xd4,
    0x70, 0xe, 0x91, 0x0, 0x29, 0x58, 0x22, 0xa3,
    0xc6, 0x10, 0x7, 0xc2, 0x3, 0x16, 0x44, 0x3,
    0xad, 0x70, 0x8, 0x8b, 0x3, 0x80, 0xaf, 0x42,
    0x82, 0x3c, 0x98, 0x5, 0xfb, 0xac, 0x1, 0x13,
    0x77, 0x4d, 0x4d, 0xd9, 0xb2, 0x0, 0xfd, 0x80,
    0x1, 0x99, 0xe6, 0x0, 0xa8, 0x41, 0xba, 0x0,
    0x4, 0x50, 0x3, 0x98, 0x20, 0xee, 0x42, 0xae,
    0xe0, 0xf, 0xc7, 0x88, 0xb7, 0xfa, 0x1b, 0xff,
    0x8, 0x7, 0xc8, 0x65, 0x28, 0xaa, 0x4, 0x55,
    0x84, 0x3, 0xce, 0x2d, 0x10, 0xff, 0x60, 0x6f,
    0xfd, 0x80, 0x1e, 0xd9, 0x2e, 0xed, 0xa1, 0xdd,
    0xb4, 0x2, 0x1f, 0x10, 0x40, 0xf, 0xfe, 0x12,
    0xf3, 0x59, 0xe5, 0xb9, 0x98, 0x82, 0x48, 0xcc,
    0x8a, 0x21, 0x2b, 0x89, 0x3d, 0x97, 0x98, 0xdd,
    0x4e, 0x65, 0x76, 0x10, 0xda, 0x0, 0x85, 0xf3,
    0xfd, 0xdd, 0xbf, 0xee, 0x0,

    /* U+9078 "選" */
    0x0, 0xff, 0xe4, 0xb6, 0x90, 0x3, 0x3b, 0xb5,
    0xf, 0x77, 0x18, 0x1, 0x99, 0x84, 0x0, 0xae,
    0xe2, 0x8, 0xf, 0x74, 0x1, 0xd6, 0xb8, 0x21,
    0x39, 0x84, 0x0, 0xb3, 0x21, 0x0, 0xea, 0x40,
    0x5, 0xf7, 0x32, 0x40, 0x1f, 0xdc, 0xc1, 0x0,
    0xc3, 0x42, 0x0, 0x22, 0x1f, 0x90, 0x9, 0x10,
    0x3c, 0x3, 0xeb, 0x8e, 0xe7, 0xb9, 0xae, 0x77,
    0x36, 0x80, 0x3e, 0x7e, 0xe3, 0xd5, 0x2, 0x93,
    0x3b, 0x8e, 0x0, 0xdf, 0xf8, 0x4, 0x64, 0x31,
    0x19, 0x5c, 0x44, 0x1, 0x76, 0x38, 0x2, 0x3b,
    0x85, 0x1d, 0xd0, 0x57, 0x70, 0x40, 0x6, 0x6d,
    0x0, 0x4f, 0xf8, 0xab, 0xfe, 0xb, 0xff, 0x8,
    0x7, 0xc4, 0x50, 0x11, 0x60, 0x12, 0x20, 0x80,
    0x79, 0x77, 0x62, 0x8d, 0xd8, 0x2b, 0x75, 0x80,
    0x1e, 0x5f, 0xfa, 0xf, 0xbe, 0xce, 0xff, 0xda,
    0x1, 0xf9, 0x32, 0xb8, 0x41, 0x22, 0x70, 0x80,
    0x30, 0xf8, 0x54, 0xd5, 0x34, 0x80, 0x24, 0xd4,
    0xc2, 0x0, 0x27, 0xb5, 0x9b, 0x10, 0x19, 0x88,
    0xb1, 0xdd, 0x9c, 0x1, 0x9, 0x89, 0x3b, 0x75,
    0x98, 0xdd, 0xd9, 0x8a, 0x80, 0x6, 0xd0, 0x4,
    0x4f, 0x9f, 0xee, 0xed, 0xff, 0x68, 0x0,

    /* U+914D "配" */
    0x11, 0xfe, 0x0, 0xff, 0x6f, 0x77, 0xe1, 0xef,
    0xff, 0x28, 0x6f, 0x70, 0x71, 0x27, 0xb8, 0x35,
    0x5e, 0x0, 0x84, 0x60, 0x21, 0x31, 0x10, 0x22,
    0xaf, 0x8, 0x4, 0x66, 0x5, 0x12, 0x32, 0x0,
    0xff, 0x26, 0x60, 0x6d, 0x23, 0x20, 0x3, 0xfe,
    0x3f, 0x4f, 0x3f, 0x80, 0xf, 0xfe, 0x13, 0x80,
    0x79, 0x15, 0x78, 0x40, 0x3f, 0xf8, 0x13, 0x55,
    0xc0, 0x1c, 0x4e, 0x0, 0x10, 0xd, 0x1f, 0xf8,
    0x40, 0x21, 0xef, 0xa, 0xd9, 0x0, 0xfd, 0xca,
    0x1, 0x42, 0x3, 0x64, 0x80, 0x7f, 0xf0, 0x50,
    0x3, 0x78, 0x7, 0xff, 0x0, 0xbf, 0xf9, 0xc0,
    0x3f, 0xf8, 0x7, 0xff, 0xd0, 0x1, 0xf8, 0xb8,
    0x40, 0x3f, 0xf8, 0x8c, 0x22, 0x3, 0xff, 0xe8,
    0x0, 0xe, 0x22, 0x6e, 0x20, 0x1, 0x77, 0x74,
    0x10, 0x4a, 0xdd, 0xe4, 0x90, 0x4c, 0x11, 0xe7,
    0x80, 0x5e, 0xff, 0xdc, 0x80,

    /* U+91CD "重" */
    0x0, 0xfe, 0x23, 0x56, 0x8b, 0x50, 0x8, 0xb3,
    0x1b, 0xdf, 0xf6, 0xea, 0x34, 0x70, 0x40, 0x22,
    0x98, 0xed, 0xd7, 0x1b, 0x76, 0xdc, 0xba, 0x0,
    0x8, 0x8e, 0xc2, 0x20, 0x30, 0x32, 0x2f, 0xdd,
    0xbb, 0xf1, 0xae, 0xef, 0xdf, 0x9f, 0xff, 0x23,
    0x7f, 0xfd, 0xa0, 0xb, 0xee, 0xe4, 0x6e, 0xef,
    0x0, 0x67, 0x6e, 0xec, 0x6d, 0xdd, 0xa0, 0x3,
    0xde, 0x1, 0x9c, 0x3, 0xff, 0x81, 0x1d, 0xd9,
    0x1b, 0xbb, 0x48, 0x7, 0xa3, 0xbb, 0x23, 0x77,
    0x69, 0x0, 0xf4, 0xee, 0xe4, 0x7d, 0xdd, 0x0,
    0x1d, 0xb9, 0xff, 0x8d, 0x3f, 0xf6, 0x60, 0x3,
    0x18, 0x7, 0xff, 0x4, 0x40, 0xd, 0xbb, 0xe3,
    0x5d, 0xdf, 0x58, 0x1, 0xbf, 0xfc, 0x8d, 0xff,
    0xea, 0x1, 0x1f, 0xce, 0x62, 0x3f, 0xbf, 0xbb,
    0xe3, 0x5e, 0xef, 0xc0,

    /* U+9304 "錄" */
    0x0, 0xcc, 0xa0, 0x1d, 0x4, 0x1, 0xfe, 0x29,
    0xd0, 0xc, 0x4e, 0xc4, 0x51, 0x80, 0x7b, 0x8d,
    0xe4, 0x2, 0x40, 0xbd, 0xdb, 0x14, 0x3, 0x58,
    0xe6, 0xae, 0x8, 0x6c, 0x7f, 0xe0, 0x40, 0xb,
    0x17, 0x0, 0xb1, 0x94, 0x51, 0x0, 0x12, 0x90,
    0x80, 0x8, 0x87, 0x9b, 0xb6, 0x23, 0x86, 0x7f,
    0xd4, 0x80, 0x11, 0x7f, 0x48, 0x54, 0xa0, 0x37,
    0xff, 0x16, 0x0, 0x61, 0x34, 0x13, 0x42, 0x46,
    0x6f, 0x11, 0x19, 0x80, 0x2, 0x28, 0x48, 0xad,
    0x88, 0xd3, 0x3, 0x31, 0x1, 0xf, 0xdd, 0x14,
    0xee, 0xa6, 0xbb, 0x9e, 0x15, 0xdc, 0xdf, 0x10,
    0xdf, 0xf1, 0xdf, 0xf8, 0x3e, 0x80, 0x2f, 0x2,
    0xd7, 0x0, 0x1b, 0x80, 0x4b, 0x21, 0x6e, 0xc0,
    0x4, 0x5c, 0x96, 0x0, 0xac, 0x2, 0xde, 0x0,
    0x48, 0x80, 0x1e, 0xad, 0xc0, 0x23, 0x30, 0x4,
    0x88, 0x0, 0x22, 0x34, 0x20, 0x40, 0x3c, 0x44,
    0x1, 0x11, 0x80, 0x23, 0x10, 0x1, 0x74, 0x40,
    0x1b, 0x88, 0x1, 0x2e, 0xbc, 0x9b, 0x20, 0x5,
    0x56, 0x18, 0x0, 0x5e, 0xa, 0xaf, 0x36, 0x70,
    0x80, 0x35, 0x16, 0x8, 0x75, 0x9c, 0xe7, 0xdc,
    0x39, 0x1a, 0x0, 0x6c, 0xa1, 0xd, 0xfb, 0x73,
    0x0, 0xd5, 0x96, 0xe0, 0x19, 0x40,

    /* U+932F "錯" */
    0x0, 0xce, 0xc0, 0x1d, 0x84, 0x0, 0x68, 0x0,
    0xf1, 0xc7, 0x80, 0x71, 0x80, 0x5c, 0x60, 0x1e,
    0xe4, 0x7a, 0x0, 0x8, 0x81, 0x84, 0x40, 0x1,
    0x0, 0xd4, 0x17, 0x8d, 0x83, 0xdc, 0xb, 0xee,
    0x3a, 0x73, 0x80, 0x2d, 0x7c, 0xb, 0x1d, 0xdd,
    0xa1, 0x7d, 0xc6, 0x4e, 0x70, 0x44, 0x1c, 0x55,
    0x5c, 0xc2, 0x40, 0xc2, 0x30, 0x8, 0x1, 0x32,
    0xb5, 0x3, 0x58, 0x4, 0x40, 0xc2, 0x20, 0x0,
    0x88, 0x0, 0x6c, 0xe5, 0xce, 0x6b, 0xdc, 0xb,
    0xee, 0x3a, 0x77, 0x0, 0x4, 0x50, 0x91, 0x49,
    0xdd, 0xfe, 0x0, 0x66, 0xe8, 0xa7, 0x74, 0x2,
    0x45, 0xf1, 0x88, 0x3, 0xbf, 0xc7, 0x7f, 0xe1,
    0x16, 0x67, 0xde, 0x1, 0x2b, 0x0, 0x49, 0x60,
    0x17, 0x7f, 0xe9, 0x0, 0xcd, 0x40, 0x16, 0x60,
    0x3, 0xff, 0x82, 0x66, 0x0, 0x91, 0x40, 0x2e,
    0xff, 0xd2, 0x1, 0xc4, 0x20, 0x6, 0x20, 0xa,
    0xf7, 0x73, 0x80, 0x76, 0x88, 0x1e, 0xd8, 0x80,
    0x14, 0x8b, 0x70, 0x6, 0x48, 0xb3, 0x8b, 0x30,
    0x9, 0x13, 0xbc, 0x3, 0x5a, 0x1d, 0xf6, 0x40,
    0x80, 0x22, 0x67, 0x38, 0x6, 0xfc, 0x84, 0x10,
    0xe, 0xcd, 0xdd, 0x2, 0x0,

    /* U+9418 "鐘" */
    0x0, 0xd6, 0x60, 0x1e, 0x5b, 0x0, 0xfe, 0x64,
    0x60, 0xf, 0x3a, 0x20, 0x3, 0xf4, 0x2d, 0x30,
    0x37, 0xfd, 0xa1, 0x7f, 0xf6, 0x80, 0x56, 0xb5,
    0x49, 0x77, 0x6b, 0xb6, 0xed, 0x25, 0xbe, 0x0,
    0x95, 0xa0, 0x5a, 0x91, 0x2d, 0x72, 0x2b, 0x1c,
    0x88, 0x8, 0xca, 0xec, 0xc3, 0xc4, 0x40, 0xa,
    0xa2, 0x17, 0x51, 0x2, 0x94, 0x3b, 0x3b, 0xa3,
    0x99, 0x41, 0x44, 0xc8, 0xaa, 0x64, 0xa0, 0xb5,
    0x61, 0x76, 0x1d, 0xcf, 0xff, 0xda, 0x80, 0x1f,
    0xd9, 0xfd, 0xcd, 0xfe, 0xe6, 0xa0, 0x3, 0xbf,
    0xc1, 0xfe, 0x90, 0x4, 0x66, 0x7, 0xb3, 0x2,
    0x1, 0x77, 0xf8, 0x3f, 0xd2, 0x0, 0xae, 0xe0,
    0xef, 0x70, 0x40, 0x25, 0x60, 0xa, 0xd0, 0x1,
    0x5d, 0xc1, 0xde, 0xe0, 0x80, 0x43, 0x80, 0x12,
    0xa8, 0x1, 0x7b, 0xa1, 0xdd, 0x84, 0x2, 0x57,
    0x0, 0x11, 0x4, 0x33, 0xf3, 0x1, 0x79, 0x8e,
    0x40, 0x0, 0x98, 0x1, 0xd0, 0x0, 0xab, 0x80,
    0x95, 0x62, 0x0, 0xb4, 0x0, 0xde, 0xa1, 0xff,
    0x82, 0xff, 0xe4, 0x0, 0x3c, 0xe8, 0x7f, 0x30,
    0x5d, 0xe0, 0x8b, 0xb9, 0x80, 0x1b, 0xa9, 0xfc,
    0x93, 0xff, 0xe0, 0xbf, 0xfc, 0x80,

    /* U+949F "钟" */
    0x0, 0x88, 0x40, 0x3f, 0x20, 0x80, 0x7d, 0xec,
    0x1, 0xfa, 0xd4, 0x3, 0xcc, 0x44, 0x44, 0x80,
    0x3f, 0xf8, 0x3, 0x1, 0x57, 0x71, 0x0, 0x7f,
    0xda, 0x5f, 0xfc, 0x6e, 0xf8, 0x35, 0xde, 0x22,
    0xb4, 0x3, 0x8e, 0x2f, 0x30, 0x9, 0x98, 0x87,
    0x2f, 0xcf, 0xfd, 0x40, 0xd, 0xbb, 0x4, 0xdd,
    0x84, 0x0, 0x3d, 0x61, 0x17, 0x20, 0x1f, 0xfc,
    0x13, 0x40, 0x34, 0x30, 0xf, 0xfe, 0x9e, 0x6e,
    0x82, 0xb7, 0x4e, 0xa, 0x66, 0x3, 0x38, 0x40,
    0x15, 0x76, 0x7, 0xbb, 0x30, 0x5e, 0x60, 0x23,
    0x30, 0x1, 0x33, 0x41, 0xac, 0xc1, 0xe, 0xff,
    0x5, 0x7f, 0x84, 0x3, 0xf8, 0xac, 0x40, 0x21,
    0x0, 0x62, 0x80, 0x7f, 0x20, 0x7, 0xc4, 0x1,
    0xe1, 0x6e, 0x40, 0xf, 0xfe, 0x9, 0x5, 0x4c,
    0x90, 0x3, 0xff, 0x83, 0x20, 0xbc, 0xe0, 0x1f,
    0xfc, 0x2d, 0xca, 0x10, 0xf, 0xfe, 0x0,

    /* U+9519 "错" */
    0x0, 0x95, 0x40, 0x1e, 0xc2, 0x0, 0x59, 0x80,
    0x7a, 0xcc, 0x3, 0xc6, 0x1, 0x23, 0x80, 0x72,
    0x89, 0xa2, 0x40, 0x18, 0x40, 0x21, 0x0, 0xc3,
    0x61, 0x57, 0x70, 0x7f, 0x83, 0x3f, 0xc1, 0x5f,
    0x40, 0xa, 0x3f, 0xfe, 0xd, 0xd0, 0x5e, 0xe8,
    0x27, 0x6c, 0x0, 0xde, 0x1, 0xe2, 0x20, 0x31,
    0x10, 0x8, 0x82, 0x0, 0xce, 0xdd, 0xd2, 0x2,
    0x20, 0x61, 0x10, 0x8, 0xc0, 0x1, 0x88, 0x1a,
    0x45, 0x47, 0x70, 0x2f, 0xb8, 0x15, 0xdc, 0x20,
    0x2, 0x29, 0xe2, 0x9c, 0xf7, 0x7f, 0x88, 0x3,
    0xf0, 0x82, 0xaf, 0xc4, 0x20, 0xa, 0xff, 0x15,
    0x7f, 0x89, 0x6e, 0x67, 0xab, 0xc0, 0x29, 0xbb,
    0xb, 0xdd, 0x88, 0x7, 0x77, 0x98, 0x3, 0x1a,
    0x20, 0xf5, 0x10, 0x1, 0xff, 0xca, 0x1f, 0xfe,
    0x70, 0xf, 0xf1, 0x0, 0x7, 0x77, 0x98, 0x3,
    0xe3, 0x2b, 0xc0, 0x8, 0x8b, 0x84, 0x3, 0xc4,
    0x30, 0xf8, 0x0, 0x14, 0x4e, 0x20, 0xf, 0x40,
    0x46, 0x10, 0x5, 0x33, 0xc8, 0x1, 0xe9, 0xd7,
    0x0, 0xc3, 0xbb, 0xd2, 0xe0, 0x0,

    /* U+9580 "門" */
    0x1f, 0xff, 0x70, 0xf, 0xff, 0xc6, 0x0, 0xad,
    0xda, 0x0, 0x35, 0x6e, 0xd6, 0x1, 0x98, 0x8a,
    0x30, 0xc, 0xc4, 0x52, 0x80, 0x6c, 0xff, 0xac,
    0x3, 0x67, 0xfd, 0xc0, 0x1a, 0xfb, 0xa9, 0x0,
    0xd7, 0xdd, 0x60, 0x6, 0x71, 0x18, 0x80, 0x33,
    0x88, 0xc4, 0x1, 0xb7, 0xba, 0xa0, 0xd, 0xbb,
    0xbc, 0x3, 0x45, 0x56, 0xd0, 0x1b, 0xa9, 0x9a,
    0xc0, 0x32, 0xa2, 0x63, 0x0, 0x22, 0x78, 0x3,
    0xff, 0xfe, 0x1, 0xff, 0xf5, 0x45, 0x54, 0x80,
    0x80, 0x7f, 0xf0, 0xe, 0xa8, 0xcc, 0x21, 0xf3,
    0x0, 0xfe, 0x7f, 0xf7, 0x48, 0x0,

    /* U+9589 "閉" */
    0x2f, 0xff, 0x80, 0x7f, 0xfe, 0x40, 0x5, 0xf7,
    0x54, 0x1, 0xaf, 0xba, 0xd0, 0xc, 0xe2, 0x38,
    0x3, 0x38, 0x8c, 0x60, 0x1b, 0x3f, 0xeb, 0x0,
    0xd9, 0xff, 0x70, 0x6, 0xdf, 0xfb, 0x0, 0x36,
    0x7f, 0xdc, 0x1, 0x98, 0x46, 0x60, 0xc, 0xe2,
    0x31, 0x80, 0x6b, 0xff, 0xac, 0x40, 0x2b, 0xee,
    0xb4, 0x3, 0x6f, 0x77, 0x1, 0xbf, 0xfe, 0xe0,
    0xf, 0xf9, 0x98, 0x1, 0xfe, 0x1f, 0xfe, 0xb1,
    0xff, 0x88, 0x3, 0xc3, 0xbb, 0xa8, 0x1, 0xbb,
    0x10, 0x7, 0xc4, 0x51, 0xc1, 0x89, 0x14, 0x1,
    0xfe, 0x2c, 0x58, 0x0, 0xff, 0xe0, 0xb6, 0xac,
    0x0, 0x7f, 0xf0, 0xf, 0x26, 0x50, 0x1, 0xff,
    0xc1, 0x25, 0xe6, 0x1, 0x20, 0xf, 0xf8, 0x64,
    0x41, 0x3a, 0x18, 0xd, 0x54, 0xc0, 0xe0, 0x1f,
    0x27, 0xf4, 0x3, 0xd5, 0x25, 0x8c, 0xbc, 0x80,
    0x3f, 0x93, 0xfd, 0xd2, 0x0,

    /* U+958B "開" */
    0x2f, 0xff, 0x90, 0x37, 0xff, 0xc8, 0x0, 0xce,
    0xec, 0x1, 0xa3, 0xba, 0xd0, 0xc, 0x23, 0xc0,
    0x18, 0x47, 0x18, 0x6, 0xce, 0xec, 0x1, 0xa7,
    0xba, 0xf0, 0xd, 0x9d, 0xd8, 0x3, 0x4f, 0x76,
    0x0, 0xc2, 0x3c, 0x1, 0x84, 0x71, 0x0, 0x6c,
    0xff, 0xc2, 0xe0, 0x8, 0xee, 0xb4, 0x3, 0x6f,
    0x77, 0x18, 0x6f, 0xff, 0x0, 0x7a, 0xff, 0xff,
    0x8c, 0x3, 0xe9, 0xd6, 0x4d, 0xd4, 0x16, 0xe8,
    0xc0, 0x3e, 0x22, 0x8, 0x88, 0xa0, 0x22, 0x0,
    0x7e, 0x44, 0x13, 0x22, 0x34, 0xd1, 0x4, 0x1,
    0xe2, 0x99, 0x29, 0xcc, 0x98, 0x66, 0x54, 0x1,
    0xe2, 0xdd, 0x24, 0x6e, 0xac, 0xb7, 0x50, 0x1,
    0xf8, 0x51, 0x0, 0x1f, 0xfc, 0x38, 0x23, 0x0,
    0xff, 0xe1, 0x4b, 0x70, 0x7, 0x91, 0x58, 0x1c,
    0x3, 0x65, 0x98, 0x4, 0xba, 0x19, 0x50, 0xa6,
    0x5e, 0x40, 0xa8, 0x1, 0xf4, 0x7f, 0x50, 0x0,

    /* U+9593 "間" */
    0x2f, 0xff, 0x70, 0xf, 0xff, 0xc8, 0x0, 0xbe,
    0xea, 0x0, 0x35, 0xf7, 0x5a, 0x1, 0x9c, 0x47,
    0x0, 0x67, 0x11, 0x8c, 0x3, 0x67, 0xfd, 0x20,
    0x1b, 0x3f, 0xee, 0x0, 0xdb, 0xff, 0x48, 0x6,
    0xcf, 0xfb, 0x80, 0x33, 0x8, 0xe0, 0xc, 0xe2,
    0x31, 0x80, 0x6b, 0xff, 0xa4, 0xc0, 0x2b, 0xee,
    0xb4, 0x3, 0x6f, 0x76, 0xd0, 0x1f, 0xfe, 0xe0,
    0xf, 0x91, 0x57, 0xc6, 0x1, 0xfe, 0xa8, 0x99,
    0xd7, 0x20, 0x1f, 0xf4, 0xe6, 0x67, 0x0, 0xff,
    0xe0, 0x1a, 0x26, 0x20, 0xf, 0xfe, 0x5, 0x44,
    0x65, 0x0, 0xff, 0xe0, 0x4e, 0x66, 0x70, 0xf,
    0xfe, 0x1, 0x17, 0x18, 0x7, 0xff, 0x2, 0x73,
    0x32, 0x0, 0x7f, 0xc7, 0x7d, 0xdd, 0x6a, 0xa6,
    0x7, 0x0, 0xed, 0x40, 0xf, 0x55, 0x25, 0x4c,
    0xbc, 0x80, 0x3f, 0x87, 0xfd, 0xd4, 0x0,

    /* U+95DC "關" */
    0x3f, 0xff, 0x80, 0x1b, 0xff, 0xe5, 0x0, 0x6f,
    0x75, 0x60, 0x1a, 0x3b, 0xb0, 0x7, 0xff, 0x2b,
    0xf3, 0x2a, 0x0, 0xd3, 0x99, 0x80, 0x36, 0xef,
    0x0, 0x68, 0xdd, 0xc2, 0x1, 0x7f, 0xec, 0x0,
    0xd3, 0xff, 0x84, 0x2, 0xef, 0xf1, 0xd7, 0x80,
    0x3c, 0xb7, 0xfe, 0x0, 0xc2, 0x10, 0x8b, 0x42,
    0x1d, 0x1, 0x20, 0x1, 0x0, 0xce, 0xe4, 0xec,
    0x1a, 0x39, 0xca, 0x0, 0xf9, 0xf4, 0x2b, 0xc2,
    0xec, 0x10, 0xa0, 0x1f, 0x2e, 0xbf, 0x3b, 0x4d,
    0xbe, 0x48, 0x80, 0x79, 0xaa, 0x2e, 0xdd, 0xad,
    0x17, 0x63, 0x0, 0xf1, 0xc1, 0xf, 0x63, 0xa1,
    0x84, 0x90, 0x7, 0xff, 0x4, 0xc0, 0x6, 0x1,
    0xf9, 0xb3, 0x51, 0xc0, 0x77, 0x0, 0x3f, 0xaf,
    0x68, 0x4c, 0xb, 0x75, 0x0, 0x1f, 0x86, 0xa7,
    0x40, 0x39, 0x95, 0x84, 0x3, 0x87, 0x38, 0xc0,
    0xb4, 0x2, 0x98, 0x44, 0x0,

    /* U+95E8 "门" */
    0x1, 0x80, 0xf, 0xfe, 0x2b, 0x50, 0x3, 0x7f,
    0xff, 0xc6, 0x3, 0x4a, 0xc1, 0xd7, 0x7f, 0xa4,
    0x3, 0x23, 0x48, 0x9a, 0x27, 0xf0, 0x4, 0xa3,
    0x26, 0x60, 0xf, 0xfe, 0x0, 0xd1, 0x6, 0x10,
    0x7, 0xff, 0xfc, 0x3, 0xff, 0xfe, 0x1, 0xff,
    0xfc, 0x44, 0x94, 0x8, 0x3, 0xff, 0x81, 0xf7,
    0x6a, 0x61,

    /* U+95ED "闭" */
    0x4, 0x60, 0xf, 0xfe, 0x21, 0x4a, 0x80, 0x2f,
    0x77, 0xfc, 0x40, 0xcf, 0x46, 0x1d, 0x77, 0xfa,
    0x88, 0x2, 0x83, 0xb0, 0x56, 0x6f, 0xca, 0x1,
    0xdb, 0x0, 0x1c, 0xd0, 0x1, 0xe2, 0xe2, 0x10,
    0xf, 0x7a, 0x0, 0x7c, 0x20, 0x3, 0x3f, 0x10,
    0x99, 0x88, 0x3, 0xc3, 0x99, 0xe4, 0x2c, 0xc4,
    0x80, 0x78, 0x7b, 0xb9, 0x0, 0xfb, 0x96, 0x1,
    0xf0, 0x8e, 0x74, 0x30, 0x11, 0x0, 0x7f, 0xc9,
    0x36, 0xa0, 0x1f, 0xfc, 0x15, 0xb9, 0x40, 0xf,
    0xfe, 0x0, 0xd5, 0x21, 0x80, 0x3f, 0xf8, 0x9,
    0xe9, 0x8e, 0x1, 0xff, 0xc0, 0x1d, 0x4e, 0x30,
    0xf, 0xfe, 0x8, 0xcd, 0x0, 0xd, 0x56, 0x70,
    0xf, 0xfe, 0xa, 0xd5, 0x87, 0x81, 0x1a, 0x1,
    0x80, 0x7c, 0xdf, 0xd8, 0x80, 0xf9, 0x2a, 0x20,
    0x1f, 0xfc, 0x15, 0xff, 0x50, 0x0,

    /* U+95F4 "间" */
    0x0, 0x8, 0x7, 0xff, 0x12, 0x30, 0x40, 0xa,
    0xcd, 0xfe, 0x10, 0x81, 0xd0, 0x4, 0xdd, 0xfe,
    0x89, 0x30, 0x7, 0x1a, 0x86, 0x6e, 0xff, 0x0,
    0x62, 0xd5, 0x0, 0xff, 0xe0, 0x8f, 0x19, 0x0,
    0x7f, 0xf0, 0xc5, 0xc0, 0x1d, 0xff, 0xee, 0x0,
    0xff, 0xab, 0xbb, 0x48, 0x7, 0xff, 0x0, 0x47,
    0x8c, 0x3, 0xff, 0x80, 0x23, 0xc6, 0x1, 0xff,
    0xc0, 0xae, 0xed, 0x20, 0x1f, 0xfc, 0xa, 0xff,
    0xd2, 0x1, 0xff, 0xc0, 0x10, 0xc, 0x60, 0x1f,
    0xfc, 0x2, 0x11, 0xc4, 0x1, 0xff, 0xc0, 0x9e,
    0xed, 0x0, 0x1f, 0xf7, 0x7f, 0xfb, 0x80, 0x3f,
    0xfb, 0x2, 0x68, 0x6, 0x1, 0xff, 0xc1, 0x3c,
    0x84, 0x10,

    /* U+95F9 "闹" */
    0x0, 0x10, 0x7, 0xff, 0x10, 0xb5, 0x80, 0xa,
    0xbf, 0xf0, 0x0, 0xaa, 0x50, 0x3a, 0x23, 0xf5,
    0xd1, 0x0, 0x15, 0xe8, 0x2f, 0x73, 0x77, 0xd8,
    0x1, 0x8, 0x45, 0x0, 0x7, 0x94, 0x3, 0xf1,
    0x70, 0x82, 0x0, 0x6, 0x20, 0x1, 0xff, 0x27,
    0xfe, 0x82, 0xff, 0xd6, 0x1, 0xe4, 0xdd, 0xcc,
    0x9b, 0xba, 0x80, 0x3e, 0x22, 0xc2, 0x22, 0x2c,
    0x20, 0x1f, 0x37, 0xfc, 0xeb, 0xff, 0x58, 0x7,
    0xf2, 0x6e, 0x95, 0x37, 0x4e, 0x1, 0xfe, 0x12,
    0x28, 0x48, 0x9e, 0x1, 0xff, 0xe8, 0x4d, 0x0,
    0xfe, 0x33, 0x0, 0x76, 0x9c, 0x0, 0x7e, 0x59,
    0x0, 0xe9, 0x93, 0xa2, 0x81, 0x80, 0x7e, 0x98,
    0x0, 0xaa, 0xe5, 0x44, 0x3, 0xf0, 0x90, 0x5,
    0xdf, 0xd4, 0x0,

    /* U+9632 "防" */
    0x0, 0xff, 0x9d, 0x0, 0x3c, 0x9f, 0xfc, 0xc0,
    0x1b, 0x7c, 0x3, 0xf5, 0xda, 0x80, 0x80, 0x37,
    0xa0, 0x80, 0x7c, 0x88, 0x1, 0x75, 0x5c, 0x66,
    0x75, 0x5c, 0x1, 0xde, 0xd3, 0x55, 0xa4, 0xe6,
    0xab, 0x8, 0x4, 0x2b, 0x54, 0xff, 0x50, 0x7f,
    0xfc, 0x20, 0x13, 0xa1, 0x0, 0x46, 0x20, 0x1f,
    0xf1, 0xb0, 0x6, 0x13, 0x0, 0xff, 0x95, 0xe4,
    0x2, 0xf2, 0xff, 0xed, 0x0, 0xf4, 0x30, 0x80,
    0x8, 0xee, 0xf2, 0x80, 0x7c, 0x42, 0xa0, 0x7,
    0x44, 0xe2, 0x10, 0xf, 0x88, 0xc0, 0x5, 0xa0,
    0x18, 0x40, 0x3e, 0x13, 0x20, 0x30, 0x40, 0xe,
    0x70, 0xe, 0xee, 0x12, 0x85, 0x18, 0x80, 0x63,
    0x10, 0xe, 0xcc, 0x68, 0xb, 0xd0, 0x7, 0x31,
    0x80, 0x71, 0x18, 0x2, 0xcd, 0x80, 0x38, 0x78,
    0x3, 0xf3, 0xaf, 0x0, 0x78, 0x88, 0x1, 0xf5,
    0x45, 0x18, 0x1, 0x12, 0x90, 0x70, 0xf, 0x8,
    0xb1, 0x40, 0x23, 0xbb, 0x33, 0x90, 0x1, 0x3c,
    0x0, 0x36, 0x60, 0x19, 0xff, 0xe8, 0x0, 0x80,

    /* U+9664 "除" */
    0x0, 0xff, 0x86, 0xc4, 0x3, 0x93, 0xff, 0x71,
    0x0, 0x6a, 0x43, 0x0, 0xfa, 0xec, 0xc6, 0x40,
    0x14, 0xb3, 0x30, 0x80, 0x38, 0x51, 0x2b, 0x0,
    0xa1, 0xfe, 0x5b, 0xc, 0x3, 0xc8, 0x6c, 0x0,
    0xa6, 0xc2, 0x8, 0x6c, 0x90, 0xe, 0xf6, 0x4,
    0xe6, 0xf2, 0x0, 0xa2, 0xdf, 0x8c, 0x0, 0x29,
    0x60, 0x72, 0xd9, 0xbb, 0xd3, 0x8c, 0x60, 0x1,
    0x7e, 0x7, 0x77, 0x44, 0x10, 0xa2, 0x22, 0x80,
    0xd, 0x2, 0xe0, 0x4, 0x55, 0x60, 0xaa, 0xc0,
    0x1f, 0x4d, 0x0, 0x7f, 0xf1, 0x5c, 0xa3, 0xff,
    0x50, 0xff, 0xf1, 0x0, 0x7a, 0xef, 0x9c, 0x2e,
    0xf8, 0x80, 0x6, 0xb2, 0x46, 0x8c, 0xa9, 0xa2,
    0x8c, 0xe8, 0x80, 0x9, 0x60, 0x38, 0x1, 0x8e,
    0x1, 0x97, 0x44, 0x3, 0x36, 0xd9, 0x83, 0x3,
    0x0, 0x67, 0x5d, 0x0, 0xfc, 0x31, 0x0, 0xf,
    0x51, 0x40, 0x7, 0xda, 0x4c, 0x1, 0xe1, 0x87,
    0x20, 0xf, 0x5f, 0x1, 0x96, 0x80, 0x66, 0x92,
    0x0, 0xf3, 0x90, 0x6e, 0x9a, 0x40, 0x33, 0x2,
    0x70, 0x7, 0xdd, 0xfc, 0xe0, 0x1e,

    /* U+967D "陽" */
    0x4e, 0xed, 0xa4, 0x1f, 0xff, 0x94, 0x2, 0x1a,
    0xa3, 0x99, 0x0, 0x2f, 0xbb, 0x84, 0x3, 0xa,
    0x20, 0x98, 0x2, 0x71, 0x1e, 0x0, 0xf8, 0x52,
    0x80, 0x2c, 0xff, 0xe1, 0x0, 0xf3, 0x21, 0x0,
    0x59, 0xff, 0xc2, 0x1, 0xea, 0xd0, 0xd, 0xd9,
    0x9c, 0x20, 0x1e, 0xbb, 0x0, 0x57, 0x31, 0x1d,
    0x68, 0x1, 0xcc, 0x30, 0x24, 0xcd, 0xf8, 0xc8,
    0x3, 0xa5, 0x73, 0x77, 0xfe, 0x0, 0xe7, 0x2d,
    0xf8, 0x2f, 0xff, 0xc0, 0x1c, 0x60, 0x25, 0x3,
    0x33, 0xf1, 0x80, 0x42, 0xb6, 0x21, 0xc9, 0x68,
    0x5c, 0x84, 0x2c, 0xe0, 0x11, 0xc8, 0xc6, 0x35,
    0xa1, 0xd3, 0x15, 0x40, 0x30, 0x4, 0x59, 0x66,
    0xd4, 0x1d, 0x2, 0xc8, 0x24, 0x6, 0x1, 0xe5,
    0xb0, 0x80, 0x60, 0x9f, 0x1, 0x1, 0x0, 0xfd,
    0x2d, 0xe1, 0x4a, 0x80, 0xc2, 0x1, 0xfa, 0x5f,
    0x9, 0xd2, 0x88, 0x9c, 0x80, 0x1f, 0xab, 0x8,
    0x3b, 0x46, 0xf5, 0xa4, 0x0, 0x9c, 0x1, 0x8c,
    0x80, 0x12, 0x61, 0x3f, 0xa6, 0x0,

    /* U+96E2 "離" */
    0x0, 0x8e, 0x40, 0x3c, 0xa8, 0x46, 0x1, 0xe2,
    0x62, 0x0, 0xe8, 0x14, 0xe0, 0xb, 0xbf, 0xdc,
    0x1b, 0xff, 0x11, 0x99, 0x58, 0xd0, 0x1, 0xf7,
    0xba, 0xed, 0xd6, 0x69, 0x5b, 0x0, 0x24, 0x40,
    0x3, 0x67, 0xc5, 0x6b, 0xee, 0x2e, 0xee, 0xe4,
    0xdf, 0x68, 0x0, 0x7b, 0x55, 0xc0, 0x16, 0x11,
    0x54, 0x18, 0xa9, 0x0, 0xc, 0xb3, 0x20, 0xd,
    0x40, 0xd1, 0x0, 0x89, 0x0, 0xf, 0xa2, 0xac,
    0xf, 0x4, 0x70, 0x8, 0x80, 0x2d, 0xaf, 0xf6,
    0x18, 0x18, 0x57, 0x70, 0x33, 0x94, 0x3f, 0xdc,
    0x37, 0xfe, 0x50, 0x5, 0x77, 0x3, 0x39, 0x54,
    0xee, 0x91, 0xc7, 0x78, 0x0, 0x23, 0x0, 0x88,
    0x3e, 0xf5, 0x48, 0x9b, 0x90, 0x1, 0xfe, 0xaa,
    0xc, 0xe5, 0x50, 0x2, 0xbf, 0xf0, 0x6f, 0xa0,
    0x0, 0xc5, 0x39, 0x80, 0x34, 0x65, 0x85, 0x62,
    0x80, 0x3c, 0x29, 0x6c, 0x3, 0x19, 0x90, 0x1c,
    0xc4, 0x1, 0x75, 0xd8, 0x8a, 0x1, 0xff, 0xc0,
    0x77, 0x20, 0xcb, 0x0, 0x57, 0xfe, 0xd, 0xfd,
    0x0, 0xf7, 0xea, 0x80, 0x22, 0xef, 0xa6, 0x1c,
    0x3, 0x7f, 0xa8, 0x31, 0xd1, 0x3c,

    /* U+96FB "電" */
    0x2, 0xff, 0xff, 0xe1, 0x38, 0x4, 0x5d, 0xde,
    0x27, 0xee, 0xf3, 0x80, 0xe, 0xea, 0xbc, 0x4b,
    0x55, 0xeb, 0x70, 0x74, 0xff, 0xf0, 0xbf, 0xff,
    0x83, 0x40, 0x2, 0x8a, 0xb9, 0xf, 0x51, 0x57,
    0x21, 0x0, 0x76, 0xee, 0x10, 0xb, 0x77, 0x18,
    0x4, 0x98, 0x19, 0x98, 0x40, 0x2c, 0xcc, 0x71,
    0x60, 0x2, 0x5c, 0xcc, 0x20, 0x1, 0xcc, 0xd4,
    0x22, 0x0, 0x97, 0x33, 0xf, 0xb0, 0xe6, 0x6a,
    0x0, 0xe9, 0xff, 0xed, 0xef, 0xff, 0x0, 0x79,
    0xbf, 0xf1, 0x4f, 0xfe, 0xb0, 0xf, 0x9b, 0x77,
    0x14, 0x6e, 0xea, 0x0, 0xf9, 0x77, 0x70, 0xce,
    0xee, 0xb0, 0xf, 0xfe, 0x8, 0x80, 0x7f, 0xf0,
    0x17, 0xff, 0xc, 0xff, 0xea, 0x0, 0x51, 0x80,
    0x5, 0xff, 0xf1, 0x37, 0x77, 0x8d, 0x40, 0x28,
    0x80, 0x6, 0xa7, 0xee, 0xf6, 0x31, 0x80,

    /* U+96FE "雾" */
    0x0, 0xff, 0xe5, 0x27, 0xff, 0xff, 0x9, 0x40,
    0x32, 0x7f, 0xfa, 0x47, 0xff, 0xca, 0x1, 0x27,
    0xee, 0xfa, 0x7, 0x77, 0xde, 0xa0, 0x10, 0xec,
    0x46, 0xf8, 0x1d, 0x88, 0xda, 0x20, 0x1f, 0xfc,
    0x23, 0x3c, 0x20, 0x19, 0xa4, 0x22, 0x33, 0x80,
    0x55, 0x58, 0xd9, 0x80, 0x2, 0x70, 0xdd, 0x7f,
    0x94, 0x2, 0xcc, 0xc5, 0x6, 0x1, 0xe6, 0xdc,
    0xc5, 0x16, 0x67, 0x38, 0x7, 0x9b, 0x66, 0x37,
    0xff, 0xa4, 0x41, 0x80, 0x3b, 0x2b, 0xae, 0xbd,
    0x48, 0xde, 0x6e, 0xb0, 0x40, 0x3b, 0x30, 0x6d,
    0x2d, 0x3d, 0xf6, 0xf0, 0x82, 0x1, 0xd7, 0xbf,
    0xed, 0x90, 0x88, 0x54, 0xa6, 0xf7, 0xfd, 0xc2,
    0x1f, 0x3b, 0xdf, 0xb4, 0xf0, 0xd, 0x37, 0xbd,
    0xff, 0x8, 0x23, 0xfe, 0x6e, 0xdc, 0x17, 0xbb,
    0xce, 0x2, 0x1, 0x1f, 0xfe, 0x51, 0x9c, 0xff,
    0xc0, 0x20, 0x1e, 0x21, 0x4e, 0x5b, 0x62, 0x21,
    0x90, 0x12, 0x0, 0x61, 0xcf, 0xef, 0x9d, 0x40,
    0xb, 0xbf, 0x58, 0x80, 0x30, 0xef, 0xec, 0xa8,
    0x7, 0x7f, 0xd2, 0x1, 0x80,

    /* U+9727 "霧" */
    0x0, 0xff, 0xe5, 0x1f, 0xff, 0xff, 0x8, 0xc0,
    0x31, 0xff, 0xfa, 0x87, 0xff, 0xc6, 0x1, 0x27,
    0x77, 0xd4, 0x3d, 0xdf, 0x28, 0x6, 0xee, 0xf5,
    0xf, 0x77, 0x80, 0x3c, 0x39, 0x99, 0x0, 0x2c,
    0xcc, 0x20, 0x19, 0x68, 0x6a, 0xb3, 0x0, 0x55,
    0x58, 0x69, 0x0, 0x2, 0x80, 0x1c, 0x62, 0x81,
    0xfc, 0x1, 0x20, 0x80, 0x59, 0x8a, 0xae, 0x5a,
    0x26, 0x3e, 0xe4, 0x38, 0x6, 0xdf, 0xed, 0x83,
    0x21, 0x3f, 0x6e, 0xde, 0x60, 0xe, 0x1b, 0x92,
    0xa7, 0x93, 0xc5, 0x71, 0x5d, 0x57, 0x0, 0xe8,
    0xdc, 0x88, 0x1, 0xec, 0x55, 0xe9, 0x58, 0x6,
    0xcf, 0xf4, 0x84, 0xff, 0xa1, 0xa6, 0x48, 0x96,
    0x42, 0x0, 0x33, 0xf0, 0x83, 0x30, 0x35, 0x9b,
    0xa5, 0xbd, 0xed, 0x20, 0x8, 0xf7, 0xc4, 0x26,
    0xc9, 0xaf, 0xc7, 0x7f, 0x65, 0x80, 0xf, 0xb4,
    0x40, 0xa, 0x50, 0xef, 0x56, 0xff, 0x43, 0x80,
    0x6c, 0x40, 0x10, 0xc, 0x98, 0xd0, 0x0, 0xcc,
    0x0, 0x4e, 0x55, 0xe4, 0x40, 0x1e, 0x9b, 0xc3,
    0xff, 0x3b, 0x0, 0x75, 0x7e, 0x88, 0xf, 0xeb,
    0x81, 0x7f, 0xb0, 0x40, 0x0,

    /* U+9762 "面" */
    0x35, 0x5f, 0xfe, 0x22, 0x45, 0x57, 0xff, 0x16,
    0xff, 0xfd, 0xc1, 0x1f, 0xff, 0x70, 0x7, 0xca,
    0xa, 0x1, 0xfc, 0x89, 0xee, 0x7, 0x44, 0xf8,
    0x1, 0x17, 0x7c, 0xa1, 0x57, 0x7e, 0xa0, 0xa,
    0x3f, 0xd0, 0x9f, 0xf8, 0xe7, 0xfd, 0x20, 0x1f,
    0xfc, 0xe4, 0xff, 0xc6, 0x1, 0xff, 0xc0, 0x3d,
    0xdc, 0x40, 0x1f, 0xfc, 0x7, 0x22, 0xc2, 0x1,
    0xff, 0xc0, 0x72, 0x2c, 0x20, 0x1f, 0xfc, 0x3,
    0xdd, 0xc4, 0x1, 0xff, 0xc0, 0x4f, 0xfc, 0x60,
    0x1f, 0xfc, 0xe8, 0xff, 0x42, 0x7f, 0xe3, 0x9f,
    0xf4, 0x80, 0x65, 0xbb, 0xff, 0xe0, 0x30, 0x6,
    0xd4, 0x4f, 0xfe, 0x7, 0x80, 0x0,

    /* U+9805 "項" */
    0x0, 0xf8, 0x7f, 0xff, 0xe2, 0x8, 0x8f, 0x36,
    0x66, 0x80, 0xac, 0xcc, 0x40, 0xce, 0xfd, 0x46,
    0x7b, 0xc5, 0x4c, 0xf0, 0x3, 0xbf, 0x3, 0xbf,
    0x41, 0x56, 0x42, 0x55, 0xc4, 0x1, 0xfe, 0xa8,
    0x90, 0x4, 0xcd, 0x48, 0x1, 0xff, 0x76, 0x67,
    0x84, 0x3, 0xff, 0x80, 0xc6, 0x7e, 0x10, 0xf,
    0xfe, 0x4, 0x7f, 0xf8, 0x3, 0xff, 0x83, 0xd9,
    0x9e, 0x10, 0xf, 0xfe, 0x3, 0x88, 0xf8, 0x3,
    0xf1, 0xa4, 0x98, 0x5f, 0xff, 0x84, 0x3, 0x94,
    0x36, 0xcc, 0x43, 0x3b, 0xbc, 0x20, 0x1, 0xaf,
    0x94, 0xaf, 0xa2, 0x7, 0x11, 0xf0, 0x4, 0x21,
    0x3d, 0x6a, 0x1, 0xaf, 0xbb, 0xc2, 0x60, 0xa,
    0x61, 0x0, 0xef, 0xc9, 0xff, 0xa3, 0xbd, 0x40,
    0x3f, 0x8a, 0x73, 0x80, 0x5, 0x9c, 0xe0, 0x1f,
    0x8e, 0xf4, 0xb2, 0x0, 0x5, 0x75, 0x38, 0x40,
    0x1e, 0x23, 0xdb, 0x30, 0xe, 0x5f, 0x42,

    /* U+9810 "預" */
    0x0, 0xff, 0xe4, 0xef, 0xff, 0xa3, 0xff, 0xfc,
    0x0, 0xec, 0xcc, 0x63, 0x3b, 0xb6, 0x3, 0x6e,
    0xe0, 0x1, 0xb9, 0x99, 0x4e, 0x84, 0x8a, 0x10,
    0xa2, 0x2c, 0x0, 0x1a, 0xe8, 0x9a, 0x40, 0x5d,
    0xd6, 0x7, 0x6e, 0xc8, 0x0, 0x1f, 0x47, 0x45,
    0x0, 0x8f, 0xb7, 0x3b, 0xa2, 0x0, 0xc3, 0x50,
    0x92, 0x1, 0x8c, 0xfc, 0x1, 0xa, 0x24, 0x6c,
    0xe8, 0x83, 0x5, 0x5f, 0x0, 0x4b, 0x77, 0x98,
    0x6e, 0xc2, 0x2f, 0xff, 0x0, 0x49, 0xff, 0xd,
    0x7b, 0xa9, 0xd, 0x57, 0x80, 0x3f, 0xcd, 0xc0,
    0x2, 0x2f, 0x0, 0x7f, 0x29, 0xa0, 0xf, 0xff,
    0x80, 0x3f, 0x97, 0x0, 0x3, 0xbb, 0xe0, 0xf,
    0xf0, 0x80, 0x42, 0x3e, 0x0, 0xff, 0xe0, 0x8f,
    0x77, 0x80, 0x3f, 0xf8, 0xb, 0xf7, 0xff, 0x67,
    0x7a, 0x0, 0x7f, 0xd1, 0x6c, 0x0, 0xff, 0x20,
    0x4, 0x48, 0x81, 0x0, 0x9b, 0x5a, 0xd8, 0x1,
    0x8d, 0x6e, 0x0, 0x6b, 0xb1, 0xa0, 0x24, 0x57,
    0x20, 0x6, 0x89, 0x91, 0x2, 0x7f, 0xb0, 0x41,
    0x39, 0xc0, 0x3e, 0x6e, 0x20,

    /* U+986F "顯" */
    0x3, 0xee, 0xfc, 0x59, 0xdd, 0xea, 0x0, 0x87,
    0xbb, 0xc2, 0x1f, 0xba, 0x36, 0xdd, 0x40, 0x6,
    0x88, 0xf0, 0x0, 0xcf, 0x59, 0x98, 0x80, 0x36,
    0xef, 0x80, 0x7, 0xba, 0x1e, 0xdd, 0x20, 0x6,
    0x55, 0xf0, 0x4, 0x7d, 0x9d, 0xc0, 0xf, 0x7f,
    0xf8, 0x3, 0x19, 0xe1, 0x0, 0x8e, 0x17, 0x76,
    0x65, 0xd2, 0x0, 0x22, 0x61, 0x0, 0xd7, 0xc6,
    0x44, 0x7e, 0x0, 0x87, 0xff, 0x10, 0x4, 0xc0,
    0xde, 0x74, 0xad, 0x8e, 0x3, 0x77, 0x8c, 0x2,
    0xb3, 0xd7, 0x25, 0x6d, 0x57, 0x0, 0x19, 0xe1,
    0x0, 0xb6, 0xcb, 0x7, 0xec, 0xbc, 0xc0, 0x7b,
    0xb1, 0x0, 0x45, 0x5d, 0x24, 0xd1, 0x27, 0xc0,
    0x3b, 0xb8, 0xc0, 0x2c, 0x1e, 0x18, 0x93, 0x8d,
    0xa, 0x1, 0x1e, 0x0, 0xbf, 0xb7, 0x27, 0x75,
    0xfb, 0xd8, 0x3d, 0xd8, 0x80, 0x21, 0xe2, 0xf3,
    0xe4, 0x29, 0x5, 0xfb, 0xff, 0x5f, 0xa0, 0x1,
    0x8c, 0x80, 0xab, 0x85, 0xa4, 0x2e, 0x88, 0x66,
    0x40, 0x15, 0xc8, 0x1b, 0x23, 0x4, 0x67, 0x36,
    0x10, 0xe2, 0x48, 0xa, 0xa8, 0x25, 0x4b, 0x0,
    0x7, 0x3a, 0x40, 0x1, 0xf1, 0x0,

    /* U+9879 "项" */
    0x0, 0xf9, 0x7f, 0xff, 0xe4, 0x6, 0x6f, 0xae,
    0xf2, 0x85, 0xdf, 0x28, 0x4c, 0xf8, 0x11, 0x33,
    0xaa, 0x27, 0x8, 0x7f, 0x9c, 0xbf, 0xc6, 0x28,
    0x85, 0x22, 0x22, 0x46, 0x1, 0xde, 0x1, 0x9e,
    0xed, 0x40, 0xf7, 0x76, 0x80, 0x7f, 0xc3, 0xff,
    0xe9, 0x0, 0xff, 0xe1, 0xae, 0x0, 0x7f, 0xf1,
    0x8c, 0x80, 0x3f, 0xfd, 0x4, 0x40, 0xc, 0x20,
    0x1f, 0xee, 0x2d, 0xd2, 0x80, 0x6f, 0x20, 0xf,
    0x15, 0x73, 0x1d, 0x73, 0x80, 0x64, 0x50, 0xf,
    0x9a, 0x77, 0x1c, 0x41, 0xbc, 0x10, 0xec, 0xc5,
    0xbc, 0x0, 0x58, 0xe4, 0x1, 0xc2, 0x74, 0xc5,
    0x3c, 0xc2, 0x1, 0xfe, 0x19, 0xc7, 0x90, 0xa9,
    0x95, 0x88, 0x7, 0xc7, 0x7c, 0x97, 0x20, 0x13,
    0x6b, 0x60, 0x80, 0x78, 0xcd, 0x9a, 0x80, 0x1c,
    0x59, 0x42,

    /* U+9884 "预" */
    0x0, 0xff, 0xe4, 0xef, 0xff, 0x97, 0x3f, 0xff,
    0x80, 0x1d, 0x99, 0x90, 0x53, 0xb7, 0x66, 0x1c,
    0xdd, 0x80, 0x6, 0x78, 0x12, 0xc4, 0x8b, 0x90,
    0xc8, 0xa0, 0xb, 0x10, 0x75, 0xd4, 0x0, 0x89,
    0x8d, 0x12, 0x10, 0xa, 0xaf, 0xd2, 0x0, 0x2b,
    0xb5, 0xb, 0xd5, 0x2d, 0x40, 0x26, 0xd2, 0x62,
    0x0, 0xd9, 0xdd, 0xc0, 0x19, 0x10, 0xd0, 0x18,
    0x88, 0x10, 0x9, 0xe0, 0x3, 0x8e, 0xef, 0x18,
    0xdd, 0x80, 0x37, 0x10, 0x7, 0x1f, 0xfc, 0x35,
    0xee, 0xa2, 0x1, 0xff, 0xc5, 0x6e, 0x0, 0xff,
    0xe2, 0xa9, 0xa0, 0x7, 0xff, 0x15, 0x7c, 0x3,
    0x88, 0xc0, 0x3f, 0xf8, 0x4, 0x1, 0xcb, 0xc0,
    0x1f, 0xfc, 0x3d, 0x34, 0x16, 0x30, 0xd4, 0x0,
    0xff, 0x88, 0x25, 0x55, 0x8c, 0x40, 0x1f, 0xfc,
    0x2, 0xd1, 0xa4, 0x99, 0x38, 0x4, 0x48, 0x81,
    0x0, 0x8a, 0x75, 0xf0, 0x0, 0xd5, 0x10, 0x0,
    0x35, 0xd8, 0xd0, 0x0, 0x85, 0x94, 0x1, 0x96,
    0x84, 0x0,

    /* U+989C "颜" */
    0x0, 0xc5, 0xa0, 0x1f, 0xfc, 0x62, 0x6, 0x0,
    0x9e, 0xef, 0xea, 0x0, 0x4f, 0xfc, 0x53, 0xfe,
    0xe3, 0xee, 0x93, 0x3b, 0x9e, 0x0, 0x8b, 0x4c,
    0xdd, 0x52, 0xe2, 0x2a, 0x84, 0x9d, 0x56, 0x0,
    0xa, 0x32, 0x91, 0x3c, 0xc8, 0x59, 0x9e, 0xcd,
    0x84, 0x3, 0x5e, 0x81, 0x2c, 0x1, 0x4e, 0x8,
    0xb3, 0x12, 0x40, 0x2, 0xe8, 0x5e, 0xd0, 0xfc,
    0x2, 0xaa, 0x65, 0x50, 0x40, 0x21, 0x15, 0x6e,
    0xb2, 0x9b, 0xc0, 0x34, 0x88, 0x7, 0xc8, 0x66,
    0x6b, 0x3, 0x0, 0xff, 0xe0, 0x8b, 0xec, 0x54,
    0x0, 0x78, 0x40, 0x3e, 0x9b, 0x8d, 0x58, 0x10,
    0x8, 0x40, 0x3f, 0xa3, 0x14, 0xf0, 0x84, 0x2,
    0x31, 0x0, 0xf3, 0x80, 0xa, 0x72, 0xa8, 0x1,
    0x98, 0x80, 0x3c, 0x22, 0x9d, 0x3d, 0x77, 0x28,
    0x4, 0x6a, 0x1, 0xe3, 0x2a, 0xca, 0x28, 0x83,
    0x1f, 0x5, 0x61, 0x6, 0x98, 0x3, 0xd4, 0xce,
    0xc6, 0xc3, 0x3, 0x70, 0x5f, 0xa3, 0x0, 0x93,
    0xd3, 0x30, 0xbe, 0x60, 0x8, 0x87, 0x6, 0xe,
    0x88, 0x11, 0x16, 0x93, 0xa4, 0x45, 0x3c, 0x7a,
    0x60, 0x36, 0x98, 0x5, 0x47, 0xd0, 0x20, 0x1,
    0xec, 0xb2, 0x0, 0xd3, 0x20,

    /* U+98FD "飽" */
    0x0, 0xc2, 0xe0, 0x1c, 0x66, 0x0, 0xff, 0xaa,
    0xc, 0x3, 0x7d, 0x80, 0x7f, 0xa9, 0x5b, 0x14,
    0x0, 0x47, 0xc6, 0x7c, 0x40, 0x2, 0xc4, 0xf9,
    0xaa, 0x28, 0x50, 0x4e, 0x67, 0x50, 0x26, 0x87,
    0xbc, 0x2d, 0xf1, 0x3d, 0xff, 0xf2, 0x0, 0x19,
    0xf0, 0x51, 0xc5, 0x2f, 0x91, 0x0, 0x1f, 0x8a,
    0x3b, 0xf4, 0x3b, 0xe0, 0xd3, 0xff, 0x70, 0x7,
    0xd3, 0xdd, 0x6, 0x60, 0x6f, 0xfd, 0x80, 0x1f,
    0x8c, 0x46, 0x0, 0x18, 0x7, 0xcf, 0xe0, 0x1a,
    0xbf, 0xe0, 0xf, 0xfe, 0x25, 0x7f, 0xc2, 0x1,
    0xfc, 0x20, 0x1c, 0x46, 0x70, 0x80, 0x57, 0xfe,
    0xc0, 0x1, 0x88, 0x6, 0xaf, 0xf8, 0xdc, 0x1,
    0x5d, 0xcd, 0x86, 0x12, 0x0, 0xd1, 0x98, 0x4c,
    0x30, 0x0, 0x8c, 0x77, 0x65, 0x40, 0xf, 0x91,
    0xc0, 0x3c, 0x3b, 0xab, 0x20, 0x8, 0x40, 0xe4,
    0xa0, 0x40, 0x3f, 0x16, 0x80, 0x18, 0x2f, 0x47,
    0xd2, 0x40, 0xf0, 0x8b, 0xa8, 0xc0, 0x1e, 0x77,
    0xd0, 0x31, 0x81, 0xd, 0xbb, 0xcf, 0x0, 0x9,
    0xc5, 0x0, 0x8d, 0x1, 0x7b, 0xff, 0xb9, 0x0,

    /* U+9971 "饱" */
    0x0, 0x94, 0x80, 0x38, 0x54, 0x3, 0xfe, 0xa7,
    0x0, 0xe6, 0x80, 0xf, 0xf1, 0x82, 0x0, 0x74,
    0xb9, 0x9f, 0x80, 0x32, 0x82, 0x2a, 0xc0, 0xa2,
    0xb9, 0x9e, 0x10, 0xb, 0x6, 0x65, 0x74, 0x30,
    0xdf, 0xfd, 0xa0, 0x1c, 0xb7, 0x98, 0x56, 0x93,
    0x80, 0xf, 0xf2, 0x82, 0x81, 0x27, 0xba, 0x77,
    0xfd, 0xc0, 0x1e, 0x87, 0x39, 0x67, 0x6a, 0xc1,
    0xdd, 0x50, 0x80, 0x79, 0xe5, 0x9d, 0x20, 0x14,
    0xc, 0x88, 0xc0, 0x1f, 0x50, 0x80, 0x7f, 0xf0,
    0x44, 0x4, 0x3, 0xff, 0xa6, 0x5f, 0xec, 0x0,
    0x30, 0x7, 0xff, 0x4, 0x77, 0x58, 0xeb, 0xc4,
    0x1, 0xff, 0xc0, 0x32, 0x21, 0x94, 0x3c, 0x80,
    0x7e, 0x98, 0x0, 0xf5, 0x6e, 0x21, 0x80, 0x63,
    0x1d, 0x5a, 0x0, 0xff, 0x61, 0x80, 0x5a, 0xb,
    0x84, 0x4, 0x44, 0x33, 0xe7, 0x3, 0x0, 0x9a,
    0xa0, 0x2, 0x45, 0xbc, 0xce, 0x98, 0x0, 0xda,
    0xa0, 0x1d, 0x5f, 0xfe, 0xe7, 0x0,

    /* U+9AD4 "體" */
    0x0, 0xff, 0xc, 0x82, 0x30, 0x7, 0x66, 0xee,
    0xc0, 0x8, 0xd8, 0xf, 0x40, 0x38, 0xa7, 0xb9,
    0x42, 0x15, 0xfa, 0x1f, 0x9, 0xfe, 0x50, 0xb,
    0x68, 0x8c, 0x2, 0x9f, 0x1f, 0x96, 0xf3, 0x0,
    0xd4, 0x46, 0x1, 0xa7, 0x87, 0xa5, 0xb8, 0xc0,
    0x31, 0x0, 0x7a, 0x38, 0x3a, 0x5b, 0x8c, 0x1,
    0x83, 0x89, 0xf4, 0x58, 0x1c, 0x80, 0x9e, 0x48,
    0x20, 0x2, 0x9e, 0xce, 0xdb, 0x2d, 0x2f, 0x4f,
    0x20, 0xf6, 0x10, 0x9, 0xdf, 0x1, 0x35, 0x57,
    0xe5, 0xe, 0xba, 0x99, 0x54, 0xef, 0x77, 0xf6,
    0x0, 0x5b, 0xb5, 0x80, 0xfe, 0xef, 0xf0, 0x5,
    0xbb, 0x58, 0x5, 0xb3, 0x3d, 0xfe, 0x0, 0xd7,
    0xfe, 0x80, 0xd, 0x57, 0x7a, 0x0, 0x38, 0x48,
    0x86, 0x1, 0x9d, 0x13, 0x68, 0x7, 0x5f, 0xfa,
    0x80, 0x25, 0xde, 0xeb, 0xcd, 0x0, 0x36, 0x7f,
    0xa8, 0x2, 0xa5, 0xea, 0xa1, 0x84, 0x80, 0x7f,
    0x84, 0x4f, 0xe2, 0x26, 0xf1, 0x10, 0x6, 0x25,
    0xc1, 0x4e, 0xe3, 0x27, 0x70, 0x6f, 0xb8, 0x1,
    0xd0, 0xb2, 0x9f, 0xff, 0xe0,

    /* U+9B27 "鬧" */
    0x1, 0x0, 0xff, 0xe1, 0x8, 0x3, 0x97, 0xff,
    0x60, 0x5f, 0xfe, 0xa4, 0xe0, 0x9, 0xbe, 0xcb,
    0xf0, 0x2f, 0xd6, 0x3e, 0x80, 0x3d, 0x92, 0x59,
    0x21, 0x18, 0x93, 0x8e, 0x1, 0xee, 0xb2, 0xeb,
    0x9, 0xe5, 0x6e, 0x60, 0xf, 0x11, 0x0, 0x88,
    0x2, 0x43, 0xe4, 0x20, 0x1c, 0xbf, 0x65, 0xfc,
    0x19, 0xeb, 0x1f, 0x80, 0x1c, 0xbf, 0xfb, 0x27,
    0x3f, 0xf6, 0x0, 0x78, 0x48, 0xa0, 0x76, 0x22,
    0xc0, 0x1f, 0x5f, 0xfe, 0x18, 0xff, 0xc8, 0x1,
    0xea, 0xdd, 0xc3, 0x5b, 0xb9, 0x0, 0x3e, 0xbf,
    0xf8, 0x6f, 0xfe, 0x30, 0xf, 0xcf, 0x3f, 0xe1,
    0xaf, 0xf0, 0x7, 0xfc, 0x60, 0x10, 0x80, 0x4,
    0x3, 0xff, 0xaa, 0x46, 0x20, 0x1f, 0xcc, 0x20,
    0x19, 0xfd, 0x5c, 0xcc, 0x1, 0xea, 0x40, 0xc,
    0xb9, 0x54, 0xc9, 0x70, 0xf, 0xee, 0x40, 0xb,
    0xbf, 0xa0, 0x0,

    /* U+9EDE "點" */
    0x0, 0xff, 0xe0, 0xd2, 0x0, 0x74, 0xff, 0xfc,
    0x40, 0x12, 0x10, 0x7, 0x9f, 0xf8, 0xff, 0x84,
    0x3, 0xff, 0x83, 0x80, 0x2, 0xb0, 0xf, 0xfe,
    0x12, 0x90, 0x27, 0x80, 0x7b, 0xd1, 0x23, 0x0,
    0xb9, 0x43, 0x14, 0x3, 0xcd, 0x77, 0x40, 0x0,
    0x59, 0x2, 0x0, 0x3e, 0x9f, 0xfa, 0xc0, 0xd,
    0xda, 0x7b, 0xe2, 0x1, 0xff, 0x4f, 0xfb, 0x7,
    0xfe, 0x20, 0xf, 0xf3, 0xcc, 0xa0, 0x66, 0x63,
    0x3c, 0x1c, 0x67, 0x0, 0x7, 0xb8, 0x41, 0xdd,
    0xf, 0x66, 0x5, 0xf3, 0x22, 0x6, 0x77, 0x68,
    0xaa, 0x1b, 0x5, 0x7f, 0xee, 0x0, 0x17, 0x73,
    0xec, 0x77, 0x53, 0xc0, 0x1f, 0xc5, 0x5b, 0xae,
    0xff, 0x67, 0xd0, 0x7, 0xf9, 0xa8, 0x25, 0x24,
    0x7c, 0x3, 0xfe, 0x42, 0x35, 0x47, 0x34, 0x70,
    0xf, 0xf6, 0x18, 0x98, 0x2a, 0x5f, 0x5, 0xee,
    0xef, 0x0, 0x12, 0xd8, 0x28, 0x4a, 0x94, 0x83,
    0xc4, 0x69, 0x0, 0xb, 0x18, 0x58, 0x10, 0x80,
    0x58, 0xab, 0x98, 0x40, 0xe4, 0x3, 0xf6, 0xa8,
    0x6, 0x1e, 0x20,

    /* U+FF01 "！" */
    0x1f, 0xd0, 0xf, 0xe1, 0x1, 0x0, 0x9c, 0x0,
    0x22, 0x0, 0xf1, 0x98, 0x0, 0x22, 0x0, 0x3f,
    0x80, 0x25, 0x80, 0x4, 0x20, 0x4, 0x20, 0x2b,
    0xc0, 0x31, 0x20, 0x1e, 0xc0,

    /* U+FF08 "（" */
    0x0, 0xfe, 0x7b, 0x0, 0x96, 0x3c, 0x2, 0xb8,
    0x40, 0x4, 0x1b, 0x80, 0x4f, 0x0, 0x12, 0x82,
    0x80, 0x5e, 0xa0, 0x19, 0xb4, 0x3, 0x10, 0x80,
    0x61, 0x30, 0xc, 0x46, 0x1, 0x87, 0x80, 0x32,
    0x98, 0x6, 0xd4, 0x10, 0x9, 0x5, 0x80, 0x34,
    0x48, 0x80, 0x4c, 0x70, 0x1, 0xb9, 0x98, 0x1,
    0x1d, 0x78, 0x0,

    /* U+FF09 "）" */
    0x0, 0xfa, 0xdc, 0x3, 0x7c, 0x28, 0x4, 0x91,
    0x60, 0x19, 0xce, 0x0, 0x34, 0x38, 0x6, 0x50,
    0x50, 0xc, 0x9e, 0x1, 0x8d, 0x80, 0x37, 0x10,
    0x6, 0x31, 0x0, 0xc6, 0x40, 0x1b, 0x84, 0x3,
    0x1a, 0x80, 0x42, 0x9a, 0x1, 0x30, 0xa0, 0x0,
    0x66, 0x0, 0x28, 0x36, 0x0, 0x33, 0x38, 0x2,
    0xfa, 0x30, 0x0,

    /* U+FF1A "：" */
    0x6, 0x91, 0x14, 0xb4, 0x89, 0x6, 0x6, 0xfa,
    0x0, 0x7f, 0xf3, 0x5e, 0x88, 0x61, 0x68, 0x4c,
    0x6c, 0x33, 0x8c,

    /* U+FF1F "？" */
    0x0, 0xc4, 0x40, 0xf, 0x3f, 0x6e, 0xbe, 0x40,
    0x3, 0x70, 0xd7, 0x8e, 0xd2, 0x2, 0x59, 0x8,
    0x70, 0xac, 0x0, 0x93, 0x0, 0xda, 0x4, 0x1,
    0xf6, 0x9, 0x0, 0x79, 0xd2, 0xc0, 0x3c, 0xf1,
    0x2a, 0x1, 0xc9, 0x10, 0x60, 0xf, 0x4a, 0x38,
    0x7, 0xc5, 0x80, 0x1f, 0xb1, 0x80, 0x3f, 0x18,
    0x80, 0x7e, 0x41, 0x0, 0xf9, 0x2f, 0x40, 0x3e,
    0x70, 0x50, 0xf, 0x8f, 0xe4, 0x3, 0x0
};


/*---------------------
 *  GLYPH DESCRIPTION
 *--------------------*/

static const lv_font_fmt_txt_glyph_dsc_t glyph_dsc[] = {
    {.bitmap_index = 0, .adv_w = 0, .box_w = 0, .box_h = 0, .ofs_x = 0, .ofs_y = 0} /* id = 0 reserved */,
    {.bitmap_index = 0, .adv_w = 320, .box_w = 7, .box_h = 6, .ofs_x = 0, .ofs_y = -1},
    {.bitmap_index = 21, .adv_w = 320, .box_w = 20, .box_h = 2, .ofs_x = 0, .ofs_y = 7},
    {.bitmap_index = 30, .adv_w = 320, .box_w = 18, .box_h = 16, .ofs_x = 1, .ofs_y = -1},
    {.bitmap_index = 81, .adv_w = 320, .box_w = 18, .box_h = 18, .ofs_x = 1, .ofs_y = -1},
    {.bitmap_index = 126, .adv_w = 320, .box_w = 19, .box_h = 18, .ofs_x = 0, .ofs_y = -2},
    {.bitmap_index = 215, .adv_w = 320, .box_w = 18, .box_h = 18, .ofs_x = 1, .ofs_y = -1},
    {.bitmap_index = 327, .adv_w = 320, .box_w = 17, .box_h = 19, .ofs_x = 1, .ofs_y = -2},
    {.bitmap_index = 395, .adv_w = 320, .box_w = 20, .box_h = 19, .ofs_x = 0, .ofs_y = -2},
    {.bitmap_index = 531, .adv_w = 320, .box_w = 19, .box_h = 19, .ofs_x = 1, .ofs_y = -2},
    {.bitmap_index = 647, .adv_w = 320, .box_w = 18, .box_h = 14, .ofs_x = 1, .ofs_y = 0},
    {.bitmap_index = 680, .adv_w = 320, .box_w = 18, .box_h = 16, .ofs_x = 1, .ofs_y = -1},
    {.bitmap_index = 772, .adv_w = 320, .box_w = 20, .box_h = 18, .ofs_x = 0, .ofs_y = -1},
    {.bitmap_index = 890, .adv_w = 320, .box_w = 18, .box_h = 20, .ofs_x = 1, .ofs_y = -2},
    {.bitmap_index = 1004, .adv_w = 320, .box_w = 20, .box_h = 19, .ofs_x = 0, .ofs_y = -2},
    {.bitmap_index = 1115, .adv_w = 320, .box_w = 20, .box_h = 19, .ofs_x = 0, .ofs_y = -2},
    {.bitmap_index = 1240, .adv_w = 320, .box_w = 19, .box_h = 19, .ofs_x = 0, .ofs_y = -2},
    {.bitmap_index = 1372, .adv_w = 320, .box_w = 20, .box_h = 19, .ofs_x = 0, .ofs_y = -2},
    {.bitmap_index = 1500, .adv_w = 320, .box_w = 20, .box_h = 19, .ofs_x = 0, .ofs_y = -2},
    {.bitmap_index = 1631, .adv_w = 320, .box_w = 19, .box_h = 20, .ofs_x = 0, .ofs_y = -3},
    {.bitmap_index = 1761, .adv_w = 320, .box_w = 20, .box_h = 19, .ofs_x = 0, .ofs_y = -2},
    {.bitmap_index = 1896, .adv_w = 320, .box_w = 20, .box_h = 19, .ofs_x = 0, .ofs_y = -2},
    {.bitmap_index = 2001, .adv_w = 320, .box_w = 20, .box_h = 19, .ofs_x = 0, .ofs_y = -2},
    {.bitmap_index = 2130, .adv_w = 320, .box_w = 20, .box_h = 19, .ofs_x = 0, .ofs_y = -2},
    {.bitmap_index = 2233, .adv_w = 320, .box_w = 20, .box_h = 19, .ofs_x = 0, .ofs_y = -2},
    {.bitmap_index = 2361, .adv_w = 320, .box_w = 20, .box_h = 20, .ofs_x = 0, .ofs_y = -3},
    {.bitmap_index = 2479, .adv_w = 320, .box_w = 19, .box_h = 19, .ofs_x = 0, .ofs_y = -2},
    {.bitmap_index = 2602, .adv_w = 320, .box_w = 20, .box_h = 20, .ofs_x = 0, .ofs_y = -3},
    {.bitmap_index = 2749, .adv_w = 320, .box_w = 19, .box_h = 21, .ofs_x = 0, .ofs_y = -3},
    {.bitmap_index = 2867, .adv_w = 320, .box_w = 20, .box_h = 20, .ofs_x = 0, .ofs_y = -3},
    {.bitmap_index = 3021, .adv_w = 320, .box_w = 20, .box_h = 19, .ofs_x = 0, .ofs_y = -2},
    {.bitmap_index = 3167, .adv_w = 320, .box_w = 19, .box_h = 19, .ofs_x = 0, .ofs_y = -2},
    {.bitmap_index = 3316, .adv_w = 320, .box_w = 19, .box_h = 19, .ofs_x = 1, .ofs_y = -2},
    {.bitmap_index = 3449, .adv_w = 320, .box_w = 20, .box_h = 20, .ofs_x = 0, .ofs_y = -3},
    {.bitmap_index = 3582, .adv_w = 320, .box_w = 20, .box_h = 19, .ofs_x = 0, .ofs_y = -2},
    {.bitmap_index = 3697, .adv_w = 320, .box_w = 20, .box_h = 19, .ofs_x = 0, .ofs_y = -2},
    {.bitmap_index = 3807, .adv_w = 320, .box_w = 19, .box_h = 19, .ofs_x = 1, .ofs_y = -2},
    {.bitmap_index = 3926, .adv_w = 320, .box_w = 20, .box_h = 19, .ofs_x = 0, .ofs_y = -2},
    {.bitmap_index = 4068, .adv_w = 320, .box_w = 20, .box_h = 19, .ofs_x = 0, .ofs_y = -2},
    {.bitmap_index = 4201, .adv_w = 320, .box_w = 16, .box_h = 19, .ofs_x = 2, .ofs_y = -2},
    {.bitmap_index = 4268, .adv_w = 320, .box_w = 18, .box_h = 19, .ofs_x = 1, .ofs_y = -2},
    {.bitmap_index = 4346, .adv_w = 320, .box_w = 20, .box_h = 19, .ofs_x = 0, .ofs_y = -2},
    {.bitmap_index = 4479, .adv_w = 320, .box_w = 19, .box_h = 20, .ofs_x = 0, .ofs_y = -3},
    {.bitmap_index = 4603, .adv_w = 320, .box_w = 18, .box_h = 19, .ofs_x = 1, .ofs_y = -2},
    {.bitmap_index = 4721, .adv_w = 320, .box_w = 19, .box_h = 19, .ofs_x = 0, .ofs_y = -2},
    {.bitmap_index = 4865, .adv_w = 320, .box_w = 19, .box_h = 19, .ofs_x = 0, .ofs_y = -2},
    {.bitmap_index = 4984, .adv_w = 320, .box_w = 19, .box_h = 20, .ofs_x = 0, .ofs_y = -3},
    {.bitmap_index = 5105, .adv_w = 320, .box_w = 18, .box_h = 20, .ofs_x = 1, .ofs_y = -3},
    {.bitmap_index = 5226, .adv_w = 320, .box_w = 18, .box_h = 19, .ofs_x = 1, .ofs_y = -2},
    {.bitmap_index = 5333, .adv_w = 320, .box_w = 18, .box_h = 19, .ofs_x = 0, .ofs_y = -2},
    {.bitmap_index = 5441, .adv_w = 320, .box_w = 20, .box_h = 19, .ofs_x = 0, .ofs_y = -2},
    {.bitmap_index = 5571, .adv_w = 320, .box_w = 19, .box_h = 19, .ofs_x = 0, .ofs_y = -2},
    {.bitmap_index = 5695, .adv_w = 320, .box_w = 18, .box_h = 19, .ofs_x = 1, .ofs_y = -2},
    {.bitmap_index = 5836, .adv_w = 320, .box_w = 19, .box_h = 20, .ofs_x = 0, .ofs_y = -3},
    {.bitmap_index = 6012, .adv_w = 320, .box_w = 20, .box_h = 19, .ofs_x = 0, .ofs_y = -2},
    {.bitmap_index = 6136, .adv_w = 320, .box_w = 18, .box_h = 19, .ofs_x = 1, .ofs_y = -2},
    {.bitmap_index = 6213, .adv_w = 320, .box_w = 19, .box_h = 18, .ofs_x = 0, .ofs_y = -2},
    {.bitmap_index = 6335, .adv_w = 320, .box_w = 20, .box_h = 19, .ofs_x = 0, .ofs_y = -2},
    {.bitmap_index = 6486, .adv_w = 320, .box_w = 20, .box_h = 19, .ofs_x = 0, .ofs_y = -3},
    {.bitmap_index = 6631, .adv_w = 320, .box_w = 18, .box_h = 18, .ofs_x = 1, .ofs_y = -2},
    {.bitmap_index = 6696, .adv_w = 320, .box_w = 19, .box_h = 19, .ofs_x = 1, .ofs_y = -2},
    {.bitmap_index = 6808, .adv_w = 320, .box_w = 18, .box_h = 18, .ofs_x = 1, .ofs_y = -2},
    {.bitmap_index = 6883, .adv_w = 320, .box_w = 18, .box_h = 18, .ofs_x = 1, .ofs_y = -2},
    {.bitmap_index = 6992, .adv_w = 320, .box_w = 18, .box_h = 20, .ofs_x = 0, .ofs_y = -3},
    {.bitmap_index = 7097, .adv_w = 320, .box_w = 19, .box_h = 18, .ofs_x = 1, .ofs_y = -2},
    {.bitmap_index = 7238, .adv_w = 320, .box_w = 18, .box_h = 19, .ofs_x = 0, .ofs_y = -3},
    {.bitmap_index = 7354, .adv_w = 320, .box_w = 19, .box_h = 19, .ofs_x = 0, .ofs_y = -2},
    {.bitmap_index = 7471, .adv_w = 320, .box_w = 19, .box_h = 19, .ofs_x = 0, .ofs_y = -2},
    {.bitmap_index = 7585, .adv_w = 320, .box_w = 20, .box_h = 19, .ofs_x = 0, .ofs_y = -2},
    {.bitmap_index = 7735, .adv_w = 320, .box_w = 18, .box_h = 18, .ofs_x = 1, .ofs_y = -2},
    {.bitmap_index = 7836, .adv_w = 320, .box_w = 18, .box_h = 19, .ofs_x = 1, .ofs_y = -3},
    {.bitmap_index = 7976, .adv_w = 320, .box_w = 20, .box_h = 18, .ofs_x = 0, .ofs_y = -2},
    {.bitmap_index = 8116, .adv_w = 320, .box_w = 18, .box_h = 17, .ofs_x = 1, .ofs_y = -1},
    {.bitmap_index = 8208, .adv_w = 320, .box_w = 18, .box_h = 18, .ofs_x = 1, .ofs_y = -2},
    {.bitmap_index = 8270, .adv_w = 320, .box_w = 18, .box_h = 18, .ofs_x = 1, .ofs_y = -2},
    {.bitmap_index = 8386, .adv_w = 320, .box_w = 18, .box_h = 18, .ofs_x = 1, .ofs_y = -2},
    {.bitmap_index = 8488, .adv_w = 320, .box_w = 18, .box_h = 19, .ofs_x = 1, .ofs_y = -2},
    {.bitmap_index = 8584, .adv_w = 320, .box_w = 20, .box_h = 18, .ofs_x = 0, .ofs_y = -1},
    {.bitmap_index = 8709, .adv_w = 320, .box_w = 20, .box_h = 18, .ofs_x = 0, .ofs_y = -1},
    {.bitmap_index = 8805, .adv_w = 320, .box_w = 20, .box_h = 20, .ofs_x = 0, .ofs_y = -3},
    {.bitmap_index = 8967, .adv_w = 320, .box_w = 20, .box_h = 20, .ofs_x = 0, .ofs_y = -3},
    {.bitmap_index = 9130, .adv_w = 320, .box_w = 20, .box_h = 19, .ofs_x = 0, .ofs_y = -2},
    {.bitmap_index = 9257, .adv_w = 320, .box_w = 20, .box_h = 20, .ofs_x = 0, .ofs_y = -3},
    {.bitmap_index = 9409, .adv_w = 320, .box_w = 20, .box_h = 19, .ofs_x = 0, .ofs_y = -2},
    {.bitmap_index = 9521, .adv_w = 320, .box_w = 19, .box_h = 18, .ofs_x = 1, .ofs_y = -2},
    {.bitmap_index = 9629, .adv_w = 320, .box_w = 20, .box_h = 19, .ofs_x = 0, .ofs_y = -2},
    {.bitmap_index = 9748, .adv_w = 320, .box_w = 20, .box_h = 19, .ofs_x = 0, .ofs_y = -2},
    {.bitmap_index = 9880, .adv_w = 320, .box_w = 20, .box_h = 20, .ofs_x = 0, .ofs_y = -2},
    {.bitmap_index = 10033, .adv_w = 320, .box_w = 20, .box_h = 19, .ofs_x = 0, .ofs_y = -2},
    {.bitmap_index = 10147, .adv_w = 320, .box_w = 20, .box_h = 19, .ofs_x = 0, .ofs_y = -2},
    {.bitmap_index = 10266, .adv_w = 320, .box_w = 19, .box_h = 20, .ofs_x = 1, .ofs_y = -3},
    {.bitmap_index = 10419, .adv_w = 320, .box_w = 20, .box_h = 19, .ofs_x = 0, .ofs_y = -2},
    {.bitmap_index = 10560, .adv_w = 320, .box_w = 20, .box_h = 20, .ofs_x = 0, .ofs_y = -3},
    {.bitmap_index = 10655, .adv_w = 320, .box_w = 16, .box_h = 19, .ofs_x = 2, .ofs_y = -2},
    {.bitmap_index = 10749, .adv_w = 320, .box_w = 19, .box_h = 19, .ofs_x = 0, .ofs_y = -3},
    {.bitmap_index = 10878, .adv_w = 320, .box_w = 18, .box_h = 17, .ofs_x = 1, .ofs_y = -1},
    {.bitmap_index = 10951, .adv_w = 320, .box_w = 19, .box_h = 19, .ofs_x = 0, .ofs_y = -2},
    {.bitmap_index = 11056, .adv_w = 320, .box_w = 20, .box_h = 19, .ofs_x = 0, .ofs_y = -2},
    {.bitmap_index = 11197, .adv_w = 320, .box_w = 18, .box_h = 20, .ofs_x = 1, .ofs_y = -3},
    {.bitmap_index = 11308, .adv_w = 320, .box_w = 20, .box_h = 19, .ofs_x = 0, .ofs_y = -2},
    {.bitmap_index = 11445, .adv_w = 320, .box_w = 20, .box_h = 20, .ofs_x = 0, .ofs_y = -2},
    {.bitmap_index = 11584, .adv_w = 320, .box_w = 19, .box_h = 19, .ofs_x = 0, .ofs_y = -2},
    {.bitmap_index = 11717, .adv_w = 320, .box_w = 20, .box_h = 19, .ofs_x = 0, .ofs_y = -2},
    {.bitmap_index = 11867, .adv_w = 320, .box_w = 20, .box_h = 19, .ofs_x = 0, .ofs_y = -2},
    {.bitmap_index = 12014, .adv_w = 320, .box_w = 18, .box_h = 19, .ofs_x = 1, .ofs_y = -3},
    {.bitmap_index = 12100, .adv_w = 320, .box_w = 19, .box_h = 19, .ofs_x = 1, .ofs_y = -2},
    {.bitmap_index = 12223, .adv_w = 320, .box_w = 19, .box_h = 19, .ofs_x = 1, .ofs_y = -2},
    {.bitmap_index = 12375, .adv_w = 320, .box_w = 20, .box_h = 18, .ofs_x = 0, .ofs_y = -2},
    {.bitmap_index = 12517, .adv_w = 320, .box_w = 16, .box_h = 19, .ofs_x = 2, .ofs_y = -2},
    {.bitmap_index = 12613, .adv_w = 320, .box_w = 19, .box_h = 18, .ofs_x = 1, .ofs_y = -2},
    {.bitmap_index = 12743, .adv_w = 320, .box_w = 20, .box_h = 20, .ofs_x = 0, .ofs_y = -3},
    {.bitmap_index = 12909, .adv_w = 320, .box_w = 20, .box_h = 20, .ofs_x = 0, .ofs_y = -3},
    {.bitmap_index = 13045, .adv_w = 320, .box_w = 20, .box_h = 19, .ofs_x = 0, .ofs_y = -2},
    {.bitmap_index = 13179, .adv_w = 320, .box_w = 19, .box_h = 18, .ofs_x = 0, .ofs_y = -1},
    {.bitmap_index = 13292, .adv_w = 320, .box_w = 20, .box_h = 19, .ofs_x = 0, .ofs_y = -1},
    {.bitmap_index = 13448, .adv_w = 320, .box_w = 20, .box_h = 18, .ofs_x = 0, .ofs_y = -1},
    {.bitmap_index = 13608, .adv_w = 320, .box_w = 19, .box_h = 20, .ofs_x = 0, .ofs_y = -2},
    {.bitmap_index = 13767, .adv_w = 320, .box_w = 20, .box_h = 19, .ofs_x = 0, .ofs_y = -2},
    {.bitmap_index = 13918, .adv_w = 320, .box_w = 19, .box_h = 20, .ofs_x = 1, .ofs_y = -3},
    {.bitmap_index = 14076, .adv_w = 320, .box_w = 19, .box_h = 19, .ofs_x = 0, .ofs_y = -2},
    {.bitmap_index = 14204, .adv_w = 320, .box_w = 20, .box_h = 19, .ofs_x = 0, .ofs_y = -2},
    {.bitmap_index = 14302, .adv_w = 320, .box_w = 20, .box_h = 20, .ofs_x = 0, .ofs_y = -3},
    {.bitmap_index = 14440, .adv_w = 320, .box_w = 19, .box_h = 20, .ofs_x = 0, .ofs_y = -2},
    {.bitmap_index = 14541, .adv_w = 320, .box_w = 20, .box_h = 20, .ofs_x = 0, .ofs_y = -3},
    {.bitmap_index = 14691, .adv_w = 320, .box_w = 20, .box_h = 19, .ofs_x = 0, .ofs_y = -2},
    {.bitmap_index = 14827, .adv_w = 320, .box_w = 20, .box_h = 19, .ofs_x = 0, .ofs_y = -2},
    {.bitmap_index = 14963, .adv_w = 320, .box_w = 20, .box_h = 19, .ofs_x = 0, .ofs_y = -2},
    {.bitmap_index = 15102, .adv_w = 320, .box_w = 20, .box_h = 19, .ofs_x = 0, .ofs_y = -2},
    {.bitmap_index = 15225, .adv_w = 320, .box_w = 20, .box_h = 20, .ofs_x = 0, .ofs_y = -3},
    {.bitmap_index = 15367, .adv_w = 320, .box_w = 20, .box_h = 19, .ofs_x = 0, .ofs_y = -2},
    {.bitmap_index = 15501, .adv_w = 320, .box_w = 19, .box_h = 19, .ofs_x = 0, .ofs_y = -2},
    {.bitmap_index = 15622, .adv_w = 320, .box_w = 20, .box_h = 20, .ofs_x = 0, .ofs_y = -3},
    {.bitmap_index = 15760, .adv_w = 320, .box_w = 20, .box_h = 20, .ofs_x = 0, .ofs_y = -3},
    {.bitmap_index = 15923, .adv_w = 320, .box_w = 20, .box_h = 20, .ofs_x = 0, .ofs_y = -2},
    {.bitmap_index = 16058, .adv_w = 320, .box_w = 20, .box_h = 20, .ofs_x = 0, .ofs_y = -3},
    {.bitmap_index = 16229, .adv_w = 320, .box_w = 20, .box_h = 20, .ofs_x = 0, .ofs_y = -3},
    {.bitmap_index = 16398, .adv_w = 320, .box_w = 20, .box_h = 20, .ofs_x = 0, .ofs_y = -2},
    {.bitmap_index = 16544, .adv_w = 320, .box_w = 20, .box_h = 19, .ofs_x = 0, .ofs_y = -2},
    {.bitmap_index = 16699, .adv_w = 320, .box_w = 20, .box_h = 19, .ofs_x = 0, .ofs_y = -2},
    {.bitmap_index = 16861, .adv_w = 320, .box_w = 20, .box_h = 19, .ofs_x = 0, .ofs_y = -2},
    {.bitmap_index = 17013, .adv_w = 320, .box_w = 20, .box_h = 19, .ofs_x = 0, .ofs_y = -2},
    {.bitmap_index = 17187, .adv_w = 320, .box_w = 20, .box_h = 18, .ofs_x = 0, .ofs_y = -1},
    {.bitmap_index = 17340, .adv_w = 320, .box_w = 19, .box_h = 19, .ofs_x = 1, .ofs_y = -2},
    {.bitmap_index = 17511, .adv_w = 320, .box_w = 20, .box_h = 20, .ofs_x = 0, .ofs_y = -3},
    {.bitmap_index = 17647, .adv_w = 320, .box_w = 20, .box_h = 20, .ofs_x = 0, .ofs_y = -3},
    {.bitmap_index = 17800, .adv_w = 320, .box_w = 20, .box_h = 20, .ofs_x = 0, .ofs_y = -2},
    {.bitmap_index = 17949, .adv_w = 320, .box_w = 19, .box_h = 19, .ofs_x = 0, .ofs_y = -2},
    {.bitmap_index = 18077, .adv_w = 320, .box_w = 20, .box_h = 18, .ofs_x = 0, .ofs_y = -2},
    {.bitmap_index = 18188, .adv_w = 320, .box_w = 14, .box_h = 17, .ofs_x = 3, .ofs_y = -1},
    {.bitmap_index = 18227, .adv_w = 320, .box_w = 19, .box_h = 18, .ofs_x = 1, .ofs_y = -1},
    {.bitmap_index = 18330, .adv_w = 320, .box_w = 20, .box_h = 17, .ofs_x = 0, .ofs_y = -1},
    {.bitmap_index = 18436, .adv_w = 320, .box_w = 19, .box_h = 19, .ofs_x = 1, .ofs_y = -2},
    {.bitmap_index = 18559, .adv_w = 320, .box_w = 18, .box_h = 19, .ofs_x = 1, .ofs_y = -2},
    {.bitmap_index = 18686, .adv_w = 320, .box_w = 19, .box_h = 19, .ofs_x = 1, .ofs_y = -2},
    {.bitmap_index = 18840, .adv_w = 320, .box_w = 18, .box_h = 19, .ofs_x = 1, .ofs_y = -2},
    {.bitmap_index = 18968, .adv_w = 320, .box_w = 19, .box_h = 20, .ofs_x = 1, .ofs_y = -3},
    {.bitmap_index = 19107, .adv_w = 320, .box_w = 20, .box_h = 19, .ofs_x = 0, .ofs_y = -2},
    {.bitmap_index = 19235, .adv_w = 320, .box_w = 18, .box_h = 19, .ofs_x = 1, .ofs_y = -2},
    {.bitmap_index = 19335, .adv_w = 320, .box_w = 19, .box_h = 20, .ofs_x = 0, .ofs_y = -3},
    {.bitmap_index = 19486, .adv_w = 320, .box_w = 20, .box_h = 19, .ofs_x = 0, .ofs_y = -2},
    {.bitmap_index = 19596, .adv_w = 320, .box_w = 20, .box_h = 20, .ofs_x = 0, .ofs_y = -3},
    {.bitmap_index = 19728, .adv_w = 320, .box_w = 20, .box_h = 20, .ofs_x = 0, .ofs_y = -3},
    {.bitmap_index = 19875, .adv_w = 320, .box_w = 20, .box_h = 20, .ofs_x = 0, .ofs_y = -3},
    {.bitmap_index = 20040, .adv_w = 320, .box_w = 20, .box_h = 20, .ofs_x = 0, .ofs_y = -3},
    {.bitmap_index = 20205, .adv_w = 320, .box_w = 20, .box_h = 20, .ofs_x = 0, .ofs_y = -3},
    {.bitmap_index = 20388, .adv_w = 320, .box_w = 20, .box_h = 19, .ofs_x = 0, .ofs_y = -2},
    {.bitmap_index = 20553, .adv_w = 320, .box_w = 18, .box_h = 18, .ofs_x = 1, .ofs_y = -1},
    {.bitmap_index = 20601, .adv_w = 320, .box_w = 18, .box_h = 17, .ofs_x = 1, .ofs_y = -1},
    {.bitmap_index = 20662, .adv_w = 320, .box_w = 19, .box_h = 19, .ofs_x = 0, .ofs_y = -2},
    {.bitmap_index = 20782, .adv_w = 320, .box_w = 20, .box_h = 18, .ofs_x = 0, .ofs_y = -2},
    {.bitmap_index = 20928, .adv_w = 320, .box_w = 20, .box_h = 19, .ofs_x = 0, .ofs_y = -2},
    {.bitmap_index = 21032, .adv_w = 320, .box_w = 19, .box_h = 19, .ofs_x = 1, .ofs_y = -2},
    {.bitmap_index = 21166, .adv_w = 320, .box_w = 19, .box_h = 20, .ofs_x = 1, .ofs_y = -3},
    {.bitmap_index = 21285, .adv_w = 320, .box_w = 18, .box_h = 19, .ofs_x = 1, .ofs_y = -2},
    {.bitmap_index = 21421, .adv_w = 320, .box_w = 19, .box_h = 19, .ofs_x = 0, .ofs_y = -2},
    {.bitmap_index = 21555, .adv_w = 320, .box_w = 19, .box_h = 19, .ofs_x = 0, .ofs_y = -2},
    {.bitmap_index = 21683, .adv_w = 320, .box_w = 20, .box_h = 19, .ofs_x = 0, .ofs_y = -2},
    {.bitmap_index = 21814, .adv_w = 320, .box_w = 19, .box_h = 20, .ofs_x = 0, .ofs_y = -3},
    {.bitmap_index = 21957, .adv_w = 320, .box_w = 20, .box_h = 19, .ofs_x = 0, .ofs_y = -2},
    {.bitmap_index = 22099, .adv_w = 320, .box_w = 20, .box_h = 19, .ofs_x = 0, .ofs_y = -2},
    {.bitmap_index = 22249, .adv_w = 320, .box_w = 20, .box_h = 19, .ofs_x = 0, .ofs_y = -2},
    {.bitmap_index = 22384, .adv_w = 320, .box_w = 19, .box_h = 20, .ofs_x = 1, .ofs_y = -3},
    {.bitmap_index = 22536, .adv_w = 320, .box_w = 19, .box_h = 19, .ofs_x = 0, .ofs_y = -2},
    {.bitmap_index = 22689, .adv_w = 320, .box_w = 20, .box_h = 19, .ofs_x = 0, .ofs_y = -2},
    {.bitmap_index = 22811, .adv_w = 320, .box_w = 19, .box_h = 19, .ofs_x = 0, .ofs_y = -2},
    {.bitmap_index = 22915, .adv_w = 320, .box_w = 19, .box_h = 20, .ofs_x = 0, .ofs_y = -3},
    {.bitmap_index = 23064, .adv_w = 320, .box_w = 20, .box_h = 19, .ofs_x = 0, .ofs_y = -2},
    {.bitmap_index = 23224, .adv_w = 320, .box_w = 20, .box_h = 19, .ofs_x = 0, .ofs_y = -2},
    {.bitmap_index = 23366, .adv_w = 320, .box_w = 19, .box_h = 19, .ofs_x = 0, .ofs_y = -2},
    {.bitmap_index = 23514, .adv_w = 320, .box_w = 20, .box_h = 19, .ofs_x = 0, .ofs_y = -2},
    {.bitmap_index = 23689, .adv_w = 320, .box_w = 20, .box_h = 20, .ofs_x = 0, .ofs_y = -2},
    {.bitmap_index = 23872, .adv_w = 320, .box_w = 20, .box_h = 19, .ofs_x = 0, .ofs_y = -2},
    {.bitmap_index = 24032, .adv_w = 320, .box_w = 20, .box_h = 20, .ofs_x = 0, .ofs_y = -3},
    {.bitmap_index = 24177, .adv_w = 320, .box_w = 18, .box_h = 19, .ofs_x = 1, .ofs_y = -2},
    {.bitmap_index = 24297, .adv_w = 320, .box_w = 20, .box_h = 17, .ofs_x = 0, .ofs_y = -1},
    {.bitmap_index = 24421, .adv_w = 320, .box_w = 18, .box_h = 18, .ofs_x = 1, .ofs_y = -2},
    {.bitmap_index = 24534, .adv_w = 320, .box_w = 18, .box_h = 18, .ofs_x = 0, .ofs_y = -2},
    {.bitmap_index = 24628, .adv_w = 320, .box_w = 18, .box_h = 18, .ofs_x = 2, .ofs_y = -1},
    {.bitmap_index = 24720, .adv_w = 320, .box_w = 16, .box_h = 19, .ofs_x = 2, .ofs_y = -2},
    {.bitmap_index = 24785, .adv_w = 320, .box_w = 18, .box_h = 19, .ofs_x = 1, .ofs_y = -2},
    {.bitmap_index = 24914, .adv_w = 320, .box_w = 14, .box_h = 18, .ofs_x = 3, .ofs_y = -2},
    {.bitmap_index = 24973, .adv_w = 320, .box_w = 20, .box_h = 18, .ofs_x = 0, .ofs_y = -1},
    {.bitmap_index = 25072, .adv_w = 320, .box_w = 19, .box_h = 20, .ofs_x = 0, .ofs_y = -2},
    {.bitmap_index = 25189, .adv_w = 320, .box_w = 19, .box_h = 19, .ofs_x = 0, .ofs_y = -2},
    {.bitmap_index = 25313, .adv_w = 320, .box_w = 19, .box_h = 18, .ofs_x = 0, .ofs_y = -2},
    {.bitmap_index = 25444, .adv_w = 320, .box_w = 19, .box_h = 20, .ofs_x = 0, .ofs_y = -3},
    {.bitmap_index = 25610, .adv_w = 320, .box_w = 19, .box_h = 18, .ofs_x = 0, .ofs_y = -2},
    {.bitmap_index = 25708, .adv_w = 320, .box_w = 18, .box_h = 20, .ofs_x = 1, .ofs_y = -3},
    {.bitmap_index = 25839, .adv_w = 320, .box_w = 20, .box_h = 19, .ofs_x = 0, .ofs_y = -2},
    {.bitmap_index = 25984, .adv_w = 320, .box_w = 18, .box_h = 19, .ofs_x = 1, .ofs_y = -2},
    {.bitmap_index = 26112, .adv_w = 320, .box_w = 20, .box_h = 19, .ofs_x = 0, .ofs_y = -2},
    {.bitmap_index = 26250, .adv_w = 320, .box_w = 18, .box_h = 18, .ofs_x = 1, .ofs_y = -1},
    {.bitmap_index = 26394, .adv_w = 320, .box_w = 20, .box_h = 19, .ofs_x = 0, .ofs_y = -1},
    {.bitmap_index = 26533, .adv_w = 320, .box_w = 20, .box_h = 19, .ofs_x = 0, .ofs_y = -2},
    {.bitmap_index = 26689, .adv_w = 320, .box_w = 19, .box_h = 19, .ofs_x = 0, .ofs_y = -2},
    {.bitmap_index = 26850, .adv_w = 320, .box_w = 19, .box_h = 19, .ofs_x = 0, .ofs_y = -2},
    {.bitmap_index = 27007, .adv_w = 320, .box_w = 20, .box_h = 20, .ofs_x = 0, .ofs_y = -2},
    {.bitmap_index = 27180, .adv_w = 320, .box_w = 19, .box_h = 20, .ofs_x = 0, .ofs_y = -2},
    {.bitmap_index = 27336, .adv_w = 320, .box_w = 20, .box_h = 19, .ofs_x = 0, .ofs_y = -2},
    {.bitmap_index = 27517, .adv_w = 320, .box_w = 20, .box_h = 19, .ofs_x = 0, .ofs_y = -2},
    {.bitmap_index = 27679, .adv_w = 320, .box_w = 20, .box_h = 19, .ofs_x = 0, .ofs_y = -2},
    {.bitmap_index = 27848, .adv_w = 320, .box_w = 20, .box_h = 19, .ofs_x = 0, .ofs_y = -2},
    {.bitmap_index = 27995, .adv_w = 320, .box_w = 20, .box_h = 19, .ofs_x = 0, .ofs_y = -2},
    {.bitmap_index = 28160, .adv_w = 320, .box_w = 19, .box_h = 18, .ofs_x = 0, .ofs_y = -1},
    {.bitmap_index = 28313, .adv_w = 320, .box_w = 20, .box_h = 19, .ofs_x = 0, .ofs_y = -2},
    {.bitmap_index = 28481, .adv_w = 320, .box_w = 19, .box_h = 20, .ofs_x = 0, .ofs_y = -2},
    {.bitmap_index = 28635, .adv_w = 320, .box_w = 18, .box_h = 18, .ofs_x = 1, .ofs_y = -2},
    {.bitmap_index = 28755, .adv_w = 320, .box_w = 18, .box_h = 17, .ofs_x = 1, .ofs_y = -1},
    {.bitmap_index = 28855, .adv_w = 320, .box_w = 19, .box_h = 19, .ofs_x = 1, .ofs_y = -2},
    {.bitmap_index = 29006, .adv_w = 320, .box_w = 14, .box_h = 19, .ofs_x = 3, .ofs_y = -2},
    {.bitmap_index = 29076, .adv_w = 320, .box_w = 20, .box_h = 19, .ofs_x = 0, .ofs_y = -2},
    {.bitmap_index = 29231, .adv_w = 320, .box_w = 20, .box_h = 18, .ofs_x = 0, .ofs_y = -1},
    {.bitmap_index = 29338, .adv_w = 320, .box_w = 18, .box_h = 19, .ofs_x = 1, .ofs_y = -2},
    {.bitmap_index = 29425, .adv_w = 320, .box_w = 19, .box_h = 19, .ofs_x = 0, .ofs_y = -2},
    {.bitmap_index = 29580, .adv_w = 320, .box_w = 20, .box_h = 20, .ofs_x = 0, .ofs_y = -3},
    {.bitmap_index = 29682, .adv_w = 320, .box_w = 20, .box_h = 19, .ofs_x = 0, .ofs_y = -2},
    {.bitmap_index = 29820, .adv_w = 320, .box_w = 18, .box_h = 18, .ofs_x = 1, .ofs_y = -2},
    {.bitmap_index = 29949, .adv_w = 320, .box_w = 20, .box_h = 20, .ofs_x = 0, .ofs_y = -3},
    {.bitmap_index = 30117, .adv_w = 320, .box_w = 20, .box_h = 19, .ofs_x = 0, .ofs_y = -2},
    {.bitmap_index = 30270, .adv_w = 320, .box_w = 19, .box_h = 19, .ofs_x = 0, .ofs_y = -2},
    {.bitmap_index = 30433, .adv_w = 320, .box_w = 20, .box_h = 19, .ofs_x = 0, .ofs_y = -2},
    {.bitmap_index = 30538, .adv_w = 320, .box_w = 18, .box_h = 19, .ofs_x = 1, .ofs_y = -2},
    {.bitmap_index = 30634, .adv_w = 320, .box_w = 20, .box_h = 19, .ofs_x = 0, .ofs_y = -2},
    {.bitmap_index = 30765, .adv_w = 320, .box_w = 20, .box_h = 19, .ofs_x = 0, .ofs_y = -2},
    {.bitmap_index = 30909, .adv_w = 320, .box_w = 20, .box_h = 19, .ofs_x = 0, .ofs_y = -2},
    {.bitmap_index = 31051, .adv_w = 320, .box_w = 19, .box_h = 19, .ofs_x = 0, .ofs_y = -2},
    {.bitmap_index = 31194, .adv_w = 320, .box_w = 20, .box_h = 19, .ofs_x = 0, .ofs_y = -2},
    {.bitmap_index = 31344, .adv_w = 320, .box_w = 20, .box_h = 19, .ofs_x = 0, .ofs_y = -2},
    {.bitmap_index = 31489, .adv_w = 320, .box_w = 20, .box_h = 19, .ofs_x = 0, .ofs_y = -2},
    {.bitmap_index = 31655, .adv_w = 320, .box_w = 20, .box_h = 19, .ofs_x = 0, .ofs_y = -2},
    {.bitmap_index = 31747, .adv_w = 320, .box_w = 19, .box_h = 18, .ofs_x = 0, .ofs_y = -1},
    {.bitmap_index = 31848, .adv_w = 320, .box_w = 20, .box_h = 19, .ofs_x = 0, .ofs_y = -2},
    {.bitmap_index = 31992, .adv_w = 320, .box_w = 20, .box_h = 19, .ofs_x = 0, .ofs_y = -2},
    {.bitmap_index = 32127, .adv_w = 320, .box_w = 19, .box_h = 20, .ofs_x = 0, .ofs_y = -3},
    {.bitmap_index = 32268, .adv_w = 320, .box_w = 19, .box_h = 19, .ofs_x = 0, .ofs_y = -2},
    {.bitmap_index = 32399, .adv_w = 320, .box_w = 20, .box_h = 19, .ofs_x = 0, .ofs_y = -2},
    {.bitmap_index = 32565, .adv_w = 320, .box_w = 20, .box_h = 19, .ofs_x = 0, .ofs_y = -2},
    {.bitmap_index = 32708, .adv_w = 320, .box_w = 19, .box_h = 20, .ofs_x = 0, .ofs_y = -3},
    {.bitmap_index = 32858, .adv_w = 320, .box_w = 20, .box_h = 19, .ofs_x = 0, .ofs_y = -2},
    {.bitmap_index = 33002, .adv_w = 320, .box_w = 19, .box_h = 19, .ofs_x = 1, .ofs_y = -2},
    {.bitmap_index = 33165, .adv_w = 320, .box_w = 20, .box_h = 20, .ofs_x = 0, .ofs_y = -3},
    {.bitmap_index = 33323, .adv_w = 320, .box_w = 20, .box_h = 19, .ofs_x = 0, .ofs_y = -2},
    {.bitmap_index = 33482, .adv_w = 320, .box_w = 19, .box_h = 20, .ofs_x = 1, .ofs_y = -3},
    {.bitmap_index = 33645, .adv_w = 320, .box_w = 20, .box_h = 20, .ofs_x = 0, .ofs_y = -3},
    {.bitmap_index = 33798, .adv_w = 320, .box_w = 20, .box_h = 19, .ofs_x = 0, .ofs_y = -2},
    {.bitmap_index = 33949, .adv_w = 320, .box_w = 20, .box_h = 20, .ofs_x = 0, .ofs_y = -3},
    {.bitmap_index = 34129, .adv_w = 320, .box_w = 20, .box_h = 19, .ofs_x = 0, .ofs_y = -2},
    {.bitmap_index = 34274, .adv_w = 320, .box_w = 20, .box_h = 19, .ofs_x = 0, .ofs_y = -2},
    {.bitmap_index = 34413, .adv_w = 320, .box_w = 20, .box_h = 19, .ofs_x = 0, .ofs_y = -2},
    {.bitmap_index = 34550, .adv_w = 320, .box_w = 20, .box_h = 19, .ofs_x = 0, .ofs_y = -2},
    {.bitmap_index = 34704, .adv_w = 320, .box_w = 20, .box_h = 19, .ofs_x = 0, .ofs_y = -2},
    {.bitmap_index = 34855, .adv_w = 320, .box_w = 20, .box_h = 19, .ofs_x = 0, .ofs_y = -2},
    {.bitmap_index = 34978, .adv_w = 320, .box_w = 20, .box_h = 19, .ofs_x = 0, .ofs_y = -2},
    {.bitmap_index = 35124, .adv_w = 320, .box_w = 20, .box_h = 19, .ofs_x = 0, .ofs_y = -2},
    {.bitmap_index = 35263, .adv_w = 320, .box_w = 20, .box_h = 19, .ofs_x = 0, .ofs_y = -2},
    {.bitmap_index = 35410, .adv_w = 320, .box_w = 20, .box_h = 19, .ofs_x = 0, .ofs_y = -2},
    {.bitmap_index = 35567, .adv_w = 320, .box_w = 20, .box_h = 19, .ofs_x = 0, .ofs_y = -2},
    {.bitmap_index = 35734, .adv_w = 320, .box_w = 19, .box_h = 19, .ofs_x = 1, .ofs_y = -2},
    {.bitmap_index = 35859, .adv_w = 320, .box_w = 18, .box_h = 18, .ofs_x = 1, .ofs_y = -1},
    {.bitmap_index = 35975, .adv_w = 320, .box_w = 20, .box_h = 19, .ofs_x = 0, .ofs_y = -2},
    {.bitmap_index = 36149, .adv_w = 320, .box_w = 20, .box_h = 19, .ofs_x = 0, .ofs_y = -2},
    {.bitmap_index = 36314, .adv_w = 320, .box_w = 20, .box_h = 18, .ofs_x = 0, .ofs_y = -1},
    {.bitmap_index = 36480, .adv_w = 320, .box_w = 19, .box_h = 19, .ofs_x = 0, .ofs_y = -2},
    {.bitmap_index = 36607, .adv_w = 320, .box_w = 20, .box_h = 19, .ofs_x = 0, .ofs_y = -2},
    {.bitmap_index = 36757, .adv_w = 320, .box_w = 18, .box_h = 19, .ofs_x = 1, .ofs_y = -3},
    {.bitmap_index = 36843, .adv_w = 320, .box_w = 18, .box_h = 19, .ofs_x = 1, .ofs_y = -3},
    {.bitmap_index = 36968, .adv_w = 320, .box_w = 18, .box_h = 19, .ofs_x = 1, .ofs_y = -3},
    {.bitmap_index = 37096, .adv_w = 320, .box_w = 18, .box_h = 19, .ofs_x = 1, .ofs_y = -3},
    {.bitmap_index = 37215, .adv_w = 320, .box_w = 18, .box_h = 18, .ofs_x = 1, .ofs_y = -2},
    {.bitmap_index = 37340, .adv_w = 320, .box_w = 18, .box_h = 19, .ofs_x = 1, .ofs_y = -2},
    {.bitmap_index = 37390, .adv_w = 320, .box_w = 18, .box_h = 19, .ofs_x = 1, .ofs_y = -2},
    {.bitmap_index = 37508, .adv_w = 320, .box_w = 18, .box_h = 19, .ofs_x = 1, .ofs_y = -2},
    {.bitmap_index = 37606, .adv_w = 320, .box_w = 18, .box_h = 19, .ofs_x = 1, .ofs_y = -2},
    {.bitmap_index = 37713, .adv_w = 320, .box_w = 19, .box_h = 20, .ofs_x = 1, .ofs_y = -3},
    {.bitmap_index = 37857, .adv_w = 320, .box_w = 19, .box_h = 20, .ofs_x = 1, .ofs_y = -3},
    {.bitmap_index = 38007, .adv_w = 320, .box_w = 19, .box_h = 19, .ofs_x = 1, .ofs_y = -3},
    {.bitmap_index = 38149, .adv_w = 320, .box_w = 18, .box_h = 19, .ofs_x = 1, .ofs_y = -2},
    {.bitmap_index = 38307, .adv_w = 320, .box_w = 19, .box_h = 17, .ofs_x = 1, .ofs_y = -1},
    {.bitmap_index = 38426, .adv_w = 320, .box_w = 20, .box_h = 19, .ofs_x = 0, .ofs_y = -2},
    {.bitmap_index = 38575, .adv_w = 320, .box_w = 20, .box_h = 19, .ofs_x = 0, .ofs_y = -2},
    {.bitmap_index = 38732, .adv_w = 320, .box_w = 18, .box_h = 18, .ofs_x = 1, .ofs_y = -2},
    {.bitmap_index = 38826, .adv_w = 320, .box_w = 20, .box_h = 18, .ofs_x = 0, .ofs_y = -2},
    {.bitmap_index = 38953, .adv_w = 320, .box_w = 20, .box_h = 20, .ofs_x = 0, .ofs_y = -3},
    {.bitmap_index = 39102, .adv_w = 320, .box_w = 20, .box_h = 18, .ofs_x = 0, .ofs_y = -2},
    {.bitmap_index = 39260, .adv_w = 320, .box_w = 20, .box_h = 18, .ofs_x = 0, .ofs_y = -2},
    {.bitmap_index = 39374, .adv_w = 320, .box_w = 20, .box_h = 19, .ofs_x = 0, .ofs_y = -2},
    {.bitmap_index = 39512, .adv_w = 320, .box_w = 20, .box_h = 19, .ofs_x = 0, .ofs_y = -2},
    {.bitmap_index = 39677, .adv_w = 320, .box_w = 20, .box_h = 19, .ofs_x = 0, .ofs_y = -2},
    {.bitmap_index = 39829, .adv_w = 320, .box_w = 20, .box_h = 19, .ofs_x = 0, .ofs_y = -2},
    {.bitmap_index = 39963, .adv_w = 320, .box_w = 19, .box_h = 19, .ofs_x = 1, .ofs_y = -2},
    {.bitmap_index = 40112, .adv_w = 320, .box_w = 18, .box_h = 19, .ofs_x = 1, .ofs_y = -2},
    {.bitmap_index = 40235, .adv_w = 320, .box_w = 19, .box_h = 20, .ofs_x = 0, .ofs_y = -3},
    {.bitmap_index = 40382, .adv_w = 320, .box_w = 4, .box_h = 16, .ofs_x = 3, .ofs_y = -1},
    {.bitmap_index = 40411, .adv_w = 320, .box_w = 6, .box_h = 20, .ofs_x = 14, .ofs_y = -2},
    {.bitmap_index = 40462, .adv_w = 320, .box_w = 6, .box_h = 20, .ofs_x = 0, .ofs_y = -2},
    {.bitmap_index = 40513, .adv_w = 320, .box_w = 4, .box_h = 14, .ofs_x = 3, .ofs_y = -1},
    {.bitmap_index = 40532, .adv_w = 320, .box_w = 10, .box_h = 17, .ofs_x = 0, .ofs_y = -1}
};

/*---------------------
 *  CHARACTER MAPPING
 *--------------------*/

static const uint16_t unicode_list_0[] = {
    0x0, 0x1dfe, 0x1e07, 0x1e08, 0x1e0b, 0x1e24, 0x1e2b, 0x1e47,
    0x1e89, 0x1e8a, 0x1e92, 0x1e99, 0x1eac, 0x1eb8, 0x1ec8, 0x1ecb,
    0x1ee2, 0x1f0d, 0x1f1e, 0x1f4b, 0x1f4d, 0x1f51, 0x1f5a, 0x1fdb,
    0x1fdf, 0x203a, 0x2045, 0x205a, 0x20a6, 0x20b1, 0x2130, 0x2143,
    0x2147, 0x2163, 0x216b, 0x2171, 0x21b5, 0x21eb, 0x21f8, 0x21f9,
    0x2204, 0x2215, 0x2218, 0x221b, 0x2234, 0x2235, 0x224b, 0x2259,
    0x2299, 0x229c, 0x229e, 0x22a6, 0x22d3, 0x2314, 0x235f, 0x2384,
    0x23cf, 0x23d4, 0x23ed, 0x23f0, 0x240a, 0x2415, 0x242d, 0x2436,
    0x2466, 0x248a, 0x252c, 0x255d, 0x25ac, 0x25cc, 0x2666, 0x26d9,
    0x26dc, 0x26fc, 0x2714, 0x2726, 0x272e, 0x273e, 0x27f5, 0x282f,
    0x2914, 0x291a, 0x2925, 0x2927, 0x2928, 0x292f, 0x29c9, 0x2b8a,
    0x2b98, 0x2bb4, 0x2bc4, 0x2c0d, 0x2c18, 0x2c4d, 0x2df0, 0x2e01,
    0x2e53, 0x2e74, 0x2e92, 0x2ea4, 0x2ea5, 0x2eab, 0x2ef4, 0x2efe,
    0x2f0d, 0x2f35, 0x2f38, 0x2f51, 0x2f53, 0x2f67, 0x2f83, 0x2f95,
    0x306d, 0x311d, 0x318f, 0x31c7, 0x320e, 0x3210, 0x323d, 0x3251,
    0x3265, 0x3269, 0x32a3, 0x32c4, 0x32d4, 0x32e7, 0x3300, 0x3305,
    0x336c, 0x3381, 0x3399, 0x33a3, 0x33a5, 0x34a2, 0x34ab, 0x34cb,
    0x353c, 0x3546, 0x3555, 0x356e, 0x3572, 0x3576, 0x3597, 0x35ad,
    0x35ae, 0x35bf, 0x35de, 0x35e3, 0x35f4, 0x363c, 0x3640, 0x3680,
    0x3694, 0x36a9, 0x36f1, 0x36fe, 0x3707, 0x371d, 0x3728, 0x3738,
    0x3754, 0x377d, 0x3a1f, 0x3a5d, 0x3b08, 0x3b60, 0x3b61, 0x3b63,
    0x3b75, 0x3c12, 0x3c21, 0x3c32, 0x3cd3, 0x3d86, 0x3e03, 0x3e27,
    0x3e2a, 0x3e7d, 0x3e8e, 0x3ea9, 0x3f0d, 0x3fd3, 0x406d, 0x40b7,
    0x40dd, 0x40eb, 0x411f, 0x4157, 0x41af, 0x41c1, 0x41c6, 0x424a,
    0x4385, 0x4404, 0x44e4, 0x4526, 0x4533, 0x467b, 0x4682, 0x46ec,
    0x46f2, 0x46f6, 0x47e3, 0x47ff, 0x48ba, 0x4938, 0x49b9, 0x49d0,
    0x4a95, 0x4b47, 0x4cf9, 0x4cfe, 0x4d64, 0x4d6f, 0x4db0, 0x4dd8,
    0x4de6, 0x4e7a, 0x4e8a, 0x4ebd, 0x4ed7, 0x4edd, 0x4ee5, 0x4eeb,
    0x4f14, 0x4f4f, 0x4f6c, 0x50fb, 0x51e8, 0x5205, 0x5270, 0x5280,
    0x57a0, 0x584a, 0x5866, 0x597f, 0x59e1, 0x59e4, 0x59f6, 0x5a00,
    0x5a06, 0x5a08, 0x5a2b, 0x5aa2, 0x5abd, 0x5b47, 0x5b64, 0x5b75,
    0x5b9f, 0x5bae, 0x5bbc, 0x5bed, 0x5c01, 0x5cc5, 0x5cfa, 0x5d23,
    0x5d2b, 0x5ded, 0x5f07, 0x5f2d, 0x5f36, 0x5f7b, 0x5f8f, 0x5f91,
    0x5fa4, 0x5fd7, 0x5fd9, 0x5fdc, 0x5fff, 0x6007, 0x6017, 0x6021,
    0x602f, 0x6030, 0x6070, 0x6076, 0x614b, 0x61cb, 0x6302, 0x632d,
    0x6416, 0x649d, 0x6517, 0x657e, 0x6587, 0x6589, 0x6591, 0x65da,
    0x65e6, 0x65eb, 0x65f2, 0x65f7, 0x6630, 0x6662, 0x667b, 0x66e0,
    0x66f9, 0x66fc, 0x6725, 0x6760, 0x6803, 0x680e, 0x686d, 0x6877,
    0x6882, 0x689a, 0x68fb, 0x696f, 0x6ad2, 0x6b25, 0x6edc, 0xceff,
    0xcf06, 0xcf07, 0xcf18, 0xcf1d
};

/*Collect the unicode lists and glyph_id offsets*/
static const lv_font_fmt_txt_cmap_t cmaps[] =
{
    {
        .range_start = 12290, .range_length = 53022, .glyph_id_start = 1,
        .unicode_list = unicode_list_0, .glyph_id_ofs_list = NULL, .list_length = 316, .type = LV_FONT_FMT_TXT_CMAP_SPARSE_TINY
    }
};



/*--------------------
 *  ALL CUSTOM DATA
 *--------------------*/

#if LVGL_VERSION_MAJOR == 8
/*Store all the custom data of the font*/
static  lv_font_fmt_txt_glyph_cache_t cache;
#endif

#if LVGL_VERSION_MAJOR >= 8
static const lv_font_fmt_txt_dsc_t font_dsc = {
#else
static lv_font_fmt_txt_dsc_t font_dsc = {
#endif
    .glyph_bitmap = glyph_bitmap,
    .glyph_dsc = glyph_dsc,
    .cmaps = cmaps,
    .kern_dsc = NULL,
    .kern_scale = 0,
    .cmap_num = 1,
    .bpp = 4,
    .kern_classes = 0,
    .bitmap_format = 1,
#if LVGL_VERSION_MAJOR == 8
    .cache = &cache
#endif
};



/*-----------------
 *  PUBLIC FONT
 *----------------*/

/*Initialize a public general font descriptor*/
#if LVGL_VERSION_MAJOR >= 8
const lv_font_t app_cjk_20 = {
#else
lv_font_t app_cjk_20 = {
#endif
    .get_glyph_dsc = lv_font_get_glyph_dsc_fmt_txt,    /*Function pointer to get glyph's data*/
    .get_glyph_bitmap = lv_font_get_bitmap_fmt_txt,    /*Function pointer to get glyph's bitmap*/
    .line_height = 21,          /*The maximum line height required by the font*/
    .base_line = 3,             /*Baseline measured from the bottom of the line*/
#if !(LVGL_VERSION_MAJOR == 6 && LVGL_VERSION_MINOR == 0)
    .subpx = LV_FONT_SUBPX_NONE,
#endif
#if LV_VERSION_CHECK(7, 4, 0) || LVGL_VERSION_MAJOR >= 8
    .underline_position = -2,
    .underline_thickness = 1,
#endif
    .dsc = &font_dsc,          /*The custom font data. Will be accessed by `get_glyph_bitmap/dsc` */
#if LV_VERSION_CHECK(8, 2, 0) || LVGL_VERSION_MAJOR >= 9
    .fallback = NULL,
#endif
    .user_data = NULL,
};



#endif /*#if APP_CJK_20*/

