/*******************************************************************************
 * Size: 22 px
 * Bpp: 4
 * Opts: --bpp 4 --format lvgl --lv-include lvgl.h --lv-font-name app_cjk_22 --size 22 --font E:\BETTA_HA_Panel_Projs\BETTA-HA-PANEL-4-Guiton-ESP32S3\managed_components\lvgl__lvgl\scripts\generators\built_in_font\SourceHanSansSC-Normal.otf --symbols 。一三上不並中义事二五些亮人今仍令伏传位住体作保信值假停储傳儲充光入六关冷凭出击分列刚初制刷前剛力办加动動化卡历发取可史同吗启吸周和售啟單嗎器四回图圖在地址執報外夜大天太失始完定家密小尚屏已布幕并应度座庭延开式強强当录彩待得息感憑應成戒房打执扫报拆拖择挂指据掃掛接控撤播操放效敗数整數料斯新旁无日时显時暂暖暫曳最有期未机杖板模機權止正步歷气氣水法消清温測湿源溫漏濕灯点烟热無煙熱燃燈牌率理瓦用电白的目直相知码碼示离秒窗等系紀給統網線編繼續线给统继续编网置能自與色节螢行表要解触觸訂計訊設誤調證警護计记设误调資購败购路載輯輸载辑输辦这进连送选這連週進遲選配重錄錯鐘钟错門閉開間關门闭间闹防除陽離電雾霧面項預顯项预颜飽饱體鬧點！（）：？ --no-kerning -o E:\BETTA_HA_Panel_Projs\BETTA-HA-PANEL-4-Guiton-ESP32S3\main\ui\fonts\app_cjk_22.c
 ******************************************************************************/

#ifdef LV_LVGL_H_INCLUDE_SIMPLE
#include "lvgl.h"
#else
#include "lvgl.h"
#endif

#ifndef APP_CJK_22
#define APP_CJK_22 1
#endif

#if APP_CJK_22

/*-----------------
 *    BITMAPS
 *----------------*/

/*Store the image of the glyphs*/
static LV_ATTRIBUTE_LARGE_CONST const uint8_t glyph_bitmap[] = {
    /* U+3002 "。" */
    0x0, 0xc2, 0x1, 0xd1, 0xfe, 0xe4, 0x0, 0x3a,
    0x77, 0x36, 0x8c, 0x2b, 0xc4, 0xe, 0x68, 0x8,
    0xc0, 0x22, 0x20, 0x12, 0x0, 0x5a, 0x61, 0x14,
    0x82, 0xcc, 0x90, 0x5b, 0x9e, 0xdc, 0x10,

    /* U+4E00 "一" */
    0x8, 0x8f, 0xfe, 0x40, 0x1, 0xdf, 0xff, 0x90,
    0x21, 0xff, 0xff, 0xc8, 0x10,

    /* U+4E09 "三" */
    0x2, 0x44, 0xff, 0xe2, 0x0, 0x4b, 0x77, 0xff,
    0xc4, 0x10, 0x3, 0x6e, 0xff, 0xf1, 0x4, 0x0,
    0x24, 0x5f, 0xfc, 0x40, 0xf, 0xff, 0xa8, 0x8f,
    0xff, 0x4, 0x3, 0xc3, 0xdd, 0xff, 0xc1, 0x60,
    0xe, 0x19, 0x9f, 0xfe, 0xa, 0x0, 0x79, 0x9b,
    0xff, 0x82, 0x40, 0x1f, 0xff, 0xf0, 0xf, 0xc8,
    0xcd, 0xff, 0xc6, 0x28, 0x99, 0xff, 0xe3, 0x3e,
    0x7f, 0xff, 0xf1, 0x94,

    /* U+4E0A "上" */
    0x0, 0xfc, 0x48, 0x1, 0xff, 0xc6, 0x5b, 0x0,
    0xff, 0xff, 0x80, 0x7f, 0xf8, 0x50, 0xcf, 0xe1,
    0x0, 0xff, 0xaf, 0x33, 0xe4, 0x0, 0xff, 0xaf,
    0x33, 0xe4, 0x0, 0xff, 0x90, 0xcf, 0xe1, 0x0,
    0xff, 0xff, 0x80, 0x7f, 0xfd, 0xaf, 0xff, 0xe8,
    0xf, 0xff, 0xee, 0xd7, 0x7f, 0xfe, 0x34, 0x80,

    /* U+4E0D "不" */
    0x3f, 0xff, 0xfe, 0x35, 0x0, 0xbb, 0xff, 0x18,
    0x1b, 0xbf, 0xb0, 0xa, 0x23, 0xf8, 0x45, 0xb1,
    0x1e, 0x60, 0xf, 0xf4, 0x95, 0x88, 0x7, 0xff,
    0x11, 0x18, 0x14, 0x3, 0xff, 0x88, 0x76, 0x1,
    0x28, 0x80, 0x7f, 0xf0, 0x4b, 0x45, 0x0, 0xab,
    0xd0, 0x3, 0xfe, 0x2c, 0xc, 0x20, 0x2d, 0x2b,
    0x80, 0xf, 0xe4, 0xd0, 0xc2, 0x0, 0x8b, 0x19,
    0xf0, 0x80, 0x3c, 0xf6, 0x38, 0x40, 0x1e, 0x9a,
    0x3c, 0x40, 0x8, 0xf2, 0x17, 0xc8, 0x3, 0xf2,
    0xe0, 0x5a, 0x83, 0x61, 0x55, 0x4, 0x3, 0xfc,
    0x7e, 0x56, 0x28, 0xbe, 0xa0, 0x1f, 0xfc, 0x11,
    0xcd, 0x12, 0xa1, 0x0, 0xff, 0xe1, 0x89, 0x80,
    0x7f, 0xff, 0xc0, 0x3f, 0xfa, 0x60,

    /* U+4E26 "並" */
    0x0, 0xc4, 0x20, 0x1f, 0xc8, 0x1, 0xfb, 0xf4,
    0x3, 0xf3, 0xda, 0x0, 0x7d, 0xc6, 0xe0, 0x1f,
    0x4a, 0x20, 0x3, 0xe3, 0x59, 0x0, 0xf4, 0x8c,
    0x80, 0x7f, 0x41, 0x10, 0x3, 0xb, 0xc1, 0x0,
    0x61, 0xff, 0xda, 0x7b, 0xff, 0xb8, 0x63, 0xff,
    0x28, 0xc4, 0x73, 0x82, 0x44, 0x14, 0x1e, 0x23,
    0x9c, 0x1d, 0xfa, 0x3, 0x5d, 0xde, 0x12, 0xef,
    0xc4, 0x0, 0x11, 0x0, 0x7f, 0xf0, 0x9, 0x44,
    0x2, 0xcb, 0x0, 0xff, 0xe0, 0x55, 0xc, 0x2,
    0xa5, 0x10, 0xf, 0xf9, 0x4c, 0x80, 0x26, 0x6,
    0x0, 0xff, 0x11, 0x28, 0x3, 0xa, 0xd0, 0x7,
    0xf9, 0x41, 0xc0, 0x3b, 0x8, 0x40, 0x3f, 0xa9,
    0x44, 0x3, 0x9c, 0x10, 0x3, 0xf1, 0x97, 0x0,
    0x78, 0x4c, 0x3, 0xf9, 0x51, 0x0, 0x1f, 0x62,
    0x80, 0x7e, 0x6b, 0x0, 0xff, 0xe6, 0x57, 0xff,
    0x82, 0x7f, 0xd4, 0x1d, 0xff, 0xdd, 0xee, 0xff,
    0xfc, 0x69,

    /* U+4E2D "中" */
    0x0, 0xfc, 0x42, 0x1, 0xff, 0xc4, 0xc8, 0x0,
    0xff, 0xf0, 0x3b, 0xfe, 0x15, 0x77, 0xf9, 0x26,
    0x23, 0xe0, 0x38, 0x8f, 0xb4, 0x1f, 0xff, 0xc2,
    0xdf, 0xfe, 0x10, 0xf, 0xff, 0xf8, 0x7, 0xff,
    0x15, 0xff, 0xfc, 0x2d, 0xff, 0xe1, 0x0, 0x24,
    0x47, 0x80, 0xe2, 0x3c, 0x0, 0x2c, 0x77, 0xf0,
    0xab, 0xbf, 0x97, 0xf1, 0xc0, 0x3f, 0xf8, 0x54,
    0xc0, 0x1f, 0xff, 0xf0, 0xf, 0xfe, 0x18,

    /* U+4E49 "义" */
    0x0, 0xfe, 0x24, 0x0, 0xff, 0xe4, 0x55, 0x0,
    0x3f, 0xf9, 0x14, 0x2c, 0x1, 0xd0, 0xe0, 0x1e,
    0x6c, 0x0, 0xc4, 0xb6, 0x1, 0xcf, 0xa0, 0x1e,
    0x53, 0x40, 0xd, 0xc4, 0x60, 0x13, 0x4, 0x80,
    0x78, 0xd3, 0xc0, 0x32, 0xd, 0x80, 0x54, 0x46,
    0x1, 0xf4, 0x21, 0x80, 0x6c, 0x80, 0x2, 0x1d,
    0x80, 0x7e, 0x34, 0xf0, 0xc, 0x40, 0x14, 0x13,
    0x0, 0x7f, 0x41, 0xb0, 0x7, 0x94, 0xe0, 0x3,
    0xfc, 0x6b, 0x26, 0x1, 0x86, 0xd1, 0x40, 0x3f,
    0xea, 0x2e, 0x10, 0xa, 0xc6, 0x40, 0x3f, 0xf8,
    0x3e, 0x54, 0x0, 0x75, 0x92, 0x0, 0xff, 0xe0,
    0x94, 0xa4, 0x2c, 0x33, 0x0, 0x3f, 0xf8, 0x6c,
    0xc7, 0xa4, 0x90, 0xf, 0xfe, 0x2f, 0x0, 0xc,
    0x3, 0xff, 0x88, 0x37, 0xa, 0xa7, 0xc1, 0x0,
    0xff, 0xe0, 0xa7, 0xa5, 0x55, 0x27, 0xea, 0x1,
    0xfe, 0x29, 0xb2, 0xd5, 0x0, 0x36, 0x1d, 0x50,
    0x80, 0x3c, 0x73, 0xaf, 0x18, 0x40, 0x18, 0xf5,
    0x97, 0x64, 0xc0, 0x2c, 0xc3, 0xbb, 0x9c, 0x3,
    0xf4, 0xea, 0xb6, 0x60, 0x1, 0x35, 0xd0, 0x1,
    0xff, 0x15, 0x74, 0x78, 0x0,

    /* U+4E8B "事" */
    0x0, 0xfe, 0x87, 0x0, 0xff, 0xe3, 0x26, 0x80,
    0x7f, 0x36, 0xef, 0xe3, 0x5d, 0xdf, 0xce, 0x91,
    0x1f, 0x84, 0xe2, 0x3f, 0x21, 0x2a, 0xfe, 0x37,
    0x55, 0xfc, 0x60, 0x2, 0xff, 0xf1, 0x27, 0xff,
    0x94, 0x3, 0xd7, 0xff, 0x89, 0x3f, 0xf6, 0x0,
    0x7e, 0x11, 0xe0, 0x0, 0x8e, 0x0, 0xfe, 0xae,
    0xec, 0x49, 0xdd, 0xb0, 0x3, 0xc5, 0xff, 0xe3,
    0x5f, 0xff, 0x28, 0x6, 0x45, 0x5f, 0x13, 0x2a,
    0xf8, 0xc0, 0x37, 0x4c, 0xf8, 0x4a, 0x67, 0xaa,
    0x40, 0x35, 0x66, 0x78, 0xd3, 0x33, 0x8c, 0x2,
    0xdf, 0xff, 0xc6, 0xbf, 0xfc, 0x6b, 0xfd, 0xcc,
    0xcf, 0xc4, 0x79, 0x9c, 0x47, 0x9a, 0x67, 0xfc,
    0x2c, 0x67, 0xc2, 0xc6, 0x60, 0x7, 0xff, 0xc6,
    0xbf, 0xfc, 0x60, 0x1d, 0x99, 0xf1, 0x1e, 0x67,
    0x10, 0x7, 0x19, 0xfc, 0x2c, 0x67, 0xd5, 0x80,
    0x1f, 0xa, 0x1a, 0x11, 0x80, 0x73, 0xb0, 0x7,
    0xc7, 0x79, 0x45, 0x60, 0x1f, 0xc0,

    /* U+4E8C "二" */
    0x0, 0xff, 0xe5, 0x5f, 0xff, 0xff, 0xc, 0x3,
    0x73, 0xbf, 0xff, 0xc, 0x3, 0x2c, 0x47, 0xff,
    0xc, 0x3, 0xff, 0xfe, 0x1, 0xff, 0xff, 0x0,
    0xff, 0xf4, 0x4f, 0xff, 0xff, 0x1b, 0xb1, 0x9b,
    0xff, 0x8e,

    /* U+4E94 "五" */
    0x1, 0x44, 0xff, 0xe2, 0x8, 0x0, 0xae, 0xff,
    0xf8, 0x8a, 0x0, 0x3d, 0xdf, 0xa, 0x6e, 0xfe,
    0x40, 0x8, 0x8b, 0xc2, 0x64, 0x5f, 0x80, 0x3f,
    0x8c, 0x34, 0x3, 0xff, 0x8a, 0xc0, 0xc0, 0x1f,
    0xfc, 0x52, 0x3, 0x0, 0xff, 0xe0, 0xff, 0xe8,
    0xf, 0xff, 0x88, 0x3, 0xd1, 0x18, 0x4a, 0x23,
    0x90, 0xc, 0x3, 0xce, 0xf8, 0x51, 0xdf, 0x8c,
    0x4, 0x3, 0xf8, 0x83, 0xc0, 0x38, 0x44, 0x1,
    0xfe, 0x70, 0x50, 0xe, 0x23, 0x0, 0xff, 0x10,
    0x18, 0x7, 0x3b, 0x0, 0x7f, 0xb4, 0x80, 0x3c,
    0x42, 0x1, 0xfe, 0x47, 0x0, 0xf0, 0x90, 0x7,
    0xf0, 0x88, 0x80, 0x38, 0x43, 0x80, 0x34, 0xff,
    0xee, 0x7, 0xff, 0xee, 0x9, 0xff, 0xbb, 0x62,
    0x3f, 0xf8, 0xd2,

    /* U+4E9B "些" */
    0x0, 0xe9, 0x40, 0xd, 0xc, 0x1, 0xff, 0xc1,
    0x62, 0x0, 0xcb, 0x80, 0x1f, 0xfd, 0x25, 0xf0,
    0xf, 0xfe, 0xb, 0xfc, 0x0, 0x7e, 0xc6, 0x62,
    0x80, 0x45, 0x1d, 0xb, 0x60, 0x1f, 0x96, 0x65,
    0x0, 0x5, 0xd5, 0x6e, 0xa3, 0x0, 0xfd, 0x3f,
    0xed, 0x0, 0x1e, 0x6c, 0x8, 0x7, 0xff, 0x11,
    0x8c, 0x3, 0x12, 0x80, 0x7f, 0xf1, 0xda, 0x84,
    0x3, 0xdc, 0x6a, 0xe0, 0x2c, 0x1, 0xd8, 0x2,
    0xbe, 0x19, 0xa0, 0xf9, 0x52, 0x8, 0x7f, 0xfc,
    0xec, 0x12, 0xa4, 0xe9, 0x17, 0xbf, 0xc1, 0x17,
    0x31, 0x1a, 0xa4, 0x37, 0xf6, 0xe5, 0xd0, 0x80,
    0x32, 0x33, 0xbe, 0x50, 0x0, 0x80, 0x8, 0xbf,
    0xf8, 0x42, 0x1, 0xc3, 0xbb, 0xff, 0xc2, 0xb0,
    0xe, 0x1b, 0xbf, 0xfe, 0x14, 0x80, 0x79, 0x13,
    0xff, 0x84, 0x60, 0x1f, 0xfe, 0x13, 0x77, 0xff,
    0xe3, 0x30, 0x5c, 0x47, 0xff, 0x1c, 0x0,

    /* U+4EAE "亮" */
    0x0, 0xfc, 0x2e, 0x20, 0x1f, 0xfc, 0x68, 0x80,
    0x7, 0xf2, 0x27, 0xe5, 0x46, 0x54, 0x4f, 0x86,
    0x6e, 0xff, 0x20, 0x55, 0xdf, 0xc9, 0xbf, 0xff,
    0xfc, 0x65, 0x0, 0xa7, 0xff, 0xff, 0x80, 0xe0,
    0x1f, 0xe, 0xef, 0xf8, 0x3c, 0x3, 0xf1, 0x17,
    0xf8, 0x3, 0xf8, 0x77, 0x7f, 0xc0, 0x1f, 0xaf,
    0x3b, 0xbf, 0xd9, 0x40, 0x18, 0x44, 0x64, 0x5f,
    0xfc, 0x3, 0x11, 0x3, 0x77, 0x7f, 0xf1, 0x80,
    0x2c, 0xdd, 0xff, 0xe1, 0x38, 0x6, 0x32, 0x21,
    0xb3, 0x7e, 0x22, 0xbc, 0x0, 0xb0, 0x1, 0x2d,
    0xdf, 0xe0, 0x9, 0x20, 0xd, 0xc0, 0x22, 0xf,
    0xfe, 0x80, 0xc, 0x6e, 0x1, 0xef, 0x20, 0xf,
    0xfe, 0x28, 0xb2, 0x0, 0x7f, 0xda, 0x40, 0x1a,
    0x86, 0x0, 0x3f, 0xc2, 0x42, 0x4, 0xfc, 0xb4,
    0x20, 0x1f, 0x32, 0x21, 0x80, 0xa7, 0x65, 0xfd,
    0x0, 0x3c, 0xc5, 0x37, 0x68, 0x71, 0x8c, 0xe9,
    0x10, 0xf, 0x87, 0x7f, 0xf4, 0x0,

    /* U+4EBA "人" */
    0x0, 0xff, 0x22, 0x80, 0x7f, 0xf2, 0x26, 0x40,
    0x1f, 0xfd, 0xe3, 0x70, 0xf, 0xfe, 0x40, 0xb8,
    0x7, 0xff, 0x1c, 0x80, 0x80, 0x3f, 0xf8, 0xec,
    0x2, 0x20, 0xf, 0xfe, 0x31, 0x80, 0x10, 0x3,
    0xff, 0x8d, 0x82, 0x5e, 0x1, 0xff, 0xc6, 0x47,
    0xa4, 0x0, 0xff, 0xe2, 0xa8, 0x62, 0x8a, 0x80,
    0x7f, 0xf1, 0x38, 0x14, 0x89, 0x20, 0x1f, 0xfc,
    0x32, 0x47, 0x0, 0x41, 0xa0, 0x7, 0xff, 0xa,
    0x42, 0x40, 0xa, 0x50, 0x1, 0xff, 0xc1, 0x54,
    0x71, 0x0, 0xa0, 0xdc, 0x3, 0xfe, 0x2b, 0x28,
    0x0, 0xca, 0xa8, 0x40, 0xf, 0xe2, 0xc0, 0xc0,
    0xf, 0x51, 0xda, 0x0, 0x7c, 0x5e, 0x3a, 0x20,
    0x1f, 0x68, 0xda, 0x80, 0x74, 0x69, 0x59, 0x80,
    0x7e, 0x1c, 0x2a, 0xa1, 0x0, 0x2d, 0xcf, 0x50,
    0x3, 0xfc, 0x58, 0xaa, 0xf0, 0x5, 0x4e, 0x10,
    0x7, 0xff, 0x0, 0x6b, 0x38, 0x0,

    /* U+4ECA "今" */
    0x0, 0xff, 0x12, 0x0, 0x7f, 0xf2, 0x3e, 0xc8,
    0x3, 0xff, 0x8d, 0x64, 0x10, 0x1, 0xff, 0xc5,
    0xa4, 0x9b, 0x5a, 0x0, 0xff, 0xe1, 0xda, 0xc3,
    0x25, 0x2d, 0x88, 0x7, 0xfc, 0x58, 0x90, 0xe0,
    0x5, 0xb4, 0xc3, 0x0, 0xfe, 0x6d, 0x3a, 0x77,
    0x8, 0x1, 0x34, 0x32, 0x0, 0x3c, 0x77, 0x27,
    0xaa, 0x35, 0xe6, 0x0, 0x2c, 0x57, 0xd5, 0x0,
    0xab, 0x11, 0xf0, 0x80, 0x71, 0x71, 0x80, 0x3,
    0x52, 0x75, 0x80, 0xd, 0x5d, 0x80, 0xc, 0x36,
    0xd2, 0xe0, 0x13, 0x7b, 0x48, 0x1, 0xe8, 0x80,
    0x3e, 0x97, 0x40, 0xc, 0x32, 0xa0, 0x18, 0xe2,
    0x3f, 0x5, 0xc4, 0x63, 0x0, 0xf2, 0xbb, 0xff,
    0xf0, 0x98, 0x3, 0xcd, 0xff, 0xff, 0x50, 0x32,
    0x80, 0x7f, 0xf1, 0x4a, 0x8e, 0x40, 0x3f, 0xf8,
    0xa3, 0xe3, 0xa0, 0x1f, 0xfc, 0x6a, 0x2a, 0x10,
    0xf, 0xfe, 0x2c, 0x24, 0xa0, 0x7, 0xff, 0x15,
    0x9d, 0x98, 0x1, 0xff, 0xc5, 0x49, 0x39, 0x0,
    0xff, 0xe3, 0x3a, 0xe8, 0x7, 0xf0,

    /* U+4ECD "仍" */
    0x0, 0xe4, 0x10, 0xf, 0xfe, 0x30, 0xdb, 0x0,
    0x7f, 0xf1, 0x98, 0x1a, 0xff, 0xff, 0xa4, 0x3,
    0xea, 0x51, 0xe9, 0x80, 0x59, 0x9a, 0x3, 0xc0,
    0x3c, 0x85, 0xc0, 0xac, 0xc0, 0xc6, 0x69, 0x41,
    0x40, 0x3d, 0xe0, 0x80, 0x11, 0x81, 0x80, 0x4e,
    0x6, 0x1, 0xc6, 0x82, 0x1, 0xe1, 0x0, 0xb4,
    0x80, 0x3d, 0xe0, 0x1e, 0x10, 0xe, 0x47, 0x0,
    0xe8, 0x33, 0x0, 0x73, 0x83, 0x0, 0x46, 0x2c,
    0xd1, 0xb, 0xb5, 0x80, 0x71, 0x1, 0x0, 0xc,
    0x12, 0x66, 0x71, 0x69, 0x0, 0xf7, 0x8, 0x4,
    0x7f, 0xf6, 0x80, 0x84, 0x80, 0x7c, 0x44, 0x0,
    0xf8, 0x41, 0xc0, 0x3f, 0x99, 0x80, 0x1f, 0x38,
    0x8, 0x7, 0xe1, 0x3d, 0x0, 0xf8, 0x40, 0xc0,
    0x3f, 0x38, 0x28, 0x7, 0xc6, 0x2, 0x1, 0xfb,
    0x48, 0x80, 0x1f, 0x8, 0x80, 0x3f, 0x91, 0x40,
    0x3f, 0x71, 0x80, 0x7e, 0x70, 0xb0, 0xf, 0xca,
    0xc0, 0x1f, 0xc, 0x29, 0x80, 0x7e, 0x33, 0x0,
    0x7d, 0xa1, 0x0, 0x18, 0xd9, 0x55, 0x41, 0x60,
    0x1e, 0x22, 0x51, 0x0, 0x74, 0xd5, 0x15, 0xcc,
    0x3, 0x36, 0x17, 0x28, 0x7, 0x1f, 0xfe, 0x80,
    0x0,

    /* U+4EE4 "令" */
    0x0, 0xff, 0x94, 0x3, 0xff, 0x91, 0x54, 0x40,
    0xf, 0xfe, 0x34, 0x28, 0x68, 0x7, 0xff, 0x16,
    0x5d, 0xd2, 0xd4, 0x1, 0xff, 0xc3, 0xb6, 0x88,
    0x35, 0x2e, 0x90, 0x7, 0xfc, 0x9c, 0x94, 0xe0,
    0x5, 0xc3, 0xd6, 0x0, 0xfc, 0x33, 0x67, 0xab,
    0xb6, 0x0, 0x3f, 0x49, 0xc3, 0x0, 0xc3, 0x1c,
    0xcf, 0xa4, 0x1c, 0xb8, 0x0, 0x1b, 0xa2, 0xca,
    0x30, 0x6, 0x3a, 0x6c, 0x0, 0x47, 0x85, 0x80,
    0x12, 0xfb, 0x2e, 0x8, 0x76, 0x59, 0x0, 0x71,
    0x50, 0x8, 0x4, 0x33, 0xb8, 0x20, 0x66, 0x14,
    0x4f, 0x82, 0x15, 0x13, 0x1, 0x18, 0x6, 0x5b,
    0xbf, 0xfe, 0x13, 0x0, 0x79, 0x37, 0x7f, 0xe6,
    0x6, 0x60, 0x7, 0xc4, 0x5f, 0xe4, 0x66, 0x48,
    0x7, 0xfc, 0x42, 0x1, 0x9a, 0x5a, 0x40, 0x3f,
    0xf8, 0x1f, 0xcc, 0x0, 0x79, 0x69, 0x0, 0xff,
    0xe0, 0xe2, 0x4d, 0xc4, 0x1a, 0x40, 0x3f, 0xf8,
    0x43, 0x72, 0x8e, 0x72, 0x1, 0xff, 0xc5, 0x6d,
    0x23, 0x90, 0xf, 0xfe, 0x31, 0x6a, 0xb5, 0x80,
    0x7f, 0xf1, 0xe9, 0xe0, 0x3, 0xe0,

    /* U+4F0F "伏" */
    0x0, 0xf2, 0x88, 0x6, 0x17, 0x20, 0xf, 0xfe,
    0x1, 0xd2, 0x0, 0x63, 0x87, 0x5, 0x60, 0xf,
    0xe9, 0x25, 0x0, 0xfc, 0x52, 0x60, 0x1f, 0x12,
    0xd8, 0x7, 0xf3, 0xa6, 0x80, 0x7d, 0x2, 0xc0,
    0x1f, 0xea, 0x9, 0x0, 0xe4, 0x59, 0x0, 0xff,
    0x86, 0xf0, 0x3, 0xa8, 0x4, 0x3, 0xf0, 0x80,
    0x4a, 0xa0, 0xd, 0x42, 0x0, 0x1f, 0xfe, 0xd0,
    0xbf, 0xfe, 0xd0, 0x3, 0xab, 0x80, 0x6, 0x23,
    0x94, 0xe, 0x23, 0xa8, 0xa, 0x16, 0x40, 0x27,
    0x7e, 0xd0, 0x3, 0xbf, 0x80, 0x9a, 0x80, 0x3f,
    0xb4, 0xc, 0x40, 0x3e, 0x90, 0xf, 0xf3, 0x98,
    0x20, 0x7, 0xff, 0x14, 0x89, 0x69, 0xe0, 0x1f,
    0xfc, 0x5a, 0x5, 0xd5, 0x20, 0xf, 0xfe, 0x23,
    0x21, 0x38, 0x58, 0x7, 0xff, 0xe, 0x7, 0xc0,
    0x5d, 0x88, 0x3, 0xff, 0x82, 0x6e, 0x68, 0x0,
    0x90, 0xe0, 0xf, 0xfe, 0xf, 0x6, 0x80, 0x43,
    0x27, 0x0, 0x1f, 0xf6, 0x15, 0x8, 0x6, 0x66,
    0x3c, 0x80, 0x7e, 0x1c, 0x3a, 0x50, 0xf, 0x4a,
    0x36, 0x0, 0x7e, 0x7a, 0x50, 0xf, 0xd6, 0xe8,
    0x0,

    /* U+4F20 "传" */
    0x0, 0xe1, 0x40, 0xe, 0x25, 0x0, 0xff, 0xe0,
    0x35, 0x88, 0x6, 0xab, 0x0, 0xff, 0xe0, 0x4b,
    0x8, 0x6, 0x44, 0x0, 0x7f, 0xca, 0x36, 0xbf,
    0xf8, 0xd7, 0xff, 0xb8, 0x3, 0xad, 0x49, 0xe6,
    0x65, 0x8, 0x99, 0xe8, 0x0, 0xce, 0x32, 0x4,
    0xcd, 0x18, 0xbb, 0x37, 0x80, 0x22, 0x80, 0x30,
    0xe, 0x44, 0x0, 0x7f, 0xb8, 0x2, 0x47, 0x7c,
    0x42, 0xef, 0xf8, 0x28, 0xcc, 0x0, 0xc9, 0x9a,
    0x1, 0x66, 0x7e, 0xa6, 0x56, 0xa0, 0x4, 0x77,
    0x48, 0x7d, 0xdf, 0xb5, 0xd6, 0x40, 0x3e, 0x4b,
    0x0, 0xfe, 0x1a, 0x0, 0xf9, 0x43, 0x99, 0xbe,
    0x0, 0xff, 0xbc, 0x1a, 0x67, 0xe4, 0x0, 0xff,
    0x57, 0xff, 0xa4, 0x21, 0x0, 0x3f, 0xf8, 0x89,
    0x2c, 0xe0, 0x1f, 0xfc, 0x15, 0x0, 0x1d, 0xa4,
    0x80, 0x7f, 0xf0, 0x52, 0xb1, 0x34, 0xec, 0x3,
    0xff, 0x84, 0x98, 0x56, 0x1a, 0x1, 0xff, 0xc4,
    0x3f, 0x51, 0x80, 0xf, 0xfe, 0x28, 0xd3, 0xb5,
    0x80, 0x7f, 0xf1, 0xa2, 0x2, 0x1, 0xf3, 0x78,
    0x7, 0xf9, 0xe8, 0x3, 0x0,

    /* U+4F4D "位" */
    0x0, 0xf1, 0x80, 0x70, 0xb0, 0x7, 0xff, 0x7,
    0x64, 0x3, 0x1c, 0xa8, 0x7, 0xfc, 0xc3, 0x0,
    0x18, 0x89, 0xc0, 0x1f, 0xf5, 0xb0, 0x80, 0x72,
    0xa0, 0x7, 0xf9, 0x8a, 0xc1, 0x59, 0xb7, 0xc3,
    0x37, 0x0, 0x61, 0x85, 0x20, 0x89, 0x9d, 0x10,
    0x99, 0xe0, 0xd, 0x62, 0x40, 0xd, 0xff, 0xff,
    0x80, 0x25, 0x50, 0x7, 0xb, 0x0, 0x7a, 0x50,
    0x2, 0x3a, 0x40, 0xe, 0x59, 0x20, 0xc, 0x2c,
    0x60, 0x16, 0x95, 0x0, 0x72, 0x83, 0x80, 0x62,
    0x3, 0x0, 0x9b, 0xc4, 0x3, 0x84, 0x5a, 0x1,
    0x94, 0x14, 0x2, 0x82, 0x0, 0xf9, 0x50, 0x3,
    0x78, 0x88, 0x3, 0xff, 0x80, 0x66, 0x0, 0xc4,
    0xa0, 0x1f, 0xfc, 0x1d, 0x1, 0x0, 0x94, 0xc0,
    0x3f, 0xf8, 0x2c, 0xa, 0x0, 0x21, 0xc0, 0xf,
    0xfe, 0x9, 0x1, 0x0, 0x1c, 0x14, 0x3, 0xff,
    0x82, 0x21, 0xc0, 0xc, 0x21, 0x0, 0xff, 0xe1,
    0x5c, 0x80, 0x11, 0x40, 0x3f, 0xe6, 0x77, 0x8d,
    0x9d, 0xc4, 0x47, 0x7c, 0x1, 0xf5, 0x44, 0x7c,
    0xb, 0x11, 0x80, 0x3e, 0xcf, 0xff, 0xfe, 0x8,

    /* U+4F4F "住" */
    0x0, 0xf1, 0x80, 0x71, 0xa0, 0x7, 0xff, 0xb,
    0x64, 0x3, 0x55, 0x4, 0x3, 0xff, 0x80, 0xc3,
    0x60, 0x1a, 0x6, 0x0, 0x3f, 0xf8, 0x16, 0xa4,
    0x1, 0x85, 0x98, 0x20, 0x1f, 0xe6, 0x28, 0x1,
    0x1e, 0xa7, 0x31, 0x1e, 0x0, 0xe8, 0x52, 0x8e,
    0xee, 0xc7, 0xde, 0xed, 0xa0, 0x1a, 0x84, 0x82,
    0xae, 0xf8, 0xc6, 0xef, 0xa0, 0x2, 0x55, 0x0,
    0x44, 0x89, 0xcc, 0x68, 0x9e, 0x0, 0x1d, 0x18,
    0x7, 0xff, 0x1f, 0x47, 0x40, 0x3f, 0xf8, 0xe9,
    0x42, 0x1, 0xff, 0xc7, 0xa4, 0x0, 0xe6, 0x77,
    0xcc, 0x6e, 0xfc, 0x20, 0x1f, 0xd5, 0x11, 0x8c,
    0x62, 0x38, 0xc0, 0x3f, 0xb3, 0xff, 0x29, 0x7f,
    0xf1, 0x0, 0x7f, 0xff, 0xc0, 0x3f, 0xf9, 0x2,
    0xef, 0xf1, 0xbb, 0xf8, 0x40, 0x3c, 0x71, 0x1e,
    0x21, 0x88, 0xf1, 0x80, 0x78, 0xbf, 0xff, 0xf8,
    0x44,

    /* U+4F53 "体" */
    0x0, 0xff, 0xe7, 0xd5, 0x80, 0x71, 0x79, 0x80,
    0x7f, 0xc2, 0xb8, 0x1, 0xff, 0xc7, 0x90, 0x60,
    0xf, 0xfe, 0x3b, 0xb8, 0x40, 0x3f, 0xf8, 0xce,
    0x12, 0xff, 0xfd, 0xa1, 0x9f, 0xfd, 0xc0, 0x10,
    0xc0, 0xa, 0x44, 0x66, 0x0, 0x96, 0x23, 0x80,
    0x2a, 0x0, 0x8d, 0xdf, 0x8, 0x80, 0x85, 0xdf,
    0x30, 0x1, 0xd1, 0x0, 0x1f, 0x3c, 0x85, 0x21,
    0x0, 0x70, 0xc3, 0x68, 0x7, 0x9c, 0x54, 0xc,
    0xd6, 0x1, 0xc3, 0x12, 0x1, 0xe1, 0x88, 0x0,
    0x1e, 0x58, 0x80, 0x39, 0xc0, 0x3e, 0x82, 0x60,
    0x9, 0x4e, 0x40, 0x3f, 0xf8, 0x8, 0xd0, 0x1,
    0xd0, 0x8c, 0x1, 0xfe, 0x1a, 0x45, 0x0, 0xe4,
    0x59, 0x30, 0xf, 0xc3, 0x81, 0x40, 0x1f, 0x50,
    0xe9, 0x0, 0x78, 0x70, 0xab, 0xfe, 0xd0, 0xcf,
    0xf7, 0x68, 0xe0, 0x80, 0x70, 0xb5, 0xa4, 0x4c,
    0x9c, 0x1a, 0x65, 0x7, 0x68, 0x20, 0x1e, 0xb4,
    0x6, 0x6a, 0x82, 0x99, 0xa0, 0x4a, 0x0, 0xff,
    0xf7, 0x8, 0x7, 0xe0,

    /* U+4F5C "作" */
    0x0, 0xf3, 0x18, 0x4, 0x62, 0x1, 0xff, 0xc2,
    0x19, 0x40, 0xb, 0xa8, 0x3, 0xff, 0x85, 0x22,
    0xe0, 0x4, 0x2f, 0x0, 0xff, 0xe0, 0x8b, 0x30,
    0x2, 0xf2, 0x40, 0xf, 0xfe, 0xc, 0x8c, 0x80,
    0x9, 0xb, 0xff, 0xf8, 0x3, 0x13, 0xb0, 0x80,
    0x2c, 0x61, 0x42, 0x23, 0xe0, 0xd, 0xc0, 0x20,
    0x3, 0x6b, 0x7c, 0x6, 0x77, 0xf0, 0x4, 0xe6,
    0x1, 0xb8, 0xd4, 0x3, 0xff, 0x80, 0xb0, 0x80,
    0x15, 0x17, 0x80, 0x7f, 0xf0, 0x68, 0xac, 0x0,
    0x29, 0x26, 0x1, 0xbb, 0xff, 0x9c, 0x1, 0x1e,
    0x1, 0xf, 0xb0, 0x7, 0x4d, 0x57, 0x28, 0x1,
    0xc8, 0x3, 0x8, 0x7, 0x9d, 0x57, 0x88, 0x3,
    0xff, 0xb2, 0x42, 0x3e, 0x0, 0xff, 0xe1, 0xe7,
    0x77, 0x68, 0x7, 0xff, 0xe, 0xae, 0xfb, 0xc0,
    0x3f, 0xf8, 0x68, 0x9e, 0x30, 0xf, 0xff, 0xf8,
    0x7, 0xff, 0x8,

    /* U+4FDD "保" */
    0x0, 0xf1, 0x80, 0x7f, 0xf2, 0xb, 0x15, 0x19,
    0xbf, 0xc8, 0x1, 0xf5, 0x92, 0xf4, 0xcf, 0xfb,
    0xc0, 0x3c, 0x4d, 0x0, 0x4, 0xff, 0xfc, 0x80,
    0x1f, 0x41, 0x28, 0x7, 0xff, 0x19, 0x16, 0x0,
    0x3f, 0xf8, 0xc3, 0x40, 0x20, 0x1f, 0xfc, 0x6a,
    0x10, 0xe, 0x4f, 0xff, 0xc8, 0x1, 0xa1, 0x24,
    0x3, 0x74, 0xce, 0x22, 0x4c, 0xef, 0x0, 0x23,
    0xb9, 0x0, 0x32, 0x33, 0x61, 0x66, 0xe4, 0x0,
    0x23, 0x40, 0x7, 0xff, 0x22, 0x40, 0x31, 0x33,
    0x78, 0x59, 0xbe, 0x0, 0xf9, 0xe6, 0x7c, 0x44,
    0x99, 0xe8, 0x0, 0xf9, 0x7f, 0xf6, 0x80, 0x43,
    0xdf, 0xf7, 0x0, 0x7f, 0xf0, 0x39, 0x4d, 0xa,
    0xc0, 0x3f, 0xf8, 0x76, 0x34, 0x0, 0xd4, 0x80,
    0xf, 0xfe, 0xd, 0x27, 0x80, 0x43, 0x4e, 0xe0,
    0xf, 0xf0, 0xe2, 0xd9, 0x0, 0x64, 0x88, 0x48,
    0x7, 0xe6, 0xe2, 0xc4, 0x0, 0xf3, 0xc3, 0x61,
    0x0, 0x78, 0xd3, 0xcc, 0x3, 0xf3, 0xd8, 0x18,
    0x6, 0x10, 0x5b, 0x10, 0xf, 0xf2, 0x60, 0x80,

    /* U+4FE1 "信" */
    0x0, 0xe2, 0x50, 0xe, 0x44, 0x0, 0x7f, 0xf0,
    0x22, 0x0, 0x1d, 0xd4, 0x20, 0x1f, 0xe1, 0x5b,
    0x0, 0xeb, 0x19, 0x0, 0xff, 0x48, 0xb0, 0x7,
    0xc, 0x70, 0x7, 0xf9, 0xa4, 0x7f, 0xfd, 0x13,
    0xff, 0xda, 0x1, 0x30, 0xa8, 0xdd, 0xff, 0xf0,
    0x64, 0x0, 0x30, 0x6, 0x8, 0x9f, 0xfc, 0x20,
    0x5, 0x88, 0x6, 0x6d, 0xdf, 0xf0, 0x80, 0x15,
    0x4e, 0x1, 0x92, 0x23, 0xfc, 0x20, 0x34, 0x96,
    0x1, 0x89, 0x57, 0xfc, 0x0, 0x14, 0xa0, 0xe,
    0x24, 0x4f, 0xf0, 0x5, 0x62, 0x1, 0xcb, 0x55,
    0xfe, 0x20, 0xf, 0xe7, 0xee, 0xff, 0x10, 0x7,
    0xf1, 0xa2, 0x7f, 0x84, 0x3, 0xfb, 0xee, 0xff,
    0xc8, 0x1, 0xfe, 0x7f, 0xff, 0xc0, 0x1f, 0xfe,
    0xa2, 0x44, 0xfc, 0x1, 0xff, 0xc0, 0x5b, 0xbf,
    0xc0, 0x1f, 0xfc, 0x7, 0xff, 0xfc, 0x20, 0x1c,
    0x7e, 0x20, 0xc, 0x80, 0xf, 0xdc, 0xa0,

    /* U+503C "值" */
    0x0, 0xe1, 0x30, 0xf, 0x2a, 0x0, 0x7f, 0xf0,
    0x1b, 0x4, 0x3, 0xaf, 0x80, 0x3f, 0xf8, 0x12,
    0xe0, 0x45, 0xc2, 0x45, 0xe0, 0xf, 0x30, 0xce,
    0xef, 0x81, 0xf7, 0x79, 0x40, 0x3a, 0xd8, 0x7b,
    0x77, 0x38, 0x66, 0xef, 0x28, 0x6, 0x52, 0xb0,
    0x22, 0xf2, 0x19, 0x17, 0x0, 0x75, 0x81, 0x0,
    0x23, 0xba, 0x54, 0xee, 0xe0, 0xe, 0x91, 0x0,
    0xc2, 0x75, 0x4b, 0xb5, 0x54, 0xc2, 0x1, 0x95,
    0x8c, 0x3, 0x85, 0x13, 0xed, 0x0, 0xc3, 0x49,
    0x40, 0x1c, 0x28, 0x9f, 0x68, 0x6, 0x15, 0xa0,
    0xf, 0x14, 0x47, 0xcc, 0x1, 0xd4, 0x20, 0x1e,
    0x3c, 0xcf, 0xac, 0x3, 0xff, 0x84, 0x45, 0xf8,
    0x3, 0xff, 0x82, 0x79, 0x9f, 0x40, 0x7, 0xff,
    0x4, 0xfb, 0xbe, 0xa0, 0xf, 0xfe, 0x11, 0x17,
    0xe0, 0xf, 0xfe, 0x9, 0xee, 0xfd, 0x0, 0x1f,
    0xfc, 0x13, 0xff, 0xfa, 0x80, 0x3f, 0xc4, 0x66,
    0x13, 0x3f, 0xb4, 0x10, 0xc0, 0x3e, 0x9c, 0x52,
    0xcc, 0xf9, 0xc2, 0xf0, 0x3, 0xeb, 0xff, 0xff,
    0xe1, 0x0,

    /* U+5047 "假" */
    0x0, 0xc2, 0x1, 0xff, 0xc9, 0xbc, 0x15, 0x5f,
    0xa, 0xaf, 0x80, 0x3c, 0xb6, 0x55, 0x77, 0x55,
    0x95, 0x57, 0x58, 0x7, 0x28, 0x28, 0x3, 0x3b,
    0x94, 0x7, 0xff, 0xa0, 0x3, 0xde, 0x44, 0x0,
    0xff, 0xe3, 0xaa, 0x80, 0x3f, 0xf8, 0xec, 0x1e,
    0x1, 0xff, 0xc7, 0x80, 0xe, 0xdf, 0xf5, 0x1,
    0xff, 0xe8, 0x0, 0xce, 0x20, 0x1d, 0x37, 0x75,
    0x15, 0xdf, 0x68, 0x0, 0x61, 0x84, 0x3, 0x22,
    0x70, 0xa2, 0x71, 0x80, 0x4, 0xe4, 0x3, 0x9c,
    0xce, 0x1b, 0xee, 0xf0, 0x80, 0x30, 0x3, 0xd5,
    0x99, 0x2e, 0x85, 0xdc, 0x86, 0x20, 0x1f, 0xd9,
    0xff, 0x23, 0x8b, 0xaa, 0x99, 0x40, 0x3f, 0xc2,
    0x1, 0x85, 0x28, 0x8, 0xf0, 0x3, 0xfc, 0x20,
    0x1d, 0xce, 0x30, 0x68, 0x1, 0xfe, 0xcf, 0xfa,
    0x1, 0x4b, 0x57, 0xc0, 0x3f, 0xea, 0xcc, 0xa4,
    0x1, 0x66, 0xa6, 0x1, 0xff, 0x39, 0x9c, 0x20,
    0x50, 0xa, 0x60, 0x1f, 0xfc, 0x44, 0xc2, 0xd3,
    0xd3, 0x0, 0xff, 0xe0, 0x95, 0xd9, 0x30, 0xb4,
    0xb2, 0x80, 0x3f, 0x8, 0x4, 0xcf, 0x74, 0x0,
    0x1c, 0x82, 0x0, 0xdc, 0xe0, 0x7c, 0x40, 0x4,
    0xc4, 0x0, 0xe7, 0x80,

    /* U+505C "停" */
    0x0, 0xf1, 0x0, 0x70, 0xa0, 0x7, 0xff, 0x1,
    0xf4, 0x40, 0x32, 0x59, 0x80, 0x7f, 0xd2, 0xca,
    0x89, 0x80, 0x7d, 0x13, 0xc0, 0x19, 0x86, 0xe6,
    0xef, 0x50, 0x9d, 0xdf, 0x48, 0x6, 0xb5, 0x2d,
    0xff, 0xff, 0xe0, 0x68, 0x4, 0xa5, 0x0, 0x3,
    0xff, 0xff, 0x0, 0x61, 0xb1, 0x20, 0xd, 0x9b,
    0xbe, 0x70, 0xe, 0xb1, 0x0, 0xf1, 0x17, 0xdc,
    0x1, 0x9d, 0x4c, 0x3, 0xdd, 0xff, 0xe9, 0x0,
    0x86, 0x1a, 0x80, 0x31, 0xee, 0xff, 0x80, 0x3,
    0x12, 0x1, 0x91, 0xc, 0xdf, 0xe4, 0x30, 0x70,
    0xc, 0x57, 0x7f, 0xfc, 0x1e, 0x0, 0xfd, 0xdf,
    0xff, 0xe8, 0x0, 0xfe, 0x24, 0x4f, 0xe3, 0x0,
    0xfc, 0x58, 0xf7, 0x7f, 0xda, 0xdc, 0x1, 0xf1,
    0xa7, 0xfe, 0x17, 0xff, 0xb8, 0x4c, 0x3, 0xff,
    0xfa, 0x89, 0x8, 0x7, 0xff, 0x16, 0xae, 0xc7,
    0x40, 0x1f, 0xcd, 0xc0, 0x1d, 0xdf, 0xec, 0x20,
    0xf, 0x0,

    /* U+50A8 "储" */
    0x0, 0xc4, 0x80, 0x1f, 0x9c, 0x80, 0x3f, 0xaa,
    0x40, 0x40, 0x3d, 0xc, 0x1, 0x3a, 0x0, 0x66,
    0xa5, 0xf2, 0x0, 0xfe, 0x28, 0x10, 0x9, 0x5,
    0x56, 0xc1, 0xf, 0xf8, 0x2f, 0xfa, 0x9, 0x40,
    0x2e, 0x32, 0xb, 0x3b, 0xa, 0xa8, 0x1e, 0x9d,
    0x60, 0x2, 0x15, 0xb0, 0xb, 0xa0, 0x15, 0x60,
    0xc5, 0x74, 0x50, 0xa, 0x40, 0x40, 0x23, 0x20,
    0xf, 0x50, 0xd0, 0x4, 0x2e, 0x0, 0x36, 0x62,
    0x83, 0xdd, 0xc1, 0x2a, 0x35, 0x76, 0xa, 0x20,
    0x5, 0x4c, 0xac, 0x4, 0x71, 0x11, 0x10, 0x23,
    0x22, 0x38, 0x42, 0x7e, 0x40, 0xd, 0x54, 0xf2,
    0x6b, 0xaa, 0xc9, 0x6, 0x1, 0x8c, 0x3, 0x35,
    0x2c, 0x80, 0x79, 0xc0, 0x3f, 0xd, 0x48, 0x2f,
    0xff, 0x0, 0x7f, 0x87, 0xd4, 0x8e, 0xef, 0x38,
    0x7, 0xfc, 0x33, 0xa8, 0xc8, 0x9b, 0x40, 0x3f,
    0xf8, 0xe, 0x40, 0x24, 0x5c, 0x1, 0xff, 0xc3,
    0x4d, 0xdd, 0x0, 0x1f, 0xc6, 0x3, 0x6, 0xb,
    0xff, 0xa8, 0x3, 0xfb, 0x87, 0x90, 0x40, 0x3f,
    0xf8, 0x8c, 0x33, 0x84, 0xb, 0xff, 0xa8, 0x3,
    0xfa, 0x3d, 0x80, 0x23, 0xbb, 0xce, 0x1, 0xfc,
    0xc2, 0x1, 0x99, 0x13, 0x68, 0x80, 0x6e, 0x60,
    0xf, 0xa6, 0x80, 0x32, 0xf0, 0x0,

    /* U+50B3 "傳" */
    0x0, 0xe1, 0x40, 0xf, 0x21, 0x0, 0x7f, 0xf0,
    0x1a, 0xc4, 0x3, 0xaa, 0x80, 0x1f, 0xfc, 0x9,
    0x5f, 0xee, 0xe1, 0x7e, 0xee, 0xc0, 0xe, 0x61,
    0x8d, 0xdf, 0xa, 0xee, 0xf7, 0x80, 0x74, 0x29,
    0x19, 0xf8, 0x8, 0xcf, 0xc0, 0x19, 0xc6, 0x40,
    0xbf, 0xdd, 0xd0, 0xbf, 0x75, 0xfc, 0x1, 0x8a,
    0x0, 0xc0, 0x2c, 0xee, 0x85, 0xfb, 0xa8, 0x0,
    0xee, 0x0, 0xf6, 0x7f, 0xc2, 0xff, 0xf4, 0x0,
    0x6a, 0x36, 0x0, 0xec, 0xff, 0x85, 0xff, 0xe8,
    0x0, 0x99, 0x67, 0xc0, 0x39, 0x88, 0xa0, 0x12,
    0x2b, 0x80, 0x24, 0x56, 0x0, 0xc6, 0x51, 0xff,
    0xb, 0xfe, 0x6b, 0x90, 0x0, 0xa8, 0x3, 0x87,
    0x77, 0x85, 0xb7, 0x14, 0xfc, 0x3, 0xf1, 0x77,
    0x3f, 0xf0, 0xbf, 0xea, 0x96, 0x28, 0x7, 0xc5,
    0x54, 0xcc, 0x6e, 0xbb, 0x9e, 0xe3, 0xf5, 0xc0,
    0x1f, 0x10, 0x1, 0xdc, 0xcc, 0x55, 0x21, 0x2,
    0xf, 0x80, 0x7d, 0x17, 0x7f, 0xca, 0x37, 0x70,
    0x80, 0x7a, 0xbf, 0xc9, 0x5f, 0xfc, 0xe3, 0xff,
    0x8, 0x7, 0xf1, 0xd3, 0x0, 0x7f, 0xf1, 0xe1,
    0xe5, 0x0, 0x3f, 0xf8, 0xf0, 0xcc, 0x33, 0x88,
    0xc0, 0x3e, 0x31, 0x0, 0xf4, 0x95, 0xe6, 0x1e,
    0xc0, 0x30,

    /* U+5132 "儲" */
    0x0, 0xff, 0xe1, 0x88, 0x7, 0xf9, 0xf4, 0xe,
    0x40, 0x38, 0xf8, 0x2, 0x33, 0x0, 0x75, 0x20,
    0x13, 0xb0, 0x7, 0xf7, 0x58, 0x6, 0x32, 0xa0,
    0x18, 0xa0, 0x2, 0x4c, 0x82, 0x64, 0xa5, 0x40,
    0x1a, 0x88, 0xce, 0x58, 0x33, 0x9, 0x88, 0x19,
    0xa5, 0x8, 0x3, 0x32, 0x8e, 0x65, 0x79, 0xab,
    0x50, 0x15, 0x27, 0x0, 0x19, 0xc3, 0x47, 0xff,
    0xb8, 0x3, 0xf, 0xa1, 0x80, 0x43, 0x20, 0x11,
    0x22, 0x62, 0x44, 0x82, 0x4f, 0x11, 0x0, 0x8,
    0x10, 0x9, 0x2a, 0xb2, 0xd5, 0xc0, 0x38, 0x45,
    0xd8, 0x51, 0xa0, 0x40, 0xd, 0xdd, 0x9f, 0xbf,
    0x89, 0x3f, 0xf0, 0xb2, 0x38, 0x4, 0x71, 0x19,
    0x0, 0x70, 0x6c, 0x3, 0x8a, 0xc0, 0x33, 0x88,
    0xf1, 0xe1, 0x1f, 0xfe, 0x40, 0xf, 0x92, 0x67,
    0x6, 0x30, 0x45, 0xda, 0x80, 0x3f, 0x95, 0xdf,
    0x14, 0x58, 0x1a, 0x21, 0x40, 0x3f, 0xbe, 0x73,
    0x15, 0x8e, 0x0, 0x34, 0x48, 0x3, 0xfc, 0xd7,
    0x6a, 0x0, 0xd1, 0x77, 0x0, 0x7f, 0xf1, 0xaf,
    0xfe, 0x0, 0xff, 0xea, 0x36, 0xea, 0x40, 0x36,
    0x2a, 0xc0, 0x1f, 0xe5, 0xbb, 0x28, 0x6, 0x7b,
    0xb8, 0x3, 0xf8, 0xb5, 0x99, 0x80, 0x1a, 0xfb,
    0xa2, 0x0, 0x0,

    /* U+5145 "充" */
    0x0, 0xfe, 0x62, 0x0, 0xff, 0xe3, 0xc7, 0x0,
    0x7f, 0xf1, 0xec, 0xdc, 0x3, 0xff, 0x8c, 0xa9,
    0xe0, 0x1f, 0xc9, 0xff, 0xfc, 0x8f, 0xff, 0xf5,
    0x83, 0x44, 0x73, 0x0, 0xc4, 0x7f, 0xb4, 0x9,
    0xdf, 0x94, 0x35, 0xdf, 0xb, 0xbf, 0x30, 0x7,
    0xa4, 0xe8, 0xc0, 0x23, 0x8c, 0x10, 0xf, 0xe7,
    0x68, 0x50, 0xc, 0x78, 0x3e, 0x60, 0x1f, 0x3c,
    0x41, 0xc0, 0x38, 0x4f, 0x83, 0xc, 0x3, 0xaa,
    0x3, 0x31, 0xbd, 0xcf, 0xf7, 0x73, 0x4, 0x30,
    0xc0, 0x38, 0x4c, 0x1c, 0x96, 0x65, 0x0, 0xd9,
    0xba, 0x1d, 0x10, 0xa, 0xbb, 0x2f, 0xc3, 0xdd,
    0x98, 0x1c, 0x64, 0x4d, 0xb1, 0x0, 0xf8, 0x81,
    0x80, 0x3f, 0x1a, 0x80, 0x7e, 0xf0, 0x20, 0xf,
    0xfe, 0x33, 0xa0, 0x7, 0xf8, 0x44, 0x1, 0xe6,
    0x1f, 0x0, 0xff, 0x17, 0x10, 0x6, 0x18, 0x14,
    0x0, 0xff, 0x38, 0x7, 0x16, 0xd, 0x0, 0x7f,
    0xc4, 0x4, 0x3, 0x1a, 0x54, 0x80, 0x18, 0x42,
    0xd9, 0xb5, 0x98, 0x1f, 0x3a, 0x6a, 0x80, 0x7a,
    0xa, 0x67, 0x7, 0x81, 0xce, 0xd9, 0x0, 0x7c,
    0xfd, 0xff, 0xb4, 0xc0,

    /* U+5149 "光" */
    0x0, 0xff, 0x2a, 0x80, 0x3f, 0xf8, 0x44, 0x1,
    0xdd, 0x20, 0x1c, 0x88, 0x0, 0xf4, 0x68, 0x80,
    0x7f, 0xd1, 0x40, 0x1e, 0x90, 0x80, 0xf, 0xf1,
    0x9a, 0x0, 0x3c, 0x30, 0xc4, 0x1, 0xfd, 0x2,
    0xc0, 0x1f, 0x38, 0x58, 0x7, 0xe3, 0x4b, 0x0,
    0xfe, 0x66, 0x8, 0x7, 0xde, 0x6a, 0x1, 0xfd,
    0x72, 0x20, 0x1f, 0x4f, 0x0, 0x7f, 0x89, 0x80,
    0x3f, 0x29, 0x0, 0x7a, 0xbf, 0xff, 0x21, 0xff,
    0xfe, 0xe0, 0x7, 0x4c, 0xf1, 0xc, 0xce, 0x4,
    0x99, 0xe8, 0x0, 0x23, 0x37, 0x2, 0xb3, 0x61,
    0x36, 0x6f, 0x0, 0x7e, 0x23, 0x0, 0xff, 0xe3,
    0x90, 0x70, 0x7, 0xff, 0x1e, 0x81, 0x0, 0x3f,
    0xf8, 0xec, 0x64, 0x1, 0xff, 0xc6, 0x61, 0xa0,
    0xf, 0xf8, 0xf8, 0x40, 0x32, 0x49, 0xb0, 0x7,
    0xfc, 0xe2, 0x1, 0x9e, 0xc7, 0x80, 0x3e, 0x10,
    0xc, 0x40, 0x20, 0xfd, 0x9, 0xe4, 0x1, 0xe3,
    0x47, 0x66, 0xad, 0x0, 0x1c, 0xb7, 0x61, 0x0,
    0xfa, 0xe, 0x26, 0x60, 0x80, 0x4, 0xda, 0x0,
    0x7f, 0x2f, 0x7f, 0xed, 0x30,

    /* U+5165 "入" */
    0x0, 0xfa, 0x84, 0x3, 0xff, 0x8e, 0x4b, 0xe6,
    0x1, 0xff, 0xc6, 0x2d, 0xc, 0x20, 0xf, 0xfe,
    0x31, 0x60, 0xf8, 0x7, 0xff, 0x1c, 0xa8, 0xa4,
    0x3, 0xff, 0x8e, 0x80, 0xc6, 0x1, 0xff, 0xc6,
    0x50, 0x4, 0x0, 0x7f, 0xf1, 0xbc, 0x1d, 0x10,
    0x1, 0xff, 0xc5, 0x43, 0x82, 0x80, 0xf, 0xfe,
    0x22, 0xd, 0x4, 0x1a, 0x80, 0x7f, 0xf0, 0xe0,
    0x1c, 0x14, 0xa0, 0x3, 0xff, 0x84, 0x86, 0xc2,
    0x0, 0x82, 0x60, 0xf, 0xfe, 0xc, 0xc, 0x0,
    0x4a, 0x70, 0x20, 0x1f, 0xf3, 0x9c, 0x88, 0x6,
    0x81, 0x80, 0xf, 0xf2, 0xc1, 0xb8, 0x7, 0x23,
    0x34, 0x1, 0xf8, 0xe8, 0x74, 0x3, 0xe9, 0x29,
    0x40, 0xf, 0x2e, 0xe, 0x8, 0x7, 0xef, 0xb,
    0x60, 0x8, 0x6a, 0x83, 0xa4, 0x1, 0xfc, 0x56,
    0x13, 0x40, 0xa, 0x54, 0xf3, 0x0, 0xff, 0x93,
    0x9, 0x80, 0x17, 0x56, 0x20, 0x1f, 0xfc, 0x13,
    0xdf, 0x0,

    /* U+516D "六" */
    0x0, 0xfe, 0x20, 0xf, 0xfe, 0x3c, 0xe8, 0x80,
    0x7f, 0xf1, 0xa8, 0x20, 0x3, 0xff, 0x8c, 0x68,
    0xc2, 0x1, 0xff, 0xc6, 0xf0, 0x60, 0xf, 0xfe,
    0x32, 0x29, 0x0, 0x7f, 0x24, 0x47, 0xf1, 0x6c,
    0x47, 0xe0, 0xc7, 0x7f, 0xfe, 0x33, 0x4, 0x7f,
    0xff, 0xf1, 0xb8, 0x3, 0xff, 0xa0, 0x60, 0x1e,
    0x51, 0x0, 0xff, 0x9f, 0x18, 0x3, 0x15, 0x58,
    0x7, 0xf8, 0x60, 0x98, 0x3, 0x14, 0x2b, 0x0,
    0x7f, 0x40, 0x48, 0x7, 0x9c, 0xe4, 0x80, 0x3e,
    0x26, 0x34, 0x0, 0xfb, 0x83, 0x80, 0x3e, 0x90,
    0xf0, 0xf, 0xc5, 0x6, 0xe0, 0x1c, 0xc8, 0xc6,
    0x1, 0xfc, 0xe7, 0x4, 0x1, 0x14, 0x8c, 0x80,
    0x7f, 0xde, 0x1c, 0x0, 0x1f, 0xa, 0x0, 0xff,
    0xe0, 0x1b, 0x1b, 0x4, 0x94, 0x20, 0x7, 0xff,
    0x6, 0x6, 0xc2, 0x29, 0xc0, 0x3f, 0xf8, 0x43,
    0xba, 0x0,

    /* U+5173 "关" */
    0x0, 0xff, 0xe6, 0xb6, 0x0, 0x7e, 0x5e, 0x40,
    0xf, 0xca, 0x70, 0x1, 0xf4, 0x1a, 0x0, 0x7e,
    0x37, 0x71, 0x0, 0x72, 0x94, 0x80, 0x7f, 0xa4,
    0x28, 0x3, 0xad, 0x50, 0x3, 0xe7, 0x79, 0x90,
    0x1d, 0xf5, 0x89, 0xbb, 0xc8, 0x1, 0xa6, 0x22,
    0x47, 0x88, 0xc8, 0xd, 0x11, 0x60, 0x6, 0xef,
    0xff, 0x38, 0x77, 0xff, 0xa0, 0x3, 0xff, 0xc2,
    0x45, 0xfc, 0x4, 0x5f, 0x84, 0xf, 0x77, 0xf2,
    0x86, 0x6e, 0xfe, 0x2, 0xbb, 0xfa, 0x80, 0x7,
    0x77, 0xf7, 0x80, 0xa2, 0x7c, 0x60, 0x66, 0x4,
    0x4f, 0x18, 0x7, 0xe1, 0x81, 0xc3, 0x90, 0xf,
    0xfe, 0x1e, 0x8d, 0x87, 0x16, 0x8, 0x7, 0xfc,
    0x38, 0x70, 0xa0, 0x56, 0x7a, 0x20, 0x1f, 0xcd,
    0xc7, 0xe, 0x1, 0x25, 0x9f, 0x30, 0x7, 0x9b,
    0xa4, 0xb1, 0xc0, 0x39, 0x34, 0xe7, 0x5c, 0x41,
    0x3e, 0x4e, 0xb4, 0xc0, 0x3e, 0x2c, 0x90, 0x8f,
    0x4, 0x7b, 0xd5, 0x0, 0xff, 0x9b, 0x6f, 0x40,

    /* U+51B7 "冷" */
    0x0, 0xff, 0xe0, 0xa0, 0x7, 0xe1, 0x40, 0xf,
    0xe8, 0xb4, 0x0, 0xfa, 0x2c, 0x80, 0x3e, 0x27,
    0xe, 0x0, 0xfa, 0x4b, 0xc0, 0x3e, 0xf2, 0xa5,
    0x50, 0x7, 0xdc, 0x4e, 0x1, 0xd4, 0x5e, 0xb3,
    0x48, 0x1, 0xe3, 0x58, 0x10, 0xa, 0x96, 0xc8,
    0x19, 0x96, 0x60, 0x1e, 0x85, 0x0, 0xa9, 0x61,
    0x4, 0x1, 0x27, 0x8a, 0x1, 0xc5, 0x42, 0x58,
    0xb4, 0xe3, 0xd0, 0x0, 0xc4, 0xa8, 0x0, 0xf1,
    0xe9, 0x62, 0x80, 0xd3, 0xb8, 0x1, 0x6a, 0xf4,
    0x1, 0xc7, 0x1e, 0x60, 0x12, 0xbe, 0x80, 0x55,
    0x4b, 0x0, 0xf3, 0x89, 0x17, 0x5c, 0x11, 0xc,
    0x54, 0x40, 0x32, 0x80, 0x7, 0x77, 0xb3, 0x76,
    0xcc, 0x0, 0x72, 0x52, 0x0, 0xe6, 0x7e, 0x70,
    0xb0, 0xe, 0xe1, 0x40, 0x1, 0x9f, 0xc2, 0xe8,
    0xc0, 0x18, 0x55, 0x80, 0x3f, 0xde, 0x54, 0x1,
    0xcc, 0x14, 0x1, 0x86, 0x4, 0x1, 0x85, 0xe2,
    0x1, 0xd2, 0x84, 0x1, 0x8d, 0x7d, 0x6c, 0xec,
    0x80, 0x39, 0x87, 0xc0, 0x38, 0xb5, 0xe9, 0x29,
    0x0, 0x3d, 0x4, 0x80, 0x1f, 0x4d, 0x4, 0x10,
    0x7, 0xb6, 0x40, 0x3f, 0x97, 0x43, 0x8, 0x3,
    0x8d, 0x0, 0x3f, 0xc5, 0x92, 0x40, 0x18,

    /* U+51ED "凭" */
    0x0, 0xf1, 0x80, 0x7f, 0xf2, 0x13, 0x10, 0x3,
    0x89, 0x1e, 0x73, 0xd4, 0x3, 0xe9, 0x56, 0xab,
    0xdf, 0xf6, 0xdd, 0x8e, 0xec, 0x80, 0x1e, 0xa3,
    0xb3, 0x2d, 0x8b, 0xd0, 0x8c, 0xa7, 0x41, 0x0,
    0xe8, 0x58, 0x11, 0x43, 0x2a, 0x10, 0x7, 0xfd,
    0xe, 0x6, 0x2a, 0xbe, 0xd, 0x55, 0xe4, 0x0,
    0x53, 0xb8, 0x0, 0xb5, 0x5e, 0x5, 0xaa, 0xf0,
    0xb, 0x5c, 0x80, 0x13, 0xff, 0xc1, 0x1f, 0xfd,
    0xc0, 0x38, 0x80, 0x1f, 0xfc, 0xe2, 0x55, 0xe0,
    0xd5, 0x5e, 0x20, 0xf, 0xcb, 0x55, 0xc0, 0xb5,
    0x5c, 0xa0, 0x1c, 0xac, 0xf, 0xff, 0xff, 0xc0,
    0x70, 0xc, 0x34, 0x68, 0x9f, 0xe0, 0xf, 0xfe,
    0x5, 0xdf, 0xf8, 0x40, 0x3f, 0xf8, 0x11, 0xff,
    0xe9, 0x0, 0xff, 0xe0, 0x10, 0x8, 0x7, 0x8c,
    0x3, 0xff, 0x80, 0xe0, 0xa0, 0x1f, 0xfc, 0x4,
    0x0, 0xf4, 0x11, 0x80, 0x7f, 0xf0, 0x2d, 0x40,
    0x21, 0xc2, 0x90, 0xf, 0xfe, 0x10, 0x80, 0xbf,
    0x9d, 0x20, 0x7, 0xc2, 0x12, 0xaa, 0x80, 0x60,
    0xa8, 0x4d, 0x50, 0xf, 0xc8, 0x6f, 0x54, 0x76,
    0x20, 0xae, 0xa2, 0x0, 0xff, 0x67, 0xfe, 0x90,

    /* U+51FA "出" */
    0x0, 0xfc, 0xc8, 0x1, 0xff, 0xc4, 0x8e, 0x0,
    0xfe, 0x45, 0x0, 0xff, 0xe0, 0x32, 0x0, 0x3a,
    0x0, 0x3f, 0xf8, 0x11, 0xc0, 0x1f, 0xff, 0xf3,
    0x55, 0xe1, 0x65, 0x5e, 0x10, 0xc, 0x35, 0x5c,
    0x7, 0x55, 0xc0, 0x1a, 0xbb, 0xbc, 0x29, 0xdd,
    0xea, 0x1, 0x21, 0x1f, 0x0, 0x8f, 0xf4, 0x68,
    0x7, 0xff, 0xb, 0xa4, 0x3, 0xff, 0xfe, 0x1,
    0xe1, 0x0, 0xe1, 0x0, 0xdf, 0xfe, 0x14, 0xff,
    0xee, 0x0, 0x6c, 0xcf, 0xff, 0xa, 0x0, 0x8,
    0xcd, 0xff, 0xc2, 0x70, 0x0,

    /* U+51FB "击" */
    0x0, 0xfe, 0x36, 0x0, 0xff, 0xe3, 0x5c, 0x80,
    0x7f, 0xf9, 0xe7, 0xff, 0xce, 0x1f, 0xff, 0x18,
    0x5, 0xb1, 0x1e, 0x30, 0x78, 0x8f, 0x10, 0x4,
    0x8e, 0xfe, 0x40, 0x87, 0x7f, 0x8, 0x7, 0xff,
    0x75, 0x3f, 0xff, 0x38, 0x7f, 0xfe, 0xb6, 0x77,
    0xfc, 0x60, 0xef, 0xfb, 0x4a, 0x23, 0xf2, 0x4,
    0x47, 0xe6, 0x0, 0x12, 0x80, 0x7f, 0xf0, 0xd,
    0x40, 0x32, 0xd0, 0x80, 0x7f, 0xd5, 0x0, 0x1f,
    0xff, 0xf0, 0xf, 0xfb, 0xbf, 0xf3, 0x87, 0xff,
    0x30, 0x7, 0x24, 0xcf, 0xff, 0x4, 0xc0, 0x38,
    0xd9, 0xbf, 0xf8, 0x2a, 0x1, 0x0,

    /* U+5206 "分" */
    0x0, 0xff, 0xe7, 0xe, 0xb0, 0x6, 0x4d, 0x10,
    0xf, 0xf9, 0x88, 0x80, 0x19, 0x4a, 0x0, 0x3f,
    0xe9, 0x34, 0x0, 0xc2, 0xec, 0x60, 0x1f, 0xd2,
    0x30, 0x1, 0xe8, 0x2e, 0x0, 0xfc, 0x6c, 0xa8,
    0x1, 0xf7, 0x14, 0x80, 0x78, 0x74, 0x6c, 0x3,
    0xf1, 0xbb, 0x38, 0x6, 0x1c, 0x1d, 0x10, 0xf,
    0xe8, 0x48, 0x60, 0x1, 0x61, 0x49, 0x8, 0xff,
    0xd2, 0x52, 0xe1, 0x5, 0x51, 0xdd, 0xff, 0xc1,
    0xc2, 0xd0, 0xac, 0x5b, 0xaa, 0x8c, 0x2a, 0xbc,
    0x40, 0x39, 0x40, 0x3, 0x5, 0x5c, 0x6, 0xab,
    0xe1, 0x70, 0x10, 0xf, 0xe3, 0x50, 0xf, 0x8,
    0x80, 0x3f, 0xc6, 0x1e, 0x1, 0xe3, 0x30, 0x7,
    0xfa, 0x41, 0x80, 0x3c, 0x22, 0x0, 0xfe, 0x15,
    0x60, 0xf, 0x8, 0x70, 0x7, 0xf5, 0x85, 0x80,
    0x78, 0x80, 0xc0, 0x3f, 0x3a, 0xb9, 0x0, 0x79,
    0x81, 0x80, 0x3e, 0x98, 0x58, 0x0, 0xfb, 0x0,
    0xc0, 0x30, 0xbf, 0x33, 0x28, 0x2, 0x17, 0x66,
    0x43, 0x20, 0x7, 0x14, 0x15, 0xc8, 0x6, 0x19,
    0x99, 0xce, 0x40, 0x38, 0xfb, 0x10, 0x3, 0xdd,
    0xff, 0x61, 0x0, 0x70,

    /* U+5217 "列" */
    0x0, 0xff, 0xe2, 0x9b, 0x82, 0x2a, 0xff, 0x84,
    0x3, 0x92, 0x2, 0x6a, 0xbf, 0xc8, 0x1, 0xfb,
    0x7f, 0xd4, 0x17, 0xff, 0xca, 0x1e, 0xc0, 0x1f,
    0xb0, 0x50, 0x3, 0xff, 0x8a, 0xe8, 0x1, 0xff,
    0xc5, 0x31, 0x6, 0x6c, 0xe6, 0x1, 0xff, 0x58,
    0x24, 0x47, 0x58, 0x7, 0xfc, 0xcc, 0xee, 0xde,
    0x1a, 0x1, 0xfe, 0x71, 0xb0, 0xc, 0x80, 0xe0,
    0x1f, 0xc3, 0xa, 0x40, 0x1b, 0xc8, 0x80, 0x1f,
    0xd4, 0x37, 0x2a, 0x1, 0x2a, 0x80, 0x3f, 0xd1,
    0x62, 0x55, 0x40, 0x70, 0xb0, 0xf, 0xf1, 0xa8,
    0x5c, 0xae, 0x49, 0x98, 0x3, 0xff, 0x84, 0xd6,
    0x63, 0x20, 0x1f, 0xfc, 0x47, 0x4, 0x50, 0xd,
    0x6e, 0x1, 0xfc, 0x3c, 0x12, 0x1, 0xc8, 0x20,
    0x1f, 0xda, 0x54, 0x40, 0x1f, 0xfc, 0x22, 0xd3,
    0x95, 0x0, 0xff, 0xe1, 0x46, 0x9d, 0xb0, 0x7,
    0xe3, 0x66, 0x60, 0x80, 0xb3, 0xf2, 0x0, 0x7f,
    0x34, 0xc9, 0x60, 0x7, 0xa0, 0x3, 0xfe, 0x5f,
    0xf7, 0x30, 0x0,

    /* U+521A "刚" */
    0x0, 0xff, 0xe4, 0xaa, 0xff, 0xc0, 0x1c, 0x7e,
    0x41, 0x55, 0xfe, 0xb0, 0xf, 0xf5, 0x7f, 0xfd,
    0x20, 0x17, 0x30, 0x7, 0xff, 0x2, 0xd4, 0x3,
    0xff, 0x82, 0xe8, 0x0, 0x24, 0x70, 0xf, 0xfe,
    0xf, 0xc8, 0x1, 0x4c, 0x80, 0x3f, 0xf8, 0x30,
    0x6e, 0x17, 0x60, 0xf, 0xfe, 0x1d, 0xc1, 0x99,
    0x40, 0x3f, 0xf8, 0x6a, 0x7a, 0x44, 0x0, 0xff,
    0xe2, 0x78, 0xa8, 0x7, 0xff, 0x1c, 0xc0, 0x3f,
    0xf8, 0xb2, 0x48, 0x60, 0x1f, 0xfc, 0x31, 0x59,
    0x48, 0x0, 0xff, 0xe1, 0xc9, 0x24, 0x21, 0x0,
    0x7f, 0xf0, 0x45, 0xec, 0xc, 0xa8, 0x3, 0x63,
    0x80, 0x7d, 0x64, 0xc0, 0x8, 0xa0, 0xc, 0x42,
    0x1, 0xed, 0x58, 0x0, 0x94, 0x80, 0x3f, 0xf8,
    0x1b, 0x2a, 0x1, 0xff, 0xc6, 0x60, 0x8, 0x91,
    0x18, 0x60, 0x3, 0x55, 0x58, 0x18, 0x7, 0xcf,
    0x76, 0x7b, 0x0, 0x35, 0x51, 0x98, 0x21, 0xea,
    0x1, 0x97, 0xfd, 0xac, 0x0, 0x5f, 0xf7, 0x48,
    0x0,

    /* U+521D "初" */
    0x0, 0xc4, 0x1, 0xff, 0xc7, 0x2d, 0x50, 0xf,
    0xfe, 0x31, 0x35, 0x88, 0x1, 0x59, 0xbf, 0xc2,
    0x1, 0xa0, 0x18, 0x1, 0x73, 0x3f, 0xe5, 0x5,
    0x66, 0x3b, 0x85, 0x87, 0xbf, 0xd8, 0x17, 0xff,
    0x60, 0x38, 0x4c, 0xe6, 0x99, 0x80, 0x27, 0x7,
    0x0, 0x9c, 0x2, 0xcf, 0xfd, 0x1, 0x20, 0x10,
    0x80, 0x80, 0x70, 0x80, 0x70, 0xca, 0x88, 0x4,
    0x60, 0x40, 0x10, 0x80, 0x7d, 0x3, 0x60, 0x18,
    0x40, 0x3e, 0x30, 0xc, 0x8d, 0x3, 0x88, 0x0,
    0xe1, 0x0, 0xc6, 0x2, 0x1, 0xd, 0x1, 0xd0,
    0x28, 0x1, 0x54, 0x1, 0xfc, 0x38, 0x21, 0x6f,
    0xa2, 0x0, 0x33, 0x0, 0x61, 0x0, 0x87, 0x48,
    0xc1, 0x8c, 0xc0, 0x2, 0xd, 0x0, 0xde, 0x20,
    0xc, 0x3a, 0x40, 0x92, 0xf1, 0x7, 0x7, 0x0,
    0xc2, 0x60, 0x7, 0xa5, 0x0, 0xb8, 0x44, 0x1c,
    0x44, 0x0, 0xc6, 0x20, 0xa, 0x50, 0xc, 0x58,
    0x4, 0x94, 0x1, 0xc2, 0xe0, 0x1f, 0xf5, 0x83,
    0x0, 0x73, 0x10, 0x7, 0xf8, 0x99, 0x82, 0x1,
    0xc5, 0xc0, 0x1f, 0xee, 0xb, 0x0, 0xe3, 0x2,
    0x0, 0xfe, 0xc3, 0xa2, 0x3, 0x65, 0x57, 0x82,
    0x0, 0x7e, 0x11, 0x4a, 0x80, 0x1e, 0x6a, 0x85,
    0x42, 0x1, 0xd3, 0xc0, 0x3a, 0xc0, 0x12, 0x7f,
    0xdc, 0xa0, 0x0,

    /* U+5236 "制" */
    0x0, 0xf8, 0x40, 0x3f, 0xf8, 0x8e, 0x61, 0x18,
    0x1, 0xfe, 0x1f, 0x50, 0x0, 0xc3, 0x0, 0x7f,
    0x88, 0x40, 0x3c, 0xe0, 0x80, 0x3, 0x0, 0xfb,
    0x5c, 0x3, 0xda, 0x1d, 0xee, 0x3f, 0xf9, 0xc0,
    0x3f, 0x8d, 0x1e, 0xa8, 0x83, 0x55, 0x94, 0x3,
    0xfa, 0xa, 0x15, 0x46, 0x65, 0x5c, 0x40, 0x1f,
    0xc4, 0xa6, 0x71, 0x19, 0xf8, 0x40, 0x3f, 0x33,
    0xe6, 0x4a, 0x39, 0x9c, 0xa0, 0x1f, 0xbb, 0xb9,
    0x87, 0xbb, 0x90, 0x3, 0xf0, 0x8f, 0x8c, 0x47,
    0x80, 0x3f, 0xcf, 0x11, 0x21, 0x44, 0x64, 0x0,
    0xff, 0x4b, 0x22, 0x8, 0x11, 0x27, 0x30, 0xf,
    0xfa, 0x33, 0xc, 0x59, 0x91, 0x0, 0x7f, 0xf3,
    0x4c, 0x3, 0xff, 0x8f, 0xea, 0x1, 0xff, 0xd6,
    0x55, 0x18, 0x7, 0xfc, 0x66, 0x0, 0xe8, 0xa2,
    0x50, 0xf, 0xf6, 0xa8, 0x7, 0x6f, 0xe1, 0x0,
    0xe, 0x22, 0x1, 0x0, 0xff, 0xe1, 0x8b, 0xbc,
    0xc8, 0x1, 0xe8, 0xd0, 0xf, 0x8b, 0xfd, 0xd2,
    0x0,

    /* U+5237 "刷" */
    0x0, 0xff, 0xe5, 0x11, 0x7f, 0x84, 0x3, 0x9f,
    0x80, 0x1d, 0xbb, 0xfc, 0xe0, 0x20, 0x1f, 0x9b,
    0x77, 0xe0, 0xb, 0xdc, 0x3, 0xe1, 0x22, 0xf8,
    0x3, 0xff, 0xa8, 0xdb, 0xbf, 0x0, 0x7f, 0xf0,
    0xa, 0xaa, 0x72, 0xaa, 0x42, 0x80, 0x7f, 0x91,
    0xde, 0xf1, 0x77, 0x8c, 0x3, 0xfe, 0x22, 0xc0,
    0x45, 0x8, 0x7, 0xf0, 0xfe, 0xed, 0x3, 0xbb,
    0x30, 0x7, 0xff, 0x2, 0xba, 0x47, 0xb8, 0x60,
    0x1f, 0xe3, 0x10, 0x61, 0x30, 0x11, 0x0, 0x7f,
    0xc2, 0x60, 0x1f, 0xfc, 0x76, 0x0, 0xff, 0xe2,
    0x98, 0x10, 0x7, 0xfb, 0x18, 0x3, 0x94, 0x44,
    0x1, 0xc2, 0x30, 0x0, 0x84, 0x3, 0xb1, 0x40,
    0x3c, 0xfc, 0x48, 0x1, 0xf0, 0xae, 0x85, 0x90,
    0x4, 0xdd, 0xe6, 0x1, 0xf3, 0x83, 0x82, 0x8,
    0x6, 0x10, 0xc, 0xef, 0x59, 0xb5, 0x8, 0x7,
    0xff, 0x3, 0xa2, 0x3, 0x0, 0xa0, 0x1c, 0xbc,
    0x1, 0xe9, 0xff, 0x6a, 0x80,

    /* U+524D "前" */
    0x0, 0xc8, 0x40, 0x1f, 0xcc, 0x20, 0x1f, 0x47,
    0x88, 0x7, 0xcf, 0x2a, 0x1, 0xf7, 0x15, 0x80,
    0x78, 0x65, 0x50, 0x3, 0xe2, 0x85, 0x20, 0xe,
    0xb0, 0xb0, 0xd, 0x5f, 0xfa, 0x3, 0x7f, 0xf9,
    0x47, 0xbf, 0xee, 0xe4, 0xcf, 0xff, 0x1a, 0x11,
    0x9b, 0xff, 0x8e, 0x2, 0x89, 0xf1, 0x80, 0x42,
    0x1, 0x6a, 0x80, 0x16, 0xef, 0xe9, 0x0, 0x46,
    0x0, 0x44, 0x60, 0x1b, 0xbf, 0xf1, 0x80, 0x7f,
    0xf5, 0xaa, 0xef, 0x10, 0x7, 0xff, 0x8, 0xf3,
    0x30, 0x7, 0xff, 0xe, 0x5d, 0xf1, 0x0, 0x7f,
    0xf0, 0x88, 0xb8, 0x40, 0x3f, 0xf8, 0x59, 0xbb,
    0x88, 0x3, 0xff, 0x85, 0xbf, 0xf8, 0xc0, 0x2f,
    0x0, 0xff, 0x18, 0x7, 0xe7, 0xd0, 0xf, 0xfe,
    0x99, 0x22, 0x8, 0xc0, 0x22, 0x65, 0x70, 0x30,
    0xf, 0x3d, 0xd8, 0xe8, 0x2, 0x39, 0xa9, 0x44,
    0x0, 0x13, 0xc4, 0x17, 0xfd, 0xa6, 0x1, 0xf,
    0xfb, 0xac, 0x40,

    /* U+525B "剛" */
    0x5, 0x5f, 0xf8, 0x40, 0x31, 0x79, 0x85, 0x57,
    0xfc, 0x60, 0x1f, 0xd9, 0xf5, 0xff, 0x65, 0xe8,
    0x4, 0xdc, 0x1, 0xfa, 0x8, 0x1, 0x1a, 0x1,
    0xff, 0xc2, 0xa5, 0x0, 0x26, 0x80, 0x7f, 0xf0,
    0x93, 0x1, 0x85, 0x0, 0x3f, 0xf8, 0x24, 0xfa,
    0x74, 0x86, 0x20, 0x1f, 0xfc, 0x8, 0xa8, 0xc2,
    0x4d, 0x50, 0xf, 0xfe, 0x5, 0x77, 0x7, 0xfb,
    0x88, 0x1, 0xff, 0xc1, 0x70, 0x8, 0x98, 0x3,
    0xff, 0x82, 0x34, 0x1, 0xe, 0x80, 0x7f, 0xff,
    0x8d, 0x5, 0x10, 0x1, 0xc9, 0x0, 0x1f, 0x9,
    0x41, 0xcd, 0x90, 0x6, 0x26, 0x0, 0xfd, 0x99,
    0xd2, 0x1, 0xff, 0xd9, 0x25, 0x55, 0x1, 0x81,
    0x2a, 0xc0, 0x20, 0x1f, 0x1d, 0x51, 0x5c, 0x40,
    0x6a, 0x92, 0xc4, 0x1a, 0x60, 0x18, 0x7f, 0xdb,
    0x0, 0x3, 0xff, 0x74, 0x80,

    /* U+529B "力" */
    0x0, 0xfc, 0xa6, 0x1, 0xff, 0xc5, 0xb9, 0x0,
    0xff, 0xfb, 0xc, 0x47, 0xc2, 0xf1, 0x1f, 0x9c,
    0xdd, 0xfe, 0x2, 0x77, 0xfd, 0x45, 0xff, 0xee,
    0x8, 0xff, 0xf9, 0x4, 0x3, 0xe2, 0x2, 0x0,
    0xf9, 0xdc, 0x1, 0xf2, 0x83, 0x0, 0x7c, 0x22,
    0x0, 0xfb, 0xc0, 0xc0, 0x3e, 0x33, 0x0, 0x7c,
    0xe6, 0x1, 0xf8, 0x44, 0x1, 0xe4, 0x1b, 0x0,
    0xf8, 0x43, 0xc0, 0x3d, 0xc0, 0xc0, 0x1f, 0x18,
    0x10, 0x7, 0x1a, 0xa8, 0x40, 0x3e, 0x60, 0x10,
    0xe, 0xe0, 0xb0, 0xf, 0xc4, 0xc, 0x1, 0xa8,
    0xa4, 0x40, 0x3f, 0x70, 0x10, 0x5, 0x2a, 0xcc,
    0x0, 0xfe, 0x32, 0x0, 0xa9, 0x96, 0x40, 0x3f,
    0x85, 0x1c, 0xf, 0x55, 0xa8, 0x3, 0xce, 0xe6,
    0x7d, 0xe, 0x5, 0x2a, 0x90, 0xf, 0xba, 0x26,
    0xa, 0x10, 0x1b, 0x94, 0x3, 0xf4, 0xff, 0xdc,
    0xe0, 0x0,

    /* U+529E "办" */
    0x0, 0xf8, 0xf0, 0xc0, 0x3f, 0xf8, 0xce, 0x6e,
    0x1, 0xff, 0xd5, 0x55, 0xf6, 0x6, 0x2a, 0xf1,
    0x0, 0x7a, 0xab, 0xce, 0xf, 0x55, 0xe0, 0xf,
    0x77, 0x7a, 0x2, 0xfb, 0xac, 0xf, 0x0, 0xf0,
    0x8f, 0x80, 0xa, 0x23, 0x80, 0x3f, 0xd2, 0x40,
    0xe, 0x1, 0x0, 0xe1, 0x7a, 0x0, 0xe5, 0x61,
    0x0, 0x11, 0x0, 0x30, 0x81, 0x8a, 0x90, 0x6,
    0xe2, 0x30, 0x2, 0xb0, 0x6, 0x70, 0x3, 0x5,
    0x80, 0x42, 0x94, 0x0, 0x31, 0xc0, 0xf, 0x8,
    0x2b, 0x80, 0x50, 0xc, 0x0, 0xb0, 0x50, 0xc,
    0x20, 0xe1, 0xc2, 0xa0, 0x6c, 0xc1, 0x0, 0x31,
    0x90, 0x6, 0x30, 0x10, 0x40, 0xf0, 0xa1, 0x80,
    0x3, 0x8c, 0x80, 0x77, 0x1, 0x80, 0x15, 0x2,
    0x70, 0x40, 0xa0, 0x94, 0x3, 0x84, 0x4, 0x1,
    0xf2, 0x0, 0x20, 0x7, 0x7, 0x0, 0x78, 0x84,
    0x2, 0x57, 0x0, 0xd4, 0x70, 0x60, 0x1e, 0x52,
    0x0, 0xfd, 0x4a, 0xce, 0x1, 0xe2, 0x15, 0x0,
    0xf1, 0x62, 0xaa, 0x40, 0x27, 0x88, 0xb8, 0x28,
    0x3, 0xd2, 0x71, 0x40, 0x1b, 0xdd, 0xe2, 0x83,
    0x0, 0xf5, 0xe3, 0x80, 0x74, 0x7f, 0xdc, 0xe0,
    0x1f, 0x0,

    /* U+52A0 "加" */
    0x0, 0xc2, 0x40, 0x1f, 0xfc, 0x76, 0xd0, 0xf,
    0xfe, 0xe7, 0x88, 0x7, 0x8a, 0xab, 0xe1, 0x2,
    0x33, 0x10, 0x99, 0xf0, 0x32, 0xb3, 0x67, 0x53,
    0x9, 0xcc, 0x28, 0x66, 0x6e, 0x0, 0xbb, 0x32,
    0x80, 0xa, 0x73, 0xa, 0x39, 0x92, 0x0, 0x7f,
    0xf0, 0x8, 0xcc, 0x4, 0x67, 0x8, 0x80, 0x3f,
    0xf8, 0x42, 0xe0, 0x1f, 0xfc, 0x81, 0x0, 0xff,
    0xe3, 0xb1, 0x80, 0x42, 0xe0, 0x1f, 0xfc, 0x22,
    0xe0, 0xf, 0xfe, 0x30, 0x81, 0x80, 0x4e, 0x1,
    0xff, 0xc2, 0x50, 0x60, 0xc, 0x20, 0x1f, 0xfc,
    0x13, 0x2, 0x0, 0x84, 0xc0, 0x3f, 0xf8, 0x36,
    0x80, 0x18, 0xc0, 0x3f, 0xf8, 0x22, 0x7a, 0x1,
    0x84, 0x40, 0x1f, 0xfc, 0x6, 0x7, 0x0, 0xee,
    0x0, 0xad, 0xde, 0xf0, 0x8, 0x65, 0x4, 0x2,
    0x30, 0x20, 0x9, 0xa2, 0x25, 0x0, 0xac, 0x64,
    0x12, 0x1f, 0xc1, 0x40, 0x2d, 0xff, 0xa8, 0x0,
    0x29, 0x24, 0x0, 0x68, 0x19, 0x10, 0xf, 0x84,
    0x80, 0x7d, 0x80, 0x9, 0xdf, 0xac, 0x0, 0x4f,
    0x20, 0x9, 0x34, 0x80,

    /* U+52A8 "动" */
    0x0, 0xff, 0xea, 0xc7, 0x80, 0x79, 0x9b, 0xf1,
    0x80, 0x61, 0x0, 0xf4, 0x47, 0xe4, 0x0, 0xff,
    0xbb, 0xbf, 0x38, 0x7, 0xff, 0x20, 0x8c, 0xc4,
    0x6, 0x78, 0x80, 0x3f, 0xdd, 0x98, 0x51, 0xcc,
    0xdc, 0x8a, 0xbf, 0xdb, 0xdc, 0x43, 0xee, 0x91,
    0xe2, 0xab, 0xf5, 0x88, 0xce, 0xe1, 0x18, 0x1,
    0x9f, 0xe3, 0x4f, 0xfd, 0xc0, 0x10, 0x90, 0x4,
    0xe2, 0x1, 0x1e, 0x0, 0x7e, 0x31, 0x0, 0xf9,
    0x1, 0x40, 0x70, 0x40, 0x21, 0x17, 0x0, 0x42,
    0x60, 0xc, 0x12, 0x1, 0x26, 0x0, 0x94, 0x14,
    0x2, 0x31, 0x0, 0x2b, 0x80, 0x4d, 0x40, 0x11,
    0x81, 0x80, 0x43, 0xe0, 0x44, 0xa0, 0xa, 0x88,
    0xc0, 0x18, 0x60, 0x1c, 0x21, 0x44, 0x60, 0x8f,
    0x21, 0x60, 0x28, 0x80, 0x8, 0x40, 0xc9, 0xcf,
    0x7e, 0xe4, 0x11, 0x81, 0x82, 0x80, 0x22, 0x1,
    0x70, 0x3, 0xce, 0xf5, 0xc0, 0xd, 0x21, 0x0,
    0x4c, 0xc, 0xb7, 0xd4, 0xc4, 0x0, 0x3e, 0x92,
    0xf0, 0xd, 0xa0, 0x40, 0x80, 0x1f, 0x23, 0xb2,
    0x21, 0xda, 0x19, 0x0, 0x3f, 0xc6, 0x52, 0x3,
    0x12, 0xe5, 0x20, 0x1f, 0xe7, 0xd0, 0x2, 0xff,
    0xd8, 0x40,

    /* U+52D5 "動" */
    0x0, 0xff, 0x10, 0x4, 0x24, 0x1, 0xe1, 0x34,
    0x67, 0x8a, 0xcf, 0xd3, 0x0, 0x3e, 0x80, 0x7a,
    0x32, 0xae, 0x9c, 0xea, 0xf8, 0xc0, 0x2, 0x1,
    0xf4, 0xff, 0x6f, 0x85, 0xb2, 0x8, 0x7, 0xfd,
    0xdd, 0xb0, 0x33, 0xba, 0xd0, 0xf, 0xf5, 0x56,
    0x80, 0x8a, 0xaa, 0x1d, 0xd8, 0xe, 0xf9, 0x1,
    0x13, 0x28, 0x22, 0x61, 0x88, 0x20, 0x44, 0x6d,
    0x5, 0xff, 0xb0, 0x37, 0xfe, 0xce, 0xe3, 0x17,
    0x74, 0x42, 0x0, 0x2f, 0xf6, 0x6, 0xff, 0x8c,
    0x4, 0x40, 0x23, 0x8c, 0x3, 0x8, 0x9c, 0x4,
    0x60, 0xc, 0x4c, 0x1, 0xf1, 0x77, 0x2c, 0x33,
    0xb8, 0x60, 0x13, 0x98, 0x4, 0x3e, 0x0, 0x2f,
    0xf6, 0x86, 0xff, 0x8c, 0x2, 0x3e, 0x0, 0xc2,
    0x0, 0x2b, 0xb7, 0x7, 0x5d, 0x8c, 0x0, 0x40,
    0x60, 0x1e, 0x4b, 0xff, 0x50, 0x57, 0xfa, 0xe8,
    0x1c, 0x10, 0x0, 0x20, 0x60, 0x28, 0x92, 0x82,
    0xa2, 0x44, 0x1c, 0x40, 0x11, 0x80, 0x83, 0x7f,
    0xd8, 0x19, 0xff, 0x40, 0xa2, 0x80, 0x42, 0xe,
    0xd, 0xdd, 0x58, 0x5f, 0x75, 0x32, 0x9, 0x0,
    0x9c, 0x4, 0x0, 0x23, 0x30, 0x30, 0x88, 0xd1,
    0xd8, 0x40, 0x22, 0x2, 0x2, 0x46, 0x78, 0xf,
    0xef, 0xda, 0x8, 0x0, 0xde, 0x20, 0xc, 0xb9,
    0xa1, 0x6a, 0xba, 0x20, 0xa1, 0x7, 0x66, 0x3a,
    0x0, 0x33, 0xbf, 0x6e, 0x5d, 0x5c, 0xe9, 0x40,
    0x17, 0x32, 0x28, 0x0, 0x10, 0x80, 0x78, 0xb9,
    0x40, 0x2c, 0xff, 0x61, 0x0,

    /* U+5316 "化" */
    0x0, 0xf1, 0xc8, 0x80, 0xd, 0x40, 0x3f, 0xf8,
    0x50, 0xe2, 0x0, 0x9b, 0x0, 0xff, 0xe0, 0x92,
    0x40, 0x7, 0xff, 0x1a, 0x49, 0x80, 0x3f, 0xc2,
    0x60, 0x1c, 0xa9, 0x0, 0x1f, 0xf5, 0x61, 0x0,
    0x43, 0x60, 0x80, 0x1f, 0xe8, 0x47, 0x20, 0xb,
    0x44, 0x3, 0xfe, 0x57, 0x58, 0x0, 0xa4, 0xc8,
    0x3, 0xfc, 0xb4, 0x74, 0x1, 0x43, 0x32, 0x80,
    0x3f, 0x9a, 0x8b, 0x40, 0x32, 0xa4, 0x80, 0x7f,
    0x44, 0xa6, 0x88, 0x6, 0xfb, 0x0, 0xfe, 0x17,
    0x75, 0x80, 0x78, 0x80, 0x3f, 0x2a, 0x4, 0xc0,
    0x7, 0xff, 0x8, 0xae, 0x84, 0x4c, 0x1, 0xff,
    0xc2, 0x8d, 0x48, 0x50, 0xf, 0xfe, 0x25, 0xb7,
    0x38, 0x7, 0xe7, 0xb0, 0xf, 0x8e, 0x44, 0x3,
    0xfb, 0xd4, 0x3, 0xff, 0x8e, 0x46, 0x1, 0xff,
    0x18, 0x80, 0x79, 0xdc, 0x1, 0xff, 0x70, 0x4b,
    0xbe, 0xa2, 0xf0, 0xf, 0xf9, 0x91, 0xa2, 0x32,
    0x32, 0x80,

    /* U+5361 "卡" */
    0x0, 0xfc, 0x2e, 0x40, 0x1f, 0xfc, 0x52, 0x87,
    0x0, 0xff, 0xed, 0x91, 0x9f, 0x88, 0x3, 0xff,
    0x81, 0x19, 0x9e, 0xb0, 0xf, 0xfe, 0x4, 0x66,
    0x7a, 0x0, 0x3f, 0xf8, 0x4, 0x67, 0xe1, 0x0,
    0xff, 0xe5, 0x1a, 0x27, 0xca, 0x1a, 0x89, 0xfd,
    0x17, 0x7f, 0x48, 0x3d, 0xdf, 0xea, 0x9d, 0xdf,
    0xac, 0x23, 0x77, 0xf6, 0x11, 0x7e, 0x60, 0x22,
    0xff, 0x0, 0x7f, 0xc2, 0x1, 0xff, 0xc6, 0x3f,
    0xe7, 0x10, 0xf, 0xfe, 0x19, 0xe3, 0xc7, 0x51,
    0x80, 0x7f, 0xf0, 0x8a, 0x7a, 0x13, 0x30, 0x80,
    0x1f, 0xfc, 0x21, 0x7e, 0x82, 0x30, 0xf, 0xfe,
    0x2b, 0xf3, 0x80, 0x7f, 0xfc, 0x40,

    /* U+5386 "历" */
    0x0, 0x12, 0x27, 0xff, 0x18, 0x0, 0x97, 0x7f,
    0xfc, 0x58, 0x0, 0xdb, 0xdd, 0xff, 0xc3, 0xd0,
    0xc, 0x62, 0x3c, 0x14, 0xa2, 0x3f, 0x80, 0x3f,
    0xc6, 0x82, 0x1, 0xff, 0xc8, 0x10, 0xf, 0xfe,
    0x30, 0x80, 0x7f, 0xf0, 0xdb, 0xff, 0x60, 0x5f,
    0xff, 0xa4, 0x3, 0xc9, 0x33, 0x98, 0x22, 0x67,
    0x80, 0x3e, 0x12, 0x66, 0xdc, 0xe, 0xcd, 0xc0,
    0x20, 0x10, 0x80, 0x7d, 0xa4, 0x1, 0xf7, 0x80,
    0x5e, 0x1, 0xf3, 0x38, 0x7, 0x8, 0x8, 0x4,
    0x22, 0x0, 0xe1, 0x3d, 0x0, 0xe3, 0x3, 0x0,
    0x8c, 0x80, 0x39, 0x81, 0x80, 0x38, 0x41, 0x80,
    0x27, 0x60, 0xe, 0xa4, 0x10, 0xe, 0x60, 0x10,
    0x8, 0xb4, 0x3, 0x39, 0x70, 0x7, 0x88, 0x8,
    0x0, 0x60, 0x60, 0x11, 0xc2, 0xa8, 0x3, 0xdc,
    0x20, 0x15, 0x82, 0x80, 0xb, 0x86, 0xc0, 0x3e,
    0x45, 0x0, 0x95, 0x4, 0x1b, 0x4f, 0x4, 0x0,
    0x6e, 0xcc, 0xa2, 0xd0, 0xd, 0xc0, 0x30, 0xbe,
    0x40, 0x10, 0xc4, 0xc9, 0x59, 0x80, 0x16, 0xa8,
    0xf, 0x50, 0x80, 0x62, 0xff, 0xd2, 0x1, 0x0,

    /* U+53D1 "发" */
    0x0, 0xff, 0x39, 0x80, 0x7f, 0xf0, 0x8a, 0xd0,
    0x0, 0x51, 0x60, 0x16, 0x40, 0x7, 0xf2, 0xa3,
    0x80, 0x1c, 0x34, 0x2, 0xa7, 0x70, 0x7, 0xeb,
    0x23, 0x0, 0x68, 0x38, 0x4, 0xd1, 0x5, 0x0,
    0xf1, 0x9a, 0xc0, 0x23, 0x2, 0x0, 0xce, 0xc0,
    0x1f, 0x40, 0x1, 0x57, 0x12, 0xaf, 0xb0, 0x14,
    0x80, 0x21, 0x40, 0x9a, 0xa8, 0x4a, 0xab, 0xf9,
    0x0, 0x21, 0xce, 0xff, 0x9c, 0x33, 0xff, 0xf9,
    0x80, 0x31, 0x88, 0x4, 0xc4, 0x60, 0x1f, 0xfc,
    0x64, 0x11, 0x3b, 0xfc, 0xc0, 0x1f, 0xf7, 0x81,
    0xc4, 0x7d, 0x24, 0x1, 0xfc, 0x88, 0x6, 0xff,
    0xf1, 0x29, 0x0, 0x7f, 0x48, 0xbb, 0x18, 0x6,
    0x72, 0x90, 0xf, 0xe8, 0x2b, 0x83, 0xf0, 0x8,
    0x61, 0xc, 0x3, 0xf3, 0x3b, 0x28, 0x71, 0xd8,
    0xe, 0x15, 0x0, 0x7e, 0x49, 0x29, 0x0, 0x15,
    0xa5, 0x69, 0xf8, 0x80, 0x7c, 0xf6, 0x5e, 0x1,
    0x92, 0x14, 0xec, 0x80, 0x3e, 0xb8, 0x3c, 0x20,
    0x8, 0x6a, 0x8, 0x95, 0x22, 0x1, 0xe1, 0x7c,
    0x10, 0x1, 0xc7, 0x2c, 0xee, 0xa1, 0xba, 0xc,
    0x3, 0x54, 0x0, 0x17, 0x71, 0x99, 0xcc, 0x0,
    0x7e, 0x66, 0x67, 0xd0, 0x7, 0x9d, 0xd7, 0xd2,
    0x20, 0x18, 0x67, 0xad, 0xb0, 0x0,

    /* U+53D6 "取" */
    0x6, 0x6f, 0xf0, 0x7, 0xff, 0x2, 0x26, 0x68,
    0x84, 0xcd, 0x0, 0x1f, 0xfc, 0xe, 0x90, 0xfe,
    0xe7, 0x85, 0x76, 0xff, 0xfe, 0x40, 0xf, 0xfe,
    0x5, 0x91, 0xc4, 0x66, 0x6, 0x0, 0xff, 0xe0,
    0x32, 0x83, 0xbe, 0xf0, 0x20, 0xe, 0xff, 0xc0,
    0x1b, 0xc, 0x3, 0x61, 0x0, 0x7a, 0x6a, 0x92,
    0x1, 0x94, 0xc, 0x2, 0x44, 0x0, 0x79, 0x95,
    0x4c, 0x1, 0x84, 0x4a, 0x0, 0x21, 0xc0, 0xf,
    0xfe, 0x1a, 0x68, 0x1, 0x1, 0x0, 0x3c, 0x67,
    0x80, 0x3b, 0x10, 0x42, 0xd0, 0x40, 0x3d, 0x99,
    0x80, 0x39, 0x81, 0xd0, 0xb8, 0x3, 0xee, 0xeb,
    0x40, 0x3c, 0xbb, 0xc2, 0xa0, 0x1f, 0x8, 0xc4,
    0x1, 0xee, 0x45, 0x90, 0xf, 0xfe, 0x9, 0x98,
    0x40, 0x8, 0x20, 0xe0, 0x1f, 0x8d, 0x62, 0xc2,
    0x71, 0x0, 0xa, 0x20, 0x80, 0x1d, 0x70, 0x19,
    0x4a, 0x0, 0x7e, 0x50, 0x1b, 0x32, 0xa1, 0x0,
    0xc2, 0xf3, 0x9f, 0xb6, 0x1a, 0x20, 0xd, 0xd,
    0xf1, 0xa0, 0xd, 0x52, 0xc6, 0x1, 0xe1, 0xc3,
    0xd1, 0x29, 0x4b, 0x10, 0xf, 0xf8, 0xb0, 0xec,
    0xc0, 0xd, 0x29, 0x80, 0x1f, 0xf1, 0x8e, 0x20,
    0x6, 0x6b, 0xa0, 0xf, 0xef, 0x51, 0xc3, 0x0,
    0xf2, 0x38, 0x0,

    /* U+53EF "可" */
    0x9f, 0xff, 0xfe, 0x37, 0x63, 0xbf, 0xff, 0x9,
    0x1, 0x5d, 0x96, 0x23, 0xff, 0x85, 0xc1, 0x11,
    0x0, 0x7f, 0xf7, 0x97, 0xff, 0xf4, 0x80, 0x7f,
    0xf0, 0x22, 0x67, 0x84, 0x3, 0xff, 0x82, 0xcd,
    0xe3, 0x0, 0xff, 0xfe, 0xa2, 0x78, 0xc0, 0x3f,
    0xf8, 0x35, 0x77, 0xc2, 0x1, 0xff, 0xc1, 0xcd,
    0xdf, 0x40, 0x7, 0xf8, 0x44, 0x45, 0xf0, 0x80,
    0x7f, 0x93, 0x84, 0x3, 0xff, 0xc5, 0x11, 0xa4,
    0x8, 0x3, 0xff, 0x82, 0x4e, 0xf0, 0xc0, 0x4,

    /* U+53F2 "史" */
    0x0, 0xff, 0x1a, 0x80, 0x7f, 0xf2, 0x2a, 0xc0,
    0x3f, 0xfd, 0x87, 0xff, 0xf3, 0xf, 0xff, 0xd0,
    0x1, 0xe6, 0x88, 0xe3, 0x8, 0x8f, 0x0, 0x7e,
    0xa7, 0x7e, 0x51, 0x77, 0xf0, 0x80, 0x7f, 0xf9,
    0xd8, 0xcf, 0xc2, 0x67, 0xe1, 0x0, 0xfa, 0xb3,
    0x39, 0x43, 0x33, 0xc0, 0x1e, 0x3c, 0xcf, 0x8c,
    0xb3, 0x3e, 0x90, 0xe, 0x39, 0x63, 0x3c, 0x2e,
    0x67, 0xf0, 0x80, 0x78, 0x6c, 0x40, 0x22, 0xd0,
    0xf, 0xfe, 0x14, 0x8c, 0x0, 0x14, 0x10, 0x3,
    0xff, 0x84, 0x50, 0xd0, 0x10, 0x46, 0x1, 0xff,
    0xc3, 0x76, 0x7e, 0x2e, 0x0, 0xff, 0xe2, 0xd0,
    0x8, 0x94, 0x3, 0xff, 0x86, 0x75, 0x83, 0x5,
    0x3d, 0x2a, 0x20, 0x1f, 0x92, 0x37, 0x15, 0xfd,
    0xf2, 0xd1, 0xeb, 0xb9, 0x93, 0xe, 0xc2, 0x1a,
    0xed, 0x3f, 0x2, 0x0, 0x4a, 0xec, 0x97, 0x7,
    0x74, 0x40, 0x42, 0x7e, 0xd8, 0x3, 0xf1, 0xb4,
    0xe7, 0x7f, 0xc0,

    /* U+540C "同" */
    0x4, 0x4f, 0xfe, 0x30, 0x2, 0xef, 0xff, 0x8c,
    0x1, 0x47, 0x77, 0xff, 0xa, 0x0, 0x30, 0x8f,
    0xff, 0x10, 0x3, 0xc2, 0xab, 0xfe, 0x40, 0xf,
    0xc9, 0x55, 0xfe, 0x90, 0xf, 0xcb, 0xff, 0xfe,
    0xd0, 0xf, 0xfe, 0x89, 0xf7, 0x7e, 0x90, 0xf,
    0xf8, 0x62, 0xab, 0x88, 0xc0, 0x3f, 0xf8, 0x8,
    0x9e, 0x70, 0xf, 0xff, 0x48, 0x80, 0x7f, 0xf1,
    0xf3, 0xff, 0x90, 0x3, 0xff, 0x83, 0x59, 0x9e,
    0x80, 0xf, 0xf1, 0x32, 0x19, 0xf8, 0x80, 0x3f,
    0xc3, 0x22, 0x1, 0xff, 0xce, 0x56, 0x66, 0x80,
    0x7f, 0xf1, 0xe, 0x64, 0xd2, 0x0,

    /* U+5417 "吗" */
    0x0, 0xfc, 0x23, 0xf8, 0x84, 0x0, 0x2a, 0xbc,
    0x21, 0xdd, 0xfb, 0x60, 0x0, 0x95, 0x5c, 0x81,
    0x99, 0xf5, 0x87, 0x0, 0x6e, 0xfe, 0x0, 0x8c,
    0x4, 0xcf, 0x28, 0x10, 0x6, 0x10, 0x10, 0xd,
    0xb4, 0x1, 0x88, 0x4, 0x3, 0xfe, 0x1f, 0x0,
    0xce, 0xc, 0x1, 0xfe, 0x10, 0x20, 0xc, 0x40,
    0x40, 0x1f, 0xe2, 0x6, 0x0, 0xdc, 0x20, 0x1f,
    0xf3, 0x1, 0x0, 0x62, 0x20, 0x7, 0xfc, 0x41,
    0xdf, 0xf9, 0x4f, 0xfd, 0x20, 0x1f, 0x92, 0xab,
    0xf8, 0x4, 0x3, 0xf1, 0xaa, 0xfe, 0x40, 0xe0,
    0x4, 0x44, 0x1, 0xff, 0xc0, 0x20, 0x30, 0x3,
    0xb3, 0x4, 0x11, 0x9b, 0xf0, 0xb8, 0x30, 0x3,
    0xfb, 0xa5, 0x89, 0x9f, 0xc6, 0x60, 0x20, 0xf,
    0xb3, 0xff, 0xf1, 0x70, 0xa, 0xf8, 0x7, 0xff,
    0xd, 0x4c, 0x3, 0xff, 0x8a, 0x27, 0x60, 0x1f,
    0xfc, 0x24, 0x55, 0x50, 0x28, 0x7, 0xff, 0xb,
    0x2a, 0x8b, 0x24, 0x1, 0xff, 0xc2, 0x8f, 0xf7,
    0x30, 0x0,

    /* U+542F "启" */
    0x0, 0xff, 0x20, 0x80, 0x7f, 0xf1, 0xaa, 0xc0,
    0x3f, 0xf8, 0xd2, 0xa6, 0x1, 0xfe, 0x24, 0x4f,
    0x10, 0x5a, 0x27, 0x80, 0x35, 0x5d, 0xfa, 0x81,
    0xee, 0xfc, 0x20, 0x1d, 0xdd, 0xff, 0xc0, 0x90,
    0xf, 0x84, 0x7f, 0xf8, 0x6, 0x1, 0xff, 0xcf,
    0x77, 0xff, 0xe0, 0x78, 0x7, 0xd1, 0x1f, 0xfc,
    0x5, 0x0, 0xe1, 0x17, 0xff, 0xff, 0x8, 0x40,
    0x3f, 0xf9, 0x64, 0x61, 0xdf, 0xff, 0xfc, 0x7,
    0x0, 0x99, 0x80, 0x4, 0x99, 0xfe, 0x80, 0xe,
    0x23, 0x0, 0x63, 0x37, 0xf3, 0x80, 0x63, 0xe,
    0x0, 0xff, 0xe2, 0xa0, 0x20, 0x7, 0xff, 0x16,
    0x88, 0x80, 0xe, 0x22, 0xfe, 0x30, 0x9, 0x49,
    0x40, 0x26, 0xdd, 0xfe, 0xc0, 0xa, 0x6, 0x40,
    0x26, 0xdd, 0xfe, 0xc0, 0xa, 0xa4, 0x40, 0x2e,
    0x22, 0xfe, 0x30, 0x9, 0xdc, 0x1, 0x73, 0x80,
    0x7f, 0xbd, 0xc0,

    /* U+5438 "吸" */
    0x15, 0x5e, 0x1f, 0xff, 0xee, 0x0, 0xc5, 0x55,
    0xc7, 0x54, 0x50, 0xaa, 0xc2, 0x80, 0x1e, 0xdf,
    0xc0, 0x2, 0xa8, 0x85, 0x57, 0xe, 0x0, 0x78,
    0xc0, 0x40, 0x30, 0x98, 0x4, 0x80, 0xe0, 0x1f,
    0xfc, 0x13, 0x10, 0xb, 0x48, 0x40, 0x3f, 0xf8,
    0x22, 0xc0, 0x12, 0x28, 0x7, 0xff, 0x9, 0xdc,
    0x0, 0x22, 0x3f, 0xfb, 0x84, 0x3, 0xfc, 0x64,
    0x80, 0xa, 0xa9, 0xc, 0x40, 0x3f, 0x88, 0x1,
    0xc0, 0x4a, 0xb3, 0x28, 0x7, 0xf9, 0x81, 0xd4,
    0x40, 0x23, 0x2b, 0x0, 0xff, 0x18, 0xc0, 0xc0,
    0x5, 0x42, 0x60, 0x19, 0x99, 0x40, 0x16, 0x28,
    0x43, 0x20, 0x13, 0x40, 0x7, 0x44, 0xb8, 0x0,
    0x53, 0x41, 0x8e, 0x43, 0x8d, 0x80, 0x3b, 0xbf,
    0xe2, 0x60, 0x70, 0x7, 0x16, 0x9f, 0x80, 0x7f,
    0xd4, 0x82, 0x0, 0x26, 0x23, 0x30, 0x6, 0x3f,
    0x10, 0x9, 0xca, 0x40, 0x27, 0x63, 0x35, 0x88,
    0x7, 0xe4, 0x85, 0x20, 0x1a, 0x87, 0xca, 0x4f,
    0x60, 0xf, 0xd, 0x15, 0x3, 0x72, 0x4c, 0x2,
    0xe9, 0x4e, 0x80, 0x70, 0xcf, 0x80, 0x1d, 0xde,
    0xc0, 0x11, 0x65, 0xc0, 0x0,

    /* U+5468 "周" */
    0x0, 0x91, 0x57, 0xff, 0x86, 0x1, 0xa2, 0xab,
    0xff, 0x86, 0x20, 0x19, 0x7f, 0xfa, 0xa3, 0xff,
    0xa8, 0x3, 0xff, 0x81, 0x94, 0x1, 0xff, 0xc2,
    0x35, 0x58, 0x8d, 0x57, 0x0, 0x7f, 0xae, 0x22,
    0x41, 0x88, 0xc2, 0x1, 0xfd, 0x1b, 0xb3, 0x16,
    0xee, 0x10, 0xf, 0xfe, 0x70, 0x81, 0xff, 0xe6,
    0x2f, 0xfd, 0x40, 0x1f, 0x19, 0xb7, 0x7f, 0xd6,
    0x1, 0xe3, 0x0, 0x11, 0x7f, 0x84, 0x3, 0xc3,
    0xc0, 0xf, 0xff, 0xce, 0x1, 0xe1, 0x2, 0x0,
    0xa3, 0x33, 0x84, 0x3, 0xe2, 0x6, 0x0, 0x8c,
    0xfc, 0x1, 0xf9, 0x0, 0xc0, 0x3f, 0xf8, 0xb8,
    0x60, 0x18, 0xcf, 0xc0, 0x1f, 0x91, 0x0, 0x1a,
    0x33, 0x38, 0x40, 0x3c, 0xe1, 0x40, 0x1a, 0xff,
    0xfc, 0xe0, 0x18, 0x61, 0x48, 0x2, 0xf4, 0x0,
    0xe4, 0x55, 0x78, 0x8, 0x14, 0x0, 0x7f, 0xdb,
    0x54, 0x47, 0x1, 0xd2, 0x0, 0xff, 0xa7, 0xfd,
    0xd0, 0x0,

    /* U+548C "和" */
    0x0, 0xfe, 0x10, 0xf, 0xfe, 0x18, 0xa4, 0x6f,
    0x28, 0x7, 0xf9, 0x27, 0x3b, 0x96, 0xa9, 0x6a,
    0x2c, 0xdf, 0x28, 0x0, 0xd2, 0xd8, 0x36, 0x50,
    0x16, 0x67, 0xeb, 0x4, 0xa8, 0x5e, 0x0, 0xfb,
    0x3f, 0xf3, 0x0, 0x7f, 0xf0, 0x84, 0x3, 0xff,
    0x9f, 0xbf, 0xf4, 0x7, 0xfd, 0xc0, 0x1f, 0xeb,
    0x99, 0x40, 0x2, 0x66, 0x80, 0xf, 0xf3, 0x34,
    0x60, 0x13, 0x34, 0x1, 0xff, 0xc1, 0xf0, 0x4,
    0xa0, 0x7, 0xff, 0x8, 0xd1, 0x82, 0x2c, 0x80,
    0x3f, 0xf8, 0x3e, 0xdc, 0xe, 0x98, 0x20, 0x1f,
    0xf3, 0x1c, 0x0, 0x54, 0x12, 0x1, 0xfe, 0x29,
    0x71, 0x0, 0x87, 0x60, 0x3, 0xfd, 0xe5, 0x0,
    0x1c, 0x60, 0x1f, 0xe2, 0x27, 0x0, 0x7f, 0xa9,
    0xdf, 0x28, 0x16, 0x98, 0x7, 0xf9, 0xe2, 0x31,
    0x80, 0x8, 0x3, 0xfe, 0xdf, 0xfc, 0xc0, 0x1f,
    0xfc, 0x7, 0x40, 0xe, 0xc6, 0x0, 0xff, 0x8e,
    0xc8, 0x3, 0x2c, 0x0,

    /* U+552E "售" */
    0x0, 0xe4, 0x20, 0x8, 0x90, 0x3, 0xff, 0x80,
    0x37, 0x60, 0xa, 0xac, 0x40, 0x3f, 0xeb, 0x8,
    0x0, 0xa4, 0x20, 0x3, 0xfc, 0x6a, 0x1d, 0xff,
    0x70, 0x37, 0xff, 0x90, 0x2, 0xf0, 0x8d, 0xde,
    0x16, 0xdd, 0xf2, 0x0, 0x28, 0xc0, 0x4c, 0xf8,
    0x0, 0x67, 0xc4, 0x0, 0x95, 0x70, 0x9e, 0xee,
    0x16, 0xee, 0xe3, 0x0, 0x23, 0xc8, 0x57, 0xff,
    0xb, 0xff, 0xf1, 0x80, 0x32, 0x0, 0x1a, 0x89,
    0xc2, 0x48, 0x9c, 0x20, 0x1, 0x0, 0x96, 0x23,
    0x81, 0x22, 0x38, 0x80, 0x3d, 0x19, 0x9c, 0x2d,
    0x99, 0xc6, 0x1, 0xea, 0xee, 0xe1, 0x7e, 0xef,
    0x58, 0x7, 0x3e, 0xef, 0x66, 0x37, 0x7d, 0x0,
    0x10, 0xe4, 0x99, 0xff, 0xf0, 0x80, 0x21, 0xce,
    0xff, 0xff, 0xe0, 0x38, 0x7, 0x9e, 0xef, 0xfe,
    0x0, 0xfd, 0xa8, 0x9f, 0xf0, 0x7, 0xff, 0x43,
    0x15, 0x7f, 0xcc, 0x1, 0xf9, 0xee, 0xff, 0xd0,
    0x1, 0xfa, 0xfb, 0xbf, 0xe0, 0x8,

    /* U+555F "啟" */
    0x0, 0xe2, 0x30, 0xf, 0x89, 0x40, 0x3f, 0xeb,
    0xe0, 0xf, 0xaa, 0x80, 0x1f, 0xf5, 0x92, 0x80,
    0x78, 0xd0, 0x3, 0xf1, 0x2a, 0x9c, 0xa1, 0x56,
    0x0, 0x94, 0xc0, 0x3f, 0x25, 0x5d, 0x8c, 0xd7,
    0x54, 0x0, 0x10, 0x82, 0x27, 0x0, 0x77, 0x77,
    0x58, 0x4, 0xe0, 0xf7, 0x7c, 0x1, 0xff, 0xc2,
    0xf1, 0xff, 0x98, 0xbc, 0x3, 0xff, 0x82, 0x2a,
    0x20, 0x12, 0xb8, 0x7, 0x99, 0xbb, 0x40, 0xc,
    0x0, 0x30, 0x1, 0xe8, 0x7, 0xa2, 0x39, 0xc4,
    0x52, 0xa2, 0x80, 0x40, 0x60, 0x18, 0x45, 0xdd,
    0xf1, 0x9a, 0xd3, 0x1, 0x1, 0x40, 0x38, 0xc0,
    0x3e, 0x2d, 0x1f, 0x41, 0xd3, 0x10, 0xd, 0xcd,
    0x3d, 0xde, 0x40, 0x2, 0x3, 0x25, 0x0, 0x71,
    0x89, 0x95, 0x55, 0x62, 0x1, 0xa, 0xc0, 0x38,
    0x7, 0x39, 0x83, 0x22, 0x4a, 0x1, 0xdc, 0xa,
    0x20, 0x1c, 0x5e, 0x1, 0xff, 0x10, 0x8, 0x7,
    0x18, 0x20, 0x7, 0xf8, 0xa4, 0x51, 0x80, 0x35,
    0x9, 0x0, 0x91, 0x46, 0x1, 0xf, 0x8f, 0x9c,
    0x10, 0x4, 0xec, 0x0, 0x4d, 0xdb, 0x0, 0x7,
    0xe5, 0x63, 0xc3, 0x86, 0x0, 0x49, 0x0, 0x2f,
    0xfd, 0xc6, 0x18, 0x2e, 0xa0, 0x52, 0x38, 0x21,
    0x42, 0x1, 0xe1, 0xc4, 0x58, 0x80, 0x4, 0xd2,
    0xc2, 0x1, 0xaa, 0x80, 0x1e, 0xa7, 0x0, 0xe6,
    0x90,

    /* U+55AE "單" */
    0x0, 0x5e, 0x67, 0x8c, 0x2b, 0x33, 0xc8, 0x1,
    0x32, 0xff, 0xd2, 0x6e, 0xe, 0xbf, 0xf4, 0x18,
    0x80, 0x6e, 0x33, 0x90, 0x3, 0x71, 0x9c, 0x80,
    0x1e, 0xf1, 0x18, 0x80, 0x37, 0x88, 0xc4, 0x1,
    0xc2, 0xdf, 0xf6, 0x88, 0x0, 0x5b, 0xfe, 0xc1,
    0x0, 0xd9, 0x9f, 0x31, 0x76, 0x67, 0x94, 0x2,
    0x4d, 0xdf, 0xfe, 0x17, 0x80, 0x7b, 0x7f, 0xf2,
    0x97, 0xff, 0x28, 0x7, 0xc6, 0x1, 0xff, 0xc7,
    0xef, 0xfc, 0xa5, 0xff, 0xca, 0x1, 0xf5, 0xe6,
    0x64, 0x1c, 0xce, 0x40, 0xf, 0x94, 0xcf, 0x9,
    0x9f, 0x84, 0x3, 0xee, 0xff, 0xca, 0x5f, 0xfc,
    0xa0, 0x1c, 0xb9, 0x9e, 0x41, 0xcc, 0xf7, 0x0,
    0x61, 0x33, 0xf0, 0x99, 0xfe, 0x0, 0x47, 0xff,
    0xe5, 0x2f, 0xff, 0xdd, 0x75, 0x5f, 0x8c, 0x6a,
    0xbf, 0x59, 0xaa, 0xfe, 0x63, 0x55, 0xfe, 0x0,
    0xff, 0xee, 0x0,

    /* U+55CE "嗎" */
    0x0, 0xfc, 0xab, 0xff, 0x0, 0x99, 0xf0, 0x85,
    0xd5, 0x7f, 0x58, 0x26, 0x67, 0x38, 0x2, 0x3f,
    0xe0, 0x9f, 0xfb, 0x80, 0x2e, 0xe8, 0x40, 0x3f,
    0xf8, 0x82, 0x30, 0x6, 0x8f, 0xf8, 0x27, 0xfe,
    0x80, 0xf, 0xf3, 0x5d, 0xc0, 0xd7, 0x75, 0x0,
    0x7f, 0xb9, 0x12, 0xf, 0x44, 0x88, 0x3, 0xfd,
    0xc8, 0x90, 0x7a, 0x24, 0x40, 0x1f, 0xe6, 0xaa,
    0x81, 0xaa, 0xb0, 0x7, 0xfa, 0x3b, 0xa0, 0x9e,
    0xea, 0x0, 0x3f, 0xfa, 0x51, 0xff, 0x4, 0xff,
    0xe9, 0x0, 0x7f, 0xc2, 0x0, 0xdc, 0xcf, 0x5e,
    0x60, 0x84, 0x1, 0x33, 0x90, 0x94, 0xdc, 0x81,
    0x4e, 0x40, 0xcd, 0xe0, 0x6, 0x6c, 0x4b, 0xa1,
    0xe8, 0x30, 0x11, 0xe0, 0x22, 0x78, 0x0, 0xec,
    0x30, 0x2d, 0x22, 0x2a, 0x88, 0xc0, 0xc9, 0xc0,
    0x39, 0x70, 0x38, 0x81, 0x30, 0x38, 0x41, 0x80,
    0x3c, 0xa0, 0x80, 0x22, 0xa, 0xb0, 0x3, 0x81,
    0x0, 0x7b, 0xa4, 0x0, 0xf4, 0x4, 0x6, 0x6e,
    0x21, 0x0, 0xf5, 0xb8, 0x0, 0x44, 0x0, 0x4c,
    0xc2, 0xc0, 0x7, 0xff, 0xd, 0xbf, 0xdc, 0xa0,

    /* U+5668 "器" */
    0x0, 0x95, 0x7c, 0x60, 0x4, 0x55, 0xf0, 0x80,
    0x61, 0xaa, 0xf4, 0x80, 0x3e, 0xab, 0xca, 0x1,
    0xeb, 0xff, 0x8c, 0x3, 0x2f, 0xfd, 0xa0, 0x1f,
    0xfe, 0x8b, 0xff, 0x8c, 0x3, 0x2f, 0xfd, 0xa0,
    0x1e, 0x1a, 0xaf, 0x1d, 0x4, 0x52, 0x4d, 0x54,
    0xa0, 0x1c, 0xab, 0xe7, 0x0, 0x1a, 0x4, 0xea,
    0xa8, 0x40, 0x22, 0x33, 0xf5, 0xf, 0x19, 0x8a,
    0x25, 0xdc, 0x66, 0x20, 0x7, 0x66, 0x79, 0x42,
    0xf3, 0x34, 0x84, 0x66, 0x40, 0xd, 0xee, 0xb5,
    0x2, 0x7b, 0xad, 0x50, 0x9e, 0xed, 0xe0, 0x1,
    0x18, 0xbd, 0x29, 0x84, 0x62, 0xa7, 0x98, 0x1,
    0x18, 0x2, 0x29, 0xc0, 0xd5, 0x0, 0xf4, 0x5b,
    0xf5, 0x20, 0x5, 0x5a, 0xc0, 0x5b, 0xfe, 0x90,
    0x5, 0x7f, 0xac, 0x41, 0x6f, 0x84, 0xd, 0xc2,
    0x2e, 0xe2, 0x0, 0xc7, 0x77, 0x48, 0x3c, 0x8,
    0x4c, 0x80, 0xd1, 0x21, 0x0, 0xcc, 0x89, 0x83,
    0x18, 0x3, 0xff, 0xca, 0x68, 0x90, 0x80, 0x66,
    0x44, 0xc0, 0x1f, 0xa2, 0xee, 0x31, 0x0, 0x8e,
    0xee, 0x91, 0x70, 0x0,

    /* U+56DB "四" */
    0x7, 0x7f, 0xfe, 0x30, 0x44, 0x7f, 0xf1, 0x80,
    0x11, 0xff, 0x60, 0x67, 0xfa, 0x7, 0xff, 0x38,
    0x7, 0xce, 0x2, 0x1, 0xff, 0xd7, 0x10, 0x30,
    0xf, 0xfe, 0x26, 0x80, 0x80, 0x7f, 0xf1, 0xd,
    0x0, 0x3f, 0xf8, 0xa8, 0x60, 0x1f, 0xfc, 0x48,
    0xa, 0x0, 0x84, 0x60, 0x0, 0x88, 0x3, 0x8d,
    0xd8, 0x80, 0x25, 0xe, 0xff, 0x71, 0x80, 0x67,
    0xc2, 0x80, 0xc, 0x7d, 0x77, 0x61, 0x80, 0x6b,
    0x5c, 0x10, 0xe, 0x14, 0x48, 0xc4, 0x3, 0x65,
    0x8, 0x7, 0xff, 0xf, 0xc8, 0xbf, 0xf8, 0x42,
    0x1, 0x3e, 0xef, 0xff, 0x9, 0x80, 0x25, 0xbb,
    0xff, 0xe1, 0x20, 0x5, 0xa8, 0x9f, 0xfc, 0x2c,
    0x20, 0xf7, 0x0, 0xff, 0xe1, 0x3e, 0x80,

    /* U+56DE "回" */
    0x8, 0x8f, 0xfe, 0x30, 0xb, 0xbf, 0xff, 0x18,
    0x40, 0x13, 0xff, 0xff, 0xc2, 0x80, 0xf, 0xff,
    0x18, 0xaa, 0xfe, 0x10, 0xf, 0xf1, 0x55, 0x7e,
    0x50, 0xf, 0xfe, 0x6, 0x7f, 0xed, 0x0, 0xff,
    0xff, 0x80, 0x7f, 0xf1, 0xf3, 0xff, 0x68, 0x7,
    0xff, 0x0, 0xaa, 0xbf, 0x28, 0x7, 0xf8, 0x55,
    0x7f, 0x8, 0x7, 0xff, 0x8e, 0x7f, 0xff, 0xf8,
    0x50, 0x1, 0x96, 0x67, 0xff, 0x84, 0x80, 0x1b,
    0x19, 0xbf, 0xf8, 0x58, 0x0,

    /* U+56FE "图" */
    0x6, 0x6f, 0xfe, 0x30, 0xc, 0xcf, 0xff, 0x18,
    0x40, 0x15, 0xff, 0xba, 0x3b, 0xff, 0xea, 0x0,
    0xfe, 0xda, 0x10, 0xf, 0xfe, 0x24, 0x99, 0x7f,
    0xf7, 0x10, 0x7, 0xf5, 0x33, 0x33, 0x35, 0x3,
    0x10, 0x7, 0xc7, 0xa9, 0x2c, 0x86, 0x60, 0xb4,
    0x80, 0xf, 0xce, 0xde, 0xd9, 0x37, 0x18, 0xd6,
    0x1, 0xfc, 0x96, 0x20, 0x4c, 0x8e, 0x74, 0x1,
    0xff, 0xc0, 0x49, 0xe6, 0x8b, 0x7d, 0xb6, 0x10,
    0xf, 0xaf, 0xed, 0x67, 0x9d, 0x2f, 0xa, 0x3b,
    0x0, 0x3d, 0xb3, 0xd8, 0x1d, 0x4c, 0x27, 0x3d,
    0x9c, 0x1, 0xe6, 0x60, 0x83, 0x6e, 0xab, 0xa8,
    0x0, 0x64, 0x1, 0xf8, 0x4c, 0xd, 0xf3, 0x20,
    0xf, 0xfe, 0x4, 0xe7, 0xed, 0x3b, 0x98, 0x3,
    0xff, 0x81, 0x1f, 0xb0, 0x57, 0x6f, 0xb4, 0x0,
    0xff, 0xe0, 0x12, 0xc6, 0x7d, 0x93, 0x80, 0x7d,
    0x8a, 0xbf, 0xc3, 0x8c, 0xaa, 0xc0, 0xc, 0xd5,
    0x5f, 0xfc, 0x26, 0x0, 0xd5, 0xff, 0xff, 0xc2,
    0xa0, 0x0,

    /* U+5716 "圖" */
    0x4, 0x4f, 0xfe, 0x31, 0x12, 0xef, 0xff, 0x8c,
    0x80, 0xc, 0xff, 0xff, 0xe1, 0x80, 0x7d, 0x5f,
    0xdd, 0xf7, 0x80, 0x7f, 0xcd, 0xdd, 0xeb, 0x0,
    0xff, 0xe0, 0x3d, 0x57, 0xa4, 0x3, 0xfe, 0xbf,
    0xbb, 0x13, 0x5d, 0xb7, 0x80, 0x3f, 0x37, 0x7f,
    0xe7, 0x3f, 0xfd, 0xda, 0x1, 0xe6, 0xee, 0xe8,
    0x3e, 0xee, 0xd0, 0xf, 0x93, 0xbb, 0x41, 0xf7,
    0x69, 0x0, 0xff, 0x7f, 0xdd, 0xcf, 0xf9, 0xc,
    0x3, 0xfc, 0x27, 0x99, 0x98, 0x4c, 0x3, 0xff,
    0x80, 0x2d, 0xba, 0xbe, 0x0, 0xff, 0xe1, 0xad,
    0x52, 0xc0, 0x3f, 0xf8, 0x67, 0xf7, 0x6c, 0x80,
    0xf, 0xfe, 0x0, 0xf7, 0x3f, 0xfb, 0x98, 0x3,
    0xf9, 0x3f, 0xbb, 0xf7, 0xd0, 0x7, 0xad, 0x9b,
    0xff, 0x86, 0x1, 0x9a, 0xef, 0xff, 0x86, 0x1,
    0xb7, 0x7f, 0xf8, 0x80, 0x0,

    /* U+5728 "在" */
    0x0, 0xf8, 0x50, 0x3, 0xff, 0x8c, 0xd6, 0x60,
    0x1f, 0xfc, 0x5b, 0x23, 0x0, 0xff, 0xe2, 0x11,
    0xa8, 0x7, 0xfc, 0xbf, 0xfd, 0xa0, 0xff, 0xff,
    0xed, 0x78, 0x8c, 0xe0, 0x71, 0x1f, 0xf5, 0x93,
    0xbe, 0x10, 0xe7, 0x7f, 0xf9, 0x80, 0x31, 0xb3,
    0x90, 0x6, 0x58, 0x0, 0xff, 0x78, 0xc0, 0x7,
    0x63, 0x0, 0x7f, 0x39, 0xc0, 0x7, 0xff, 0x11,
    0x20, 0x18, 0x3, 0xff, 0x86, 0x76, 0x1, 0xa7,
    0xff, 0x30, 0xff, 0xf0, 0x2e, 0x24, 0x0, 0x55,
    0x5c, 0x83, 0x55, 0xc1, 0x89, 0x60, 0x18, 0xd5,
    0x71, 0x2, 0xaf, 0x4, 0xd8, 0x7, 0xff, 0xfc,
    0x3, 0xff, 0xa2, 0x6c, 0xdc, 0x40, 0xcd, 0xca,
    0x1, 0xe4, 0x99, 0xe4, 0x19, 0x9e, 0x80,

    /* U+5730 "地" */
    0x0, 0xff, 0xe1, 0x29, 0x0, 0x7f, 0x17, 0x98,
    0x7, 0xeb, 0x40, 0xf, 0xfe, 0xca, 0xc0, 0x7,
    0xff, 0x23, 0x58, 0x3, 0xff, 0xa0, 0x31, 0xa2,
    0x0, 0x77, 0x58, 0x53, 0xb0, 0x7, 0xd9, 0x5c,
    0xe4, 0x60, 0xa, 0xa2, 0x3, 0xd6, 0x80, 0x61,
    0x71, 0x51, 0xab, 0x0, 0xdb, 0xaf, 0xd, 0xd5,
    0x80, 0x6, 0xba, 0x42, 0x2d, 0x40, 0x3f, 0xe1,
    0x76, 0x6, 0xae, 0x11, 0x0, 0x7f, 0xf0, 0x6a,
    0x4c, 0x71, 0x40, 0x3e, 0x30, 0xf, 0xd5, 0xca,
    0x1, 0xf8, 0x40, 0x3f, 0xc2, 0x1, 0xff, 0xc0,
    0x10, 0xf, 0x3b, 0x60, 0x7, 0xe1, 0x2f, 0x10,
    0xe, 0x70, 0xb9, 0x50, 0xf, 0xcd, 0xa9, 0x0,
    0x12, 0xe5, 0x3, 0x74, 0x80, 0x7e, 0x7f, 0xe6,
    0x0, 0xa8, 0xdf, 0xa4, 0x40, 0x3e, 0xe6, 0x0,
    0x8f, 0x84, 0x2f, 0xa0, 0x40, 0x3f, 0xf8, 0x4e,
    0x22, 0x4, 0x10, 0xf, 0x78, 0x80, 0x7e, 0x31,
    0x0, 0xff, 0x18, 0x42, 0xaf, 0x9a, 0x5c, 0x3,
    0xfc, 0x8c, 0xca, 0xaf, 0x4a, 0xc0, 0x0,

    /* U+5740 "址" */
    0x0, 0xc4, 0x20, 0x1f, 0x89, 0x0, 0x3f, 0xd8,
    0xc0, 0x1f, 0x96, 0xc0, 0x3f, 0xff, 0xa2, 0x30,
    0x78, 0x88, 0xe, 0x40, 0x3f, 0xf8, 0x1d, 0xd0,
    0xbf, 0x71, 0x9a, 0x0, 0xff, 0xe0, 0x6e, 0xc2,
    0xdb, 0xa7, 0x0, 0xff, 0xe1, 0x11, 0x41, 0xc4,
    0x41, 0x0, 0xfb, 0xff, 0x60, 0x7, 0xff, 0x16,
    0x23, 0x50, 0x7, 0xff, 0x15, 0xdf, 0x30, 0x7,
    0xff, 0x48, 0x8c, 0x3, 0xff, 0x8d, 0x98, 0xdb,
    0x0, 0xff, 0xe1, 0x94, 0xa, 0x5, 0x40, 0x7,
    0xff, 0x4, 0x73, 0x5d, 0x73, 0xa, 0x1, 0xff,
    0xc2, 0x17, 0x8e, 0xa3, 0x0, 0xff, 0xe2, 0xdb,
    0x88, 0x7, 0xff, 0x30, 0x5d, 0xde, 0xe, 0xf6,
    0x3, 0xbf, 0x0, 0x7c, 0x71, 0x5, 0x8, 0x89,
    0x2, 0x23, 0x84,

    /* U+57F7 "執" */
    0x0, 0xc4, 0x40, 0xf, 0x9, 0x80, 0x7f, 0xd1,
    0x20, 0x1e, 0x9e, 0x0, 0xfc, 0x23, 0x9c, 0x46,
    0x0, 0xff, 0xe0, 0xf, 0x74, 0x87, 0xdd, 0x0,
    0x7f, 0xf0, 0x7, 0x76, 0x43, 0xdd, 0x80, 0x31,
    0x80, 0x7e, 0x22, 0x85, 0xc8, 0xa0, 0xff, 0x38,
    0xff, 0xda, 0x1, 0x33, 0x7f, 0x24, 0x40, 0xc6,
    0x20, 0x60, 0x1a, 0xe2, 0x22, 0x38, 0x8b, 0x5d,
    0xc8, 0x6e, 0xe4, 0x0, 0xdb, 0xa3, 0xee, 0xbc,
    0xf2, 0x40, 0x2, 0x20, 0xf, 0xc6, 0xe, 0x0,
    0x70, 0x20, 0x20, 0x37, 0x0, 0xfe, 0xbf, 0x0,
    0x5d, 0x2, 0x6c, 0x88, 0x80, 0x3e, 0x3f, 0x97,
    0xff, 0x14, 0x7b, 0x53, 0x21, 0x80, 0x7c, 0x55,
    0x52, 0x15, 0x54, 0x4b, 0xa0, 0xa0, 0x1f, 0xa,
    0xac, 0x4c, 0xab, 0x0, 0x63, 0xb0, 0xf0, 0xc,
    0x23, 0x8d, 0xc4, 0x70, 0x20, 0x5a, 0x50, 0x18,
    0x5, 0xfd, 0xd2, 0x9f, 0x75, 0xa1, 0x46, 0x94,
    0x2, 0x20, 0xb, 0x37, 0x64, 0x3d, 0xdb, 0x88,
    0xe8, 0x16, 0x88, 0x6, 0x4, 0x8b, 0x9c, 0x8b,
    0x48, 0xb0, 0x4, 0xa0, 0x46, 0xa0, 0x1f, 0xca,
    0x90, 0x1, 0x84, 0xa9, 0x98, 0x1, 0xf8, 0xe9,
    0x18, 0x3, 0xa9, 0x8c, 0x80, 0x3f, 0x31, 0x50,
    0x7, 0x9e, 0x68, 0x3, 0xa6, 0xc0, 0xb, 0xa2,
    0x1, 0xf3, 0x20, 0x0,

    /* U+5831 "報" */
    0x0, 0xc4, 0x40, 0xf, 0xfe, 0x3c, 0xd8, 0x6,
    0x24, 0x4f, 0xc0, 0x10, 0x8c, 0xe6, 0x23, 0x5,
    0x5d, 0x57, 0x5d, 0x80, 0x9, 0xdd, 0x1a, 0xf7,
    0x40, 0x2, 0xee, 0xe9, 0x0, 0x93, 0x76, 0x35,
    0xdd, 0x80, 0x3f, 0xf8, 0x24, 0x53, 0x99, 0x14,
    0x1, 0xff, 0xc0, 0x55, 0xcc, 0xab, 0x8c, 0x3,
    0x35, 0x52, 0xc4, 0x1, 0x75, 0x51, 0x1d, 0x56,
    0x0, 0xc4, 0x6, 0xb8, 0x0, 0xed, 0x3f, 0xfb,
    0x47, 0x24, 0x3, 0x25, 0x4c, 0x10, 0x4, 0x42,
    0xc0, 0xb, 0x23, 0x0, 0x16, 0xef, 0xc8, 0x1,
    0x57, 0x81, 0x37, 0x80, 0x42, 0xd, 0x11, 0x29,
    0x30, 0x3f, 0xc3, 0x7e, 0x86, 0x79, 0x81, 0xda,
    0xae, 0x1, 0x20, 0x5b, 0xb8, 0x92, 0xee, 0x20,
    0x3, 0x8a, 0x0, 0x15, 0xc0, 0x4, 0x89, 0x31,
    0x22, 0x42, 0x0, 0x15, 0x80, 0x42, 0xa0, 0x1,
    0x16, 0x73, 0x22, 0x84, 0x2, 0x83, 0x58, 0x43,
    0x0, 0x66, 0xec, 0x6b, 0xbb, 0x58, 0x4, 0x4d,
    0x47, 0x0, 0x16, 0x6e, 0xc6, 0xbb, 0xb5, 0x80,
    0x6b, 0x1, 0x30, 0x8, 0x8b, 0x39, 0x91, 0x42,
    0x1, 0xa4, 0x6, 0x80, 0x3f, 0xf8, 0x94, 0x97,
    0xb, 0x40, 0x1f, 0xfc, 0x13, 0xb5, 0x94, 0x77,
    0x2f, 0x8, 0x7, 0xff, 0x1, 0xad, 0x80, 0x11,
    0x4c, 0x20, 0x1a, 0xe4, 0x3, 0x47, 0x6a, 0x0,
    0x65, 0x80,

    /* U+5916 "外" */
    0x0, 0xe1, 0x0, 0xfc, 0x20, 0x1f, 0xfc, 0xe,
    0x80, 0xf, 0x3f, 0x0, 0x7f, 0xc8, 0x18, 0x1,
    0xff, 0xc7, 0xd0, 0x50, 0xf, 0xfe, 0x3b, 0x87,
    0x7f, 0xe5, 0x0, 0xff, 0xe0, 0x98, 0xc5, 0x54,
    0xc0, 0xc0, 0x1f, 0xfc, 0x1a, 0x27, 0x55, 0x84,
    0x8, 0x3, 0xff, 0x80, 0x4d, 0x60, 0x18, 0xc8,
    0x40, 0x28, 0x10, 0xf, 0xa0, 0x58, 0x3, 0x22,
    0x0, 0x33, 0x79, 0x0, 0x73, 0x2c, 0x40, 0x80,
    0x8, 0x18, 0x1, 0xb0, 0xf5, 0x0, 0x35, 0x22,
    0x17, 0x54, 0x38, 0x10, 0x3, 0x16, 0x1d, 0xb0,
    0x5, 0x94, 0x5a, 0xd5, 0x2a, 0xa1, 0x0, 0xe1,
    0xc4, 0x96, 0x0, 0x84, 0x1, 0x30, 0xc1, 0xc0,
    0x1f, 0xac, 0xec, 0x3, 0xe7, 0x13, 0x40, 0xf,
    0xed, 0xc0, 0xf, 0xa4, 0x60, 0x3, 0xfc, 0x22,
    0x0, 0xf2, 0x32, 0xa0, 0x7, 0xff, 0x14, 0xac,
    0x6c, 0x3, 0xff, 0x8a, 0x78, 0x1a, 0x20, 0x1f,
    0xfc, 0x46, 0xc1, 0xb3, 0x0, 0xff, 0xe2, 0x5c,
    0x8e, 0x20, 0x7, 0xff, 0x16, 0x1b, 0x8c, 0x3,
    0xff, 0x8a,

    /* U+591C "夜" */
    0x0, 0xff, 0x29, 0x0, 0x7f, 0xf2, 0x23, 0x80,
    0x3f, 0xf9, 0x10, 0x6a, 0x1, 0xfe, 0x6f, 0xff,
    0xd4, 0x15, 0xff, 0xf6, 0x80, 0x16, 0x23, 0x22,
    0x22, 0x32, 0xa4, 0x47, 0xac, 0x0, 0x6e, 0xf9,
    0x81, 0xdf, 0x33, 0x1d, 0xfc, 0xc0, 0x1e, 0x52,
    0x80, 0x8, 0xcd, 0x0, 0x1f, 0xfc, 0x18, 0x53,
    0x0, 0xbc, 0x2b, 0xff, 0xb8, 0x80, 0x3a, 0xa,
    0x0, 0x26, 0x38, 0xaa, 0xe4, 0x12, 0x0, 0xc8,
    0xe2, 0x40, 0x2, 0x96, 0x66, 0x2a, 0xf8, 0x3,
    0xd, 0x0, 0x61, 0xf0, 0xb0, 0x5d, 0x10, 0x61,
    0x90, 0x8, 0x70, 0x18, 0x0, 0x3a, 0x65, 0x3,
    0x83, 0xa1, 0x66, 0x60, 0xb, 0xb, 0x78, 0x1,
    0xa7, 0xb2, 0xa6, 0x1b, 0x4c, 0x50, 0x1, 0xae,
    0xc6, 0x1, 0x46, 0x1a, 0x23, 0x80, 0x56, 0x59,
    0x0, 0x33, 0x20, 0x6, 0x43, 0x0, 0x51, 0xd8,
    0xe9, 0x48, 0x7, 0xff, 0xc, 0x69, 0x3c, 0x3c,
    0x3, 0xff, 0x8a, 0xc2, 0x25, 0x20, 0xf, 0xfe,
    0x23, 0xe9, 0xba, 0x69, 0x80, 0x7f, 0xf0, 0x53,
    0x21, 0xb6, 0x30, 0x32, 0x48, 0x3, 0xf9, 0xfa,
    0xc2, 0xe4, 0x0, 0x78, 0xcc, 0xdb, 0x20, 0xf,
    0xbd, 0x6f, 0x10, 0x3, 0xc, 0xeb, 0x30, 0xc0,
    0x33, 0xf0, 0x45, 0xa0, 0x7, 0xe2, 0x9d, 0x10,

    /* U+5927 "大" */
    0x0, 0xfe, 0x36, 0x0, 0xff, 0xe3, 0xdc, 0x80,
    0x7f, 0xf7, 0x4, 0x3, 0xff, 0x90, 0x62, 0x1,
    0xff, 0xc7, 0x13, 0x0, 0xff, 0xe3, 0xb0, 0x80,
    0x7f, 0x9b, 0xff, 0xf1, 0x1f, 0xff, 0xee, 0x4,
    0x88, 0xf9, 0x80, 0x7, 0x11, 0xf8, 0x9, 0xdf,
    0xee, 0x1, 0x27, 0x7f, 0x98, 0x3, 0xfb, 0x6,
    0xc5, 0x0, 0x3f, 0xf8, 0x62, 0x8c, 0xa3, 0xe0,
    0x1f, 0xfc, 0x39, 0xb, 0x9, 0x43, 0x0, 0xff,
    0xe0, 0x8b, 0xa1, 0x83, 0xf, 0x0, 0x7f, 0xf0,
    0x6c, 0x24, 0x0, 0x36, 0x4e, 0x1, 0xff, 0x42,
    0xb1, 0x0, 0x4a, 0x90, 0x80, 0x1f, 0xce, 0xe4,
    0x90, 0xe, 0xa1, 0xb4, 0x0, 0xf9, 0xe0, 0xec,
    0x3, 0xc3, 0x83, 0x6a, 0x1, 0x8b, 0x20, 0xf4,
    0x3, 0xf1, 0x60, 0xd5, 0x90, 0x3e, 0x9c, 0x60,
    0x80, 0x7f, 0x17, 0xaa, 0x60, 0x33, 0xf3, 0x80,
    0x7f, 0xf0, 0x6, 0xae, 0x80,

    /* U+5929 "天" */
    0x4, 0x88, 0xff, 0xe2, 0x38, 0x5, 0x8e, 0xff,
    0xfc, 0x4a, 0x0, 0xa3, 0xff, 0xe5, 0x2f, 0xff,
    0xb4, 0x3, 0xff, 0xa8, 0x20, 0x1f, 0xfc, 0x91,
    0x0, 0xff, 0xe3, 0xbb, 0x80, 0x3f, 0xc9, 0xff,
    0xf8, 0xd3, 0xff, 0xf6, 0x3, 0x3b, 0xfc, 0xc0,
    0x4, 0x77, 0xfa, 0xc0, 0xa2, 0x3e, 0xe0, 0x17,
    0x88, 0xf9, 0xc0, 0x3f, 0xa8, 0xa8, 0xd0, 0x3,
    0xff, 0x86, 0xc5, 0x68, 0x70, 0x1, 0xff, 0xc2,
    0x19, 0x26, 0x8, 0x38, 0x0, 0xff, 0xe0, 0xe8,
    0x70, 0x1, 0x1d, 0xca, 0x1, 0xfe, 0x1c, 0x39,
    0x30, 0xa, 0x12, 0x98, 0x3, 0xf2, 0xf9, 0xcb,
    0x0, 0x75, 0x24, 0xc8, 0x3, 0x8e, 0xe8, 0xf1,
    0x80, 0x3c, 0x36, 0xed, 0xce, 0x21, 0x18, 0x91,
    0xa6, 0x1, 0xfd, 0x16, 0x51, 0xc5, 0x31, 0xee,
    0x1, 0xff, 0xc0, 0x4c, 0xc4, 0x90,

    /* U+592A "太" */
    0x0, 0xfe, 0x36, 0x0, 0xff, 0xe3, 0xd4, 0x80,
    0x7f, 0xf7, 0xc, 0x40, 0x3f, 0xf8, 0xe2, 0x60,
    0x1f, 0xfc, 0x77, 0x10, 0xf, 0xf1, 0xc4, 0x7e,
    0x21, 0x88, 0xfc, 0xe0, 0xae, 0xff, 0x84, 0x9d,
    0xff, 0x48, 0x37, 0xff, 0xd8, 0x0, 0x3f, 0xff,
    0xb8, 0x3, 0xf9, 0x1, 0xcc, 0x80, 0x3f, 0xf8,
    0x96, 0x52, 0x14, 0x1, 0xff, 0xc3, 0x13, 0x51,
    0x56, 0x0, 0xff, 0xe1, 0xc0, 0x58, 0x70, 0xb8,
    0x7, 0xff, 0x4, 0x59, 0x4c, 0x11, 0x10, 0x20,
    0x1f, 0xfc, 0xb, 0x8, 0x0, 0xa4, 0x2c, 0x3,
    0xfe, 0x65, 0x15, 0x0, 0x89, 0xd5, 0xc0, 0x3f,
    0x96, 0x4d, 0xa2, 0x40, 0x28, 0x38, 0x60, 0xf,
    0x9e, 0x8f, 0x22, 0xd, 0x60, 0x16, 0x14, 0xb0,
    0x6, 0x3c, 0x84, 0xc0, 0x3, 0xca, 0x58, 0x5,
    0x85, 0x38, 0x61, 0x38, 0x55, 0x60, 0x19, 0xa1,
    0x10, 0x0, 0x1d, 0x73, 0xc3, 0xb7, 0xe5, 0x0,
    0xf3, 0xe2, 0x0, 0x68, 0xc8, 0x30,

    /* U+5931 "失" */
    0x0, 0xfe, 0x55, 0x0, 0x7f, 0xf0, 0xb2, 0xc0,
    0x29, 0x90, 0x7, 0xff, 0x4, 0x8f, 0x0, 0x3f,
    0xf8, 0xd4, 0xa, 0x1, 0xff, 0xc6, 0x60, 0xa8,
    0x88, 0x89, 0x11, 0xf0, 0x7, 0x28, 0x83, 0xbe,
    0x11, 0x3b, 0xfc, 0x20, 0x1a, 0xcf, 0xff, 0x8c,
    0xdf, 0xff, 0x8, 0x5, 0x3, 0x0, 0x1f, 0xfc,
    0x53, 0x76, 0x40, 0xe, 0x17, 0x0, 0xff, 0x1d,
    0xc8, 0x7, 0x8c, 0x40, 0x3f, 0xcb, 0x91, 0x1f,
    0xb, 0x44, 0x7e, 0x70, 0xf7, 0x7f, 0xc0, 0x6e,
    0xff, 0xa4, 0x2b, 0xff, 0xe6, 0x1, 0x4f, 0xff,
    0xb8, 0x3, 0xf0, 0xb2, 0x5a, 0x20, 0x3, 0xff,
    0x87, 0x1, 0xea, 0x50, 0x1, 0xff, 0xc2, 0x66,
    0x2a, 0x4, 0x9d, 0x0, 0x7f, 0xf0, 0x1e, 0x4a,
    0x80, 0x9, 0x2b, 0x20, 0x1f, 0xc3, 0x70, 0x78,
    0x1, 0x99, 0xdb, 0xc, 0x3, 0x86, 0x39, 0x1b,
    0x4, 0x3, 0xa2, 0x8b, 0x25, 0x0, 0x11, 0xce,
    0x99, 0x20, 0x1f, 0x97, 0xd9, 0x97, 0xc5, 0x6d,
    0xb6, 0x60, 0x1f, 0xe1, 0x9f, 0x99, 0x10,

    /* U+59CB "始" */
    0x0, 0xca, 0x20, 0x1f, 0x12, 0x80, 0x7f, 0x86,
    0x94, 0x3, 0xe8, 0xa2, 0x0, 0xfe, 0x50, 0x50,
    0xf, 0x12, 0xb1, 0x0, 0x7f, 0x10, 0x8, 0x7,
    0xa0, 0x20, 0x0, 0x20, 0x1f, 0x79, 0x80, 0x78,
    0x95, 0xc4, 0x1b, 0x88, 0x3, 0x7f, 0x98, 0xff,
    0xe7, 0x0, 0x49, 0x40, 0x1, 0x8b, 0x80, 0x34,
    0xc0, 0x2c, 0xc8, 0x4, 0x15, 0x38, 0x3, 0x71,
    0xb8, 0x4, 0xca, 0x10, 0xcc, 0x2, 0x1b, 0x73,
    0x0, 0x9, 0x2, 0x40, 0x80, 0x48, 0x4, 0x6,
    0xf, 0x82, 0xdd, 0xfe, 0xed, 0xc4, 0xb, 0x0,
    0xbd, 0x0, 0xc, 0x6, 0xc8, 0xed, 0x15, 0x79,
    0xbd, 0xa, 0x20, 0x7, 0xc0, 0x6, 0x90, 0x5d,
    0xa6, 0x1d, 0x50, 0xc8, 0x5e, 0x84, 0x8, 0x50,
    0x0, 0x8e, 0x0, 0x22, 0xff, 0x28, 0x1, 0xc2,
    0x80, 0x4f, 0x0, 0x19, 0xbb, 0xfb, 0x0, 0x25,
    0x96, 0xc9, 0x7, 0x0, 0x9f, 0x77, 0xcc, 0x1,
    0xcd, 0x84, 0xe8, 0x20, 0x17, 0x11, 0x7b, 0x80,
    0x3c, 0x76, 0x8, 0x80, 0xf, 0xfe, 0x34, 0x19,
    0xac, 0xc0, 0x3f, 0xf8, 0x92, 0x5d, 0x85, 0xe0,
    0x1f, 0xfc, 0x38, 0x68, 0x20, 0xcf, 0x0, 0x63,
    0x37, 0xb4, 0x3, 0x5b, 0xbc, 0x0, 0x13, 0x0,
    0x2c, 0xcf, 0x94, 0x3, 0x64, 0xc0, 0x7, 0xd3,
    0xff, 0xe8, 0x0, 0x80,

    /* U+5B8C "完" */
    0x0, 0xfe, 0x48, 0x0, 0xff, 0xe3, 0x9b, 0xa0,
    0x7, 0xff, 0x19, 0xc6, 0x0, 0x3f, 0xcb, 0xff,
    0xf8, 0x4f, 0xff, 0xee, 0x0, 0xcf, 0x11, 0xff,
    0xc2, 0x30, 0xe, 0xa7, 0x7f, 0xfe, 0x12, 0x80,
    0x7f, 0xf3, 0x4, 0x8c, 0xdf, 0xff, 0xf6, 0x87,
    0x10, 0x1, 0x34, 0x4a, 0x67, 0xfe, 0x80, 0x7c,
    0x0, 0xe1, 0x66, 0xff, 0x94, 0x3, 0xff, 0x9d,
    0xdf, 0xff, 0xfc, 0x68, 0x8, 0x99, 0xe0, 0x49,
    0x99, 0x42, 0x26, 0x7a, 0xc1, 0x9b, 0xc1, 0xac,
    0xd6, 0x3, 0x37, 0x8c, 0x3, 0xc6, 0x4, 0x1,
    0xff, 0xc6, 0x50, 0x60, 0xf, 0xfe, 0x35, 0x19,
    0x0, 0x7f, 0x90, 0x80, 0x39, 0xe, 0x80, 0x3f,
    0xec, 0xe0, 0xc, 0x96, 0x4c, 0x1, 0xff, 0x13,
    0x80, 0x12, 0xec, 0x78, 0x1, 0xc4, 0x12, 0xab,
    0x32, 0x60, 0x6d, 0xbd, 0x60, 0x80, 0x72, 0x21,
    0xea, 0xa9, 0x26, 0xf, 0xec, 0x50, 0xf, 0xd7,
    0xff, 0xd8, 0x20,

    /* U+5B9A "定" */
    0x0, 0xfe, 0x16, 0x20, 0xf, 0xfe, 0x44, 0xc8,
    0x3, 0xff, 0x8e, 0x2e, 0x84, 0x1, 0xfe, 0x2f,
    0xff, 0xce, 0x1b, 0xff, 0xf1, 0x0, 0x65, 0x88,
    0xff, 0xe1, 0x28, 0x7, 0xbd, 0xdf, 0xff, 0x85,
    0xe0, 0x1f, 0xfc, 0xe3, 0x46, 0x17, 0x7f, 0xfe,
    0x2, 0xb2, 0x18, 0x0, 0x6c, 0xcd, 0x11, 0xff,
    0xc0, 0xe3, 0xb1, 0x0, 0xe2, 0xff, 0xe6, 0xf,
    0xfe, 0xb0, 0xf, 0xe2, 0x10, 0xf, 0xfe, 0x46,
    0xc0, 0x7, 0xff, 0x1c, 0x83, 0x80, 0x39, 0x9b,
    0xc4, 0x1, 0xf3, 0x81, 0x80, 0x74, 0xcf, 0x9c,
    0x3, 0xec, 0x2, 0x0, 0xef, 0xff, 0x28, 0x7,
    0xce, 0x16, 0x1, 0xff, 0xc6, 0x41, 0x92, 0x70,
    0xf, 0xfe, 0x2c, 0x13, 0x4c, 0x30, 0x7, 0xff,
    0xd, 0x8e, 0x1, 0x9e, 0x6c, 0x80, 0x3f, 0xf8,
    0x9, 0x2a, 0xa0, 0x4, 0x5a, 0xa0, 0x5d, 0x4b,
    0xbf, 0x80, 0x12, 0x74, 0x1, 0x93, 0xad, 0x9d,
    0x1a, 0x23, 0xb0, 0x1, 0x9a, 0x1, 0xf2, 0x4e,
    0x77, 0xff, 0xac, 0x0,

    /* U+5BB6 "家" */
    0x0, 0xfc, 0x6a, 0x1, 0xff, 0xc7, 0xba, 0x30,
    0xf, 0xf9, 0x9b, 0xef, 0xf, 0x66, 0xfc, 0x40,
    0x33, 0x3f, 0x40, 0x1c, 0xcf, 0xe4, 0x0, 0xab,
    0xff, 0xff, 0x85, 0xc0, 0x1f, 0xfc, 0xf9, 0xff,
    0xff, 0xe0, 0x10, 0x6, 0x1f, 0x5a, 0xad, 0x22,
    0x11, 0x55, 0xc6, 0x3e, 0xc0, 0x18, 0xd5, 0x47,
    0x3, 0x8e, 0xab, 0xce, 0x1, 0xf0, 0xbe, 0xc4,
    0x94, 0x80, 0x61, 0xc9, 0x60, 0xc, 0xd9, 0xd3,
    0x5c, 0xfc, 0xaa, 0x0, 0x27, 0x95, 0xb0, 0x6,
    0xd7, 0xae, 0x70, 0x4e, 0x8, 0x19, 0xb7, 0xe4,
    0x0, 0xeb, 0xb2, 0x81, 0x55, 0xae, 0x17, 0x30,
    0x58, 0x7, 0xf2, 0x5e, 0x86, 0xc1, 0x89, 0xf1,
    0x40, 0x7, 0xd3, 0xd6, 0x39, 0x44, 0x4d, 0x10,
    0x1b, 0x53, 0x0, 0xfa, 0x7a, 0x8c, 0x1f, 0x59,
    0x86, 0xc, 0x7c, 0x1, 0xe9, 0x71, 0x4, 0xd8,
    0x85, 0x88, 0x5, 0xc5, 0x60, 0x1f, 0x36, 0xdb,
    0xf3, 0x80, 0x88, 0x0, 0x56, 0x9a, 0x20, 0x3,
    0xaf, 0x97, 0xda, 0x10, 0x2, 0x20, 0x2, 0x4c,
    0x2e, 0x81, 0x13, 0xc6, 0xd1, 0x22, 0xaa, 0xca,
    0x40, 0x31, 0xf2, 0xa8, 0x4b, 0x5c, 0x80, 0x1b,
    0x54, 0x6a, 0x30, 0xe, 0x1a, 0xd0, 0xf, 0xa7,
    0xfd, 0xaa, 0x1, 0xfe,

    /* U+5BC6 "密" */
    0x0, 0xfe, 0x16, 0x10, 0xf, 0xfe, 0x3c, 0xb8,
    0x7, 0xf8, 0x55, 0x7e, 0x41, 0xa5, 0x5f, 0xc2,
    0xb, 0x55, 0xf8, 0x4e, 0xab, 0xf2, 0x80, 0x5b,
    0xff, 0xa3, 0x7f, 0xff, 0x60, 0x7, 0xfb, 0x75,
    0x42, 0x0, 0x6e, 0x20, 0xe, 0x71, 0x0, 0x8e,
    0xeb, 0x13, 0xc5, 0x65, 0x88, 0x4, 0x40, 0x3,
    0xe1, 0xc1, 0x74, 0x3, 0xf9, 0x6a, 0x78, 0x78,
    0x2e, 0x40, 0xb, 0xdc, 0x40, 0x31, 0xe4, 0x4c,
    0x1, 0x3c, 0x80, 0x68, 0x39, 0x0, 0xcf, 0xaf,
    0xac, 0xa, 0x16, 0xd2, 0x0, 0x67, 0xa2, 0x0,
    0xb6, 0x27, 0x8, 0x1, 0x9e, 0x94, 0xcc, 0x2,
    0x95, 0x39, 0xa0, 0x39, 0x24, 0x49, 0x5f, 0x41,
    0x5b, 0x80, 0x1f, 0xd8, 0x8c, 0xc3, 0x9b, 0xbe,
    0x56, 0x0, 0x4c, 0x7, 0x24, 0xee, 0xa2, 0x77,
    0xd6, 0x7f, 0xdd, 0x62, 0x1, 0xd5, 0xae, 0x40,
    0x1c, 0x9e, 0x1, 0xc2, 0x20, 0xe, 0x6f, 0x0,
    0xff, 0xe0, 0x7c, 0x80, 0x7f, 0xf9, 0x7b, 0xb8,
    0x5b, 0xbb, 0x84, 0x3, 0xcb, 0x13, 0x3d, 0x10,
    0x99, 0xe0, 0xf, 0x8d, 0xdf, 0xff, 0x82, 0x20,
    0x10,

    /* U+5C0F "小" */
    0x0, 0xff, 0x46, 0x0, 0x7f, 0xf2, 0x8, 0x80,
    0x1f, 0xff, 0xf0, 0xe, 0x48, 0x10, 0xf, 0xc3,
    0x26, 0x1, 0xfb, 0x9c, 0x40, 0x3f, 0xb, 0xf8,
    0x7, 0xe4, 0x50, 0xf, 0xf4, 0x1a, 0x80, 0x78,
    0xc7, 0xc0, 0x3f, 0xcc, 0x30, 0x1, 0xea, 0x4,
    0x0, 0xff, 0xa0, 0x98, 0x3, 0x9d, 0x4, 0x3,
    0xfe, 0x62, 0x80, 0xc, 0xc3, 0xc0, 0x1f, 0xfc,
    0x1a, 0x14, 0x0, 0xac, 0x94, 0x3, 0xff, 0x82,
    0xc1, 0xe0, 0x8, 0x28, 0x0, 0xff, 0xe1, 0xa,
    0x20, 0x0, 0xab, 0x0, 0x7f, 0xf0, 0xf4, 0x14,
    0x36, 0x80, 0x3f, 0xf8, 0x8f, 0x4a, 0x1, 0xff,
    0xc7, 0x15, 0x0, 0xff, 0xe8, 0xb3, 0xba, 0x10,
    0x80, 0x3f, 0xf8, 0x9d, 0x10, 0x62, 0x80, 0xf,
    0xfe, 0x24, 0x7f, 0xbb, 0x10, 0x3, 0xfc,

    /* U+5C1A "尚" */
    0x0, 0xfc, 0xc8, 0x1, 0xfc, 0xe8, 0x1, 0xd1,
    0xa0, 0x1c, 0xb2, 0x21, 0x94, 0x20, 0x1f, 0xe1,
    0xb2, 0x10, 0xa0, 0xd0, 0xf, 0xf4, 0xd, 0x0,
    0x6, 0x8d, 0x80, 0x3f, 0x23, 0x48, 0x80, 0x48,
    0x8b, 0x0, 0xfd, 0x4c, 0xc0, 0xe, 0xad, 0x0,
    0xfd, 0x92, 0x1, 0x27, 0xfb, 0xbf, 0xf0, 0xb7,
    0xfd, 0xbf, 0xf2, 0x80, 0x1e, 0x67, 0xff, 0x81,
    0x0, 0x1a, 0x99, 0xbf, 0xf8, 0xe, 0x1, 0xf2,
    0x27, 0xe0, 0xf, 0xf5, 0xdf, 0xe0, 0xf, 0xfa,
    0xff, 0xf5, 0x0, 0x7f, 0xf9, 0x31, 0x57, 0x68,
    0x7, 0xff, 0x1, 0xea, 0xb3, 0x80, 0x7f, 0xf0,
    0x2f, 0xff, 0xc0, 0x1f, 0xe9, 0x50, 0xf, 0xfe,
    0x23, 0x8, 0x7, 0x1b, 0xba, 0x0, 0x40, 0x3f,
    0xf8, 0x31, 0x2a, 0xc8,

    /* U+5C4F "屏" */
    0x0, 0x95, 0x7f, 0xf8, 0x86, 0x1, 0xae, 0xab,
    0xff, 0x87, 0x60, 0x1c, 0xff, 0xff, 0xfc, 0x10,
    0xf, 0xfe, 0x83, 0xf7, 0x7f, 0xf0, 0x40, 0x3e,
    0x48, 0x89, 0xa2, 0x3e, 0x78, 0x9b, 0x0, 0xe3,
    0x66, 0x3b, 0x85, 0x9b, 0x9d, 0xb1, 0x8c, 0x3,
    0x8, 0x4, 0x2d, 0x2, 0x1, 0xa4, 0x2c, 0x3,
    0xf0, 0x99, 0xb5, 0x88, 0xcf, 0x3b, 0x11, 0x98,
    0x3, 0xbe, 0x73, 0x16, 0xd9, 0x9c, 0xd, 0x99,
    0x10, 0x7, 0x47, 0x74, 0x11, 0xdd, 0x81, 0xfb,
    0xa2, 0x0, 0x8, 0x10, 0x8, 0xc0, 0x1, 0x1c,
    0x1e, 0x23, 0x0, 0x44, 0xc, 0x1, 0xff, 0xc6,
    0x60, 0x7, 0xfe, 0x8, 0xff, 0xc1, 0x1f, 0xf6,
    0x0, 0x34, 0xe, 0xaa, 0x60, 0x8a, 0xac, 0xb,
    0x55, 0x40, 0x1, 0x10, 0xa, 0xb1, 0x8b, 0xaa,
    0xe0, 0xd5, 0x59, 0x0, 0x4f, 0x0, 0x24, 0x56,
    0x0, 0xff, 0xe0, 0x48, 0x28, 0x1, 0x2c, 0xa0,
    0x3, 0xff, 0x80, 0xc8, 0x43, 0x56, 0x58, 0x1,
    0xff, 0xc0, 0x14, 0x80, 0x11, 0x3e, 0x88, 0x7,
    0xff, 0x0, 0x68, 0xc0, 0x17, 0x0, 0x1f, 0xbd,
    0xc0, 0x30,

    /* U+5DF2 "已" */
    0x0, 0xff, 0xe3, 0xff, 0xff, 0xf1, 0x4, 0x1,
    0x33, 0xff, 0xc2, 0x50, 0xc, 0xcd, 0xff, 0xc2,
    0xc0, 0xf, 0xfe, 0x61, 0xb0, 0x7, 0xff, 0x16,
    0xa0, 0x3, 0xff, 0xb2, 0x2e, 0xff, 0xf6, 0x80,
    0x7d, 0x11, 0xff, 0x20, 0x7, 0x87, 0xff, 0xfe,
    0x90, 0xf, 0xfe, 0x33, 0x78, 0x80, 0x7f, 0xf6,
    0x8c, 0x3, 0xff, 0x8d, 0x16, 0x1, 0xff, 0xc5,
    0x60, 0xf, 0xfe, 0x28, 0x91, 0x87, 0x8, 0x80,
    0x3f, 0xf8, 0xe, 0x18, 0x8, 0x19, 0xe, 0xff,
    0xea, 0x92, 0x40, 0x3a, 0x16, 0x88, 0xff, 0x3b,
    0x60, 0x0,

    /* U+5E03 "布" */
    0x0, 0xfe, 0x51, 0x0, 0xff, 0xe3, 0x1d, 0x38,
    0x7, 0xff, 0x1a, 0x81, 0x80, 0x3f, 0xf8, 0xce,
    0xa0, 0x1f, 0xfc, 0x6, 0xff, 0xf0, 0xaf, 0xff,
    0xfb, 0x81, 0x26, 0x78, 0xa, 0x67, 0xfe, 0xb0,
    0x26, 0x6c, 0x21, 0xcc, 0xc7, 0x56, 0x6f, 0x94,
    0x3, 0x8a, 0x14, 0xc0, 0xd, 0x80, 0x1f, 0xfc,
    0x19, 0xb, 0x0, 0xff, 0xe2, 0xb2, 0x1b, 0x3b,
    0xd8, 0xe, 0xfe, 0x40, 0xc, 0x92, 0x7, 0x11,
    0x90, 0x22, 0x3d, 0xc0, 0x12, 0x59, 0x8b, 0x7f,
    0xe8, 0xf, 0xfe, 0x20, 0x9, 0xed, 0x70, 0xc0,
    0x3f, 0xf8, 0x9a, 0xd4, 0x1, 0xff, 0xc6, 0xa9,
    0x0, 0xff, 0xff, 0x1f, 0xfc, 0x58, 0x1, 0xea,
    0xc0, 0xf, 0x8e, 0xa9, 0x7a, 0xc0, 0x1e, 0x75,
    0x0, 0xfc, 0xaa, 0x42, 0x0, 0xff, 0xe5, 0x80,

    /* U+5E55 "幕" */
    0x0, 0xf1, 0x30, 0x7, 0x98, 0x80, 0x3f, 0xf8,
    0xf, 0x22, 0x1, 0xd2, 0x80, 0x1f, 0x3f, 0xfe,
    0xa0, 0xef, 0xfe, 0x9, 0xff, 0xd2, 0x0, 0x6b,
    0xbc, 0xe1, 0x57, 0x7c, 0xd, 0x77, 0xc0, 0x1,
    0x44, 0xd7, 0x8, 0x9e, 0x9a, 0x44, 0xc4, 0x1,
    0xdf, 0xec, 0x8e, 0xff, 0xe9, 0xcf, 0xf4, 0x0,
    0x7e, 0xaf, 0xff, 0xf8, 0x3, 0xfd, 0x5d, 0xdf,
    0xf0, 0x7, 0xfa, 0x7b, 0xbf, 0xe0, 0xf, 0xf8,
    0x47, 0xfe, 0x0, 0xff, 0x4f, 0x77, 0xfc, 0x1,
    0xfd, 0xff, 0x30, 0x6f, 0xff, 0xe8, 0x0, 0xd5,
    0xff, 0xcc, 0x1b, 0xff, 0xfe, 0xe0, 0x4, 0x66,
    0x2d, 0x2, 0x33, 0x6, 0x6c, 0xc5, 0x89, 0xde,
    0x63, 0x40, 0x4, 0x65, 0xe9, 0xe, 0x66, 0x70,
    0x33, 0x26, 0x94, 0x89, 0x98, 0x2, 0x7f, 0x40,
    0x8f, 0xf9, 0xf, 0xfe, 0xc1, 0x2d, 0xb4, 0x0,
    0x6c, 0x4d, 0x85, 0xee, 0xc6, 0x6d, 0xdc, 0x87,
    0x61, 0x44, 0x1d, 0xc7, 0x0, 0x31, 0x14, 0xee,
    0x22, 0xc0, 0xe9, 0x7c, 0x40, 0x62, 0x1, 0xff,
    0x11, 0x1c, 0x3, 0xff, 0x8f, 0xd8, 0x3c, 0x1,
    0xf9, 0x3c, 0x80, 0x3e, 0xce, 0xd5, 0x0, 0xc0,

    /* U+5E76 "并" */
    0x0, 0xc6, 0x60, 0xf, 0xc6, 0xa0, 0x1f, 0xbf,
    0x44, 0x3, 0xef, 0xa1, 0x0, 0xfb, 0x86, 0xc0,
    0x3c, 0x47, 0x2, 0x1, 0xf1, 0x42, 0x98, 0x7,
    0x40, 0xb8, 0x7, 0xf3, 0x9b, 0x80, 0x62, 0x59,
    0x0, 0xf7, 0x7f, 0xe3, 0xbf, 0xfd, 0xa1, 0x1f,
    0xf8, 0xc2, 0x62, 0x23, 0x8, 0x8f, 0x10, 0xc4,
    0x62, 0x7, 0x7c, 0xa2, 0xef, 0xe6, 0x27, 0x7c,
    0x20, 0x1f, 0xff, 0x5, 0x77, 0xca, 0x2e, 0xfe,
    0x62, 0x77, 0xcd, 0xd1, 0x18, 0xc2, 0x23, 0xc4,
    0x31, 0x1d, 0x7f, 0xf8, 0xd3, 0xff, 0xc8, 0x7f,
    0xfb, 0x80, 0x38, 0xcc, 0x1, 0xff, 0xc5, 0x60,
    0xc0, 0xf, 0xfe, 0x2d, 0x8a, 0x0, 0x7f, 0xf1,
    0x28, 0xa0, 0x3, 0xff, 0x89, 0x2a, 0xcc, 0x0,
    0xff, 0xe1, 0x1e, 0xb2, 0xc8, 0x7, 0xff, 0xd,
    0xce, 0x28, 0x3, 0xff, 0x88, 0x9c, 0xe0, 0x1f,
    0xeb, 0xc0, 0xe,

    /* U+5E94 "应" */
    0x0, 0xff, 0xa, 0x80, 0x7f, 0xf1, 0xde, 0x90,
    0x3, 0xff, 0x8c, 0xc3, 0x0, 0x1f, 0xe2, 0x66,
    0xfc, 0xa6, 0xec, 0xde, 0x40, 0x3, 0x4c, 0xfe,
    0x40, 0x89, 0x9f, 0x70, 0x6, 0xcf, 0xff, 0xfe,
    0x1d, 0x0, 0x7f, 0xc4, 0x1, 0xe4, 0x0, 0xff,
    0xe0, 0x1e, 0x98, 0x6, 0x1b, 0x70, 0xf, 0xbd,
    0x40, 0x6, 0x36, 0x1, 0x9c, 0x14, 0x3, 0xe4,
    0xe0, 0x9, 0x14, 0x3, 0x69, 0x90, 0x4, 0x20,
    0x21, 0xc8, 0x40, 0xf, 0x21, 0x0, 0xa, 0x58,
    0x7, 0xe5, 0x5, 0x0, 0x20, 0x20, 0x1, 0xc1,
    0x80, 0x31, 0x81, 0x80, 0x16, 0x80, 0x2, 0x58,
    0x0, 0xa4, 0x10, 0xc, 0x20, 0x20, 0xf, 0x22,
    0x0, 0x1d, 0x0, 0xcd, 0x0, 0x1d, 0xc2, 0x1,
    0x20, 0x20, 0x2, 0x7c, 0x25, 0xc, 0x3, 0x95,
    0x40, 0x10, 0xcb, 0x80, 0xc, 0x88, 0xb0, 0x1,
    0xe3, 0x30, 0x6, 0x61, 0x0, 0xd2, 0x86, 0x1,
    0xc6, 0x18, 0x1, 0xfc, 0x88, 0x80, 0xf, 0x50,
    0x23, 0x7f, 0xfe, 0xb0, 0xcf, 0xfe, 0x6, 0x60,
    0x2c, 0x47, 0xff, 0x10, 0x2e, 0xc0, 0x6e, 0xff,
    0xfc, 0x40,

    /* U+5EA6 "度" */
    0x0, 0xff, 0x13, 0x0, 0x7f, 0xf2, 0x6, 0x5c,
    0x3, 0xff, 0x80, 0x67, 0xf0, 0x14, 0x99, 0xfc,
    0x40, 0x11, 0x66, 0x7e, 0x21, 0xcc, 0xfb, 0xc0,
    0x3a, 0x77, 0x6c, 0xc6, 0xef, 0x66, 0x37, 0x6f,
    0x0, 0xe2, 0x2c, 0x9a, 0x45, 0xc9, 0xa4, 0x58,
    0x3, 0x84, 0xce, 0xe1, 0x33, 0xee, 0x13, 0x38,
    0x80, 0x38, 0xf3, 0x26, 0xc, 0xce, 0x60, 0xcc,
    0xa8, 0x3, 0x8b, 0xfe, 0x81, 0xff, 0xe8, 0x1f,
    0xfa, 0x0, 0x3f, 0xf9, 0xa2, 0xe, 0x1, 0x85,
    0x13, 0xb4, 0x3, 0xff, 0x86, 0x35, 0x5c, 0x86,
    0x1, 0xf3, 0x0, 0x80, 0x4f, 0xdd, 0xf6, 0x80,
    0x7c, 0x60, 0x59, 0xff, 0xff, 0xc0, 0xa0, 0xe,
    0xe0, 0x7, 0xdb, 0x84, 0x5d, 0xf9, 0x2, 0x40,
    0x38, 0xcc, 0x6, 0x90, 0x92, 0xc8, 0x9b, 0x12,
    0x8c, 0x3, 0x95, 0x0, 0x35, 0xae, 0xc0, 0x1e,
    0x35, 0x28, 0x7, 0x10, 0xe8, 0x7, 0x5c, 0x3f,
    0x60, 0x7a, 0x80, 0x7a, 0xc1, 0x40, 0x4, 0x91,
    0x90, 0xa, 0x27, 0xb0, 0x82, 0x1, 0x9d, 0x82,
    0x7f, 0x6d, 0x55, 0x7f, 0x7d, 0x6a, 0xd7, 0xdf,
    0x60, 0xd, 0xb0, 0xba, 0xdf, 0xd9, 0x40, 0x9,
    0x27, 0xb9, 0x71, 0xe0,

    /* U+5EA7 "座" */
    0x0, 0xff, 0x91, 0x0, 0x1f, 0xfc, 0x8e, 0xa0,
    0xf, 0xfe, 0x44, 0xc, 0x80, 0x7f, 0x97, 0xff,
    0xf6, 0x83, 0x7f, 0xfc, 0x40, 0x1a, 0xab, 0xff,
    0x8a, 0x40, 0x19, 0x57, 0xff, 0x8a, 0x1, 0xfc,
    0xe4, 0x0, 0xd7, 0x0, 0xb, 0x88, 0x7, 0xf9,
    0x20, 0x2, 0x30, 0x9, 0xe0, 0x3, 0xfe, 0xd1,
    0x20, 0xf, 0x52, 0x8, 0x7, 0x18, 0x4, 0x2c,
    0x28, 0x1, 0xc4, 0x6c, 0x40, 0x1f, 0xd6, 0x31,
    0x6c, 0x1, 0xb8, 0xd7, 0x54, 0x3, 0xe7, 0x5b,
    0x7a, 0x94, 0xf, 0xb2, 0xe8, 0xaa, 0x38, 0x4,
    0x20, 0x73, 0xa, 0xb, 0x68, 0x2, 0x2c, 0x20,
    0x5b, 0xb0, 0x5, 0xe4, 0x7c, 0xe0, 0x12, 0x0,
    0x3a, 0x88, 0x2, 0x4c, 0x0, 0x84, 0x40, 0x3f,
    0xfe, 0x18, 0xff, 0xed, 0x0, 0xca, 0xc0, 0x35,
    0x5e, 0x5, 0xaa, 0xe9, 0x0, 0xc7, 0xa0, 0x5,
    0x5f, 0xe, 0xaa, 0xf2, 0x0, 0x44, 0x6, 0x1,
    0xff, 0xc7, 0x40, 0x50, 0xf, 0xfe, 0x3d, 0x20,
    0x9a, 0x27, 0xc3, 0xa8, 0x9f, 0x8, 0x8f, 0x42,
    0x2e, 0xfe, 0x5, 0xbb, 0xf8, 0x87, 0x18, 0x2f,
    0xff, 0xff, 0x88, 0x60,

    /* U+5EAD "庭" */
    0x0, 0xff, 0x9c, 0xc0, 0x3f, 0xf9, 0x17, 0x0,
    0x1f, 0xf1, 0x33, 0x7f, 0x23, 0xb3, 0x79, 0x40,
    0x27, 0x99, 0xfc, 0xa1, 0x13, 0x3e, 0xb0, 0xe,
    0xff, 0xff, 0xe2, 0x70, 0x7, 0x8d, 0x12, 0x50,
    0xf, 0x13, 0x52, 0x0, 0x7d, 0xd7, 0x75, 0x29,
    0xbd, 0x67, 0xec, 0x8, 0x80, 0x3e, 0xdf, 0xf2,
    0x1a, 0xbd, 0x9d, 0x8b, 0xf5, 0xa8, 0x7, 0xf2,
    0xa7, 0x2, 0x64, 0xb9, 0x80, 0x7e, 0x30, 0x8,
    0x6e, 0x8, 0x3, 0xff, 0x8d, 0x40, 0x68, 0x20,
    0xcd, 0x19, 0x99, 0xa0, 0xf, 0xa5, 0x6, 0xed,
    0x3, 0x11, 0xa, 0x44, 0x42, 0x1, 0x8, 0x2,
    0x3f, 0xe1, 0xc1, 0xee, 0x89, 0xfb, 0xa1, 0x0,
    0xbc, 0x41, 0x58, 0xc, 0x50, 0x3, 0xff, 0x82,
    0x24, 0x5, 0x61, 0x46, 0x20, 0x1f, 0xfc, 0x12,
    0x70, 0x72, 0x66, 0x48, 0x2b, 0x34, 0x66, 0x66,
    0x8c, 0x2, 0x53, 0x1, 0x79, 0x25, 0x8, 0x8c,
    0xb, 0x11, 0x58, 0x0, 0x45, 0xa0, 0xc, 0x1,
    0x0, 0x6f, 0x77, 0xe8, 0x0, 0x20, 0x38, 0x15,
    0x11, 0xe9, 0x80, 0x7f, 0xf0, 0x38, 0x8a, 0xf3,
    0xcd, 0xc, 0xd9, 0x65, 0x5f, 0x80, 0xd, 0x41,
    0x83, 0x82, 0x5b, 0x68, 0xb1, 0x55, 0xeb, 0x0,
    0x6b, 0x6, 0x60, 0x40, 0x24, 0x9c, 0xef, 0xff,
    0x70, 0x0,

    /* U+5EF6 "延" */
    0x0, 0xff, 0xe3, 0x90, 0x7, 0xe1, 0x0, 0xf8,
    0x51, 0xef, 0xf4, 0xc0, 0x1b, 0xff, 0xb8, 0xc1,
    0x5e, 0x73, 0xb9, 0x72, 0x33, 0xa6, 0x0, 0x9b,
    0xb8, 0x88, 0x61, 0x74, 0x69, 0xa, 0x3d, 0x4c,
    0x40, 0x12, 0x24, 0xe5, 0x20, 0xe, 0xda, 0x86,
    0x20, 0xf, 0xfb, 0xcd, 0x0, 0x3f, 0xf8, 0xc8,
    0x7e, 0x1, 0xa, 0x0, 0x7f, 0xf0, 0xa5, 0x8c,
    0x2, 0x7b, 0x0, 0xff, 0xe0, 0xd1, 0xb, 0xb9,
    0x0, 0x3e, 0x1f, 0xfd, 0x80, 0x5, 0x50, 0xb4,
    0xc7, 0x80, 0x7e, 0x99, 0xe0, 0x2, 0xf7, 0x62,
    0x30, 0xf, 0x85, 0x9b, 0x28, 0x4, 0x40, 0x11,
    0x68, 0x7, 0xff, 0x13, 0x14, 0x10, 0x1c, 0x3,
    0xff, 0x88, 0xdc, 0x1a, 0x44, 0x0, 0xff, 0xe2,
    0x5a, 0x33, 0x28, 0x3, 0xff, 0x8a, 0x4f, 0x20,
    0xc0, 0x1b, 0xfe, 0x71, 0xff, 0xe0, 0xd, 0x20,
    0x26, 0x0, 0x4a, 0xaf, 0xf8, 0x3, 0x40, 0xe,
    0x18, 0x12, 0xaf, 0xfc, 0x1, 0x1b, 0x2e, 0x6,
    0x51, 0x80, 0x7f, 0xf0, 0x4b, 0x46, 0xcf, 0xd9,
    0x73, 0xae, 0x1d, 0x9b, 0xe1, 0xc, 0xd, 0x10,
    0x19, 0xe9, 0x77, 0x34, 0xcf, 0xd0, 0x21, 0x18,
    0x60, 0x18, 0x5a, 0x73, 0xb9, 0xff, 0xee, 0x0,

    /* U+5F00 "开" */
    0xe, 0xff, 0xff, 0xe2, 0x98, 0x44, 0xcc, 0xa1,
    0x13, 0x3c, 0x81, 0x33, 0x88, 0x19, 0xb6, 0x3,
    0x37, 0x8c, 0x59, 0xb0, 0x80, 0x7f, 0xff, 0xc0,
    0x38, 0x47, 0xb8, 0xc, 0x47, 0xc0, 0x23, 0xd5,
    0xdd, 0x9c, 0x37, 0xbb, 0x98, 0x7b, 0xb7, 0xc5,
    0xde, 0x40, 0xbb, 0xf2, 0x85, 0xde, 0xa3, 0x44,
    0xc0, 0x68, 0x9e, 0x21, 0x44, 0xe0, 0xe, 0x56,
    0x0, 0xff, 0xe2, 0xa0, 0xe0, 0x7, 0xff, 0x17,
    0x81, 0x80, 0x3f, 0xf8, 0x88, 0xaa, 0x0, 0xff,
    0xe2, 0xd, 0xd, 0x80, 0x7f, 0xf0, 0xc7, 0x46,
    0x84, 0x3, 0xff, 0x84, 0x7e, 0x72, 0x80, 0x1f,
    0xfc, 0x43, 0xb6, 0x0, 0xff, 0xe2, 0x1e, 0xa0,
    0x7, 0xfa, 0x38, 0x3, 0x80,

    /* U+5F0F "式" */
    0x0, 0xff, 0x89, 0x44, 0x4, 0x3, 0xff, 0x88,
    0xf4, 0x43, 0xf4, 0x1, 0xff, 0xc6, 0x1d, 0x4d,
    0x10, 0xf, 0xfe, 0x8, 0x80, 0x47, 0xe1, 0x60,
    0x2, 0x33, 0xff, 0x10, 0x21, 0x98, 0xa3, 0x8c,
    0x23, 0x33, 0xfd, 0x21, 0x19, 0x95, 0x5e, 0x85,
    0xee, 0xff, 0xac, 0x1f, 0x77, 0xb0, 0x4, 0x8b,
    0xfc, 0x81, 0xe4, 0x5e, 0x0, 0xff, 0xe0, 0x8f,
    0x0, 0x7e, 0x66, 0xfe, 0x50, 0x22, 0x0, 0x7e,
    0x89, 0x9f, 0xd0, 0xc, 0xc0, 0xf, 0xdd, 0xff,
    0x12, 0xff, 0xda, 0x4, 0x40, 0xf, 0xfe, 0x3e,
    0x81, 0x80, 0x7f, 0xf1, 0x9c, 0x14, 0x3, 0xff,
    0x8c, 0x43, 0x80, 0x1f, 0xfc, 0x74, 0x50, 0xd,
    0x0, 0x1f, 0xe2, 0x54, 0xf, 0x5, 0x0, 0x9d,
    0x0, 0x30, 0x83, 0xdf, 0x6d, 0x18, 0x28, 0xc8,
    0x0, 0x81, 0x85, 0xa7, 0x78, 0x88, 0xed, 0x7e,
    0xe0, 0x8, 0x37, 0x7, 0x2, 0x49, 0x76, 0x8c,
    0xfc, 0x84, 0x0, 0xcc, 0x91, 0x50, 0x80, 0xbb,
    0xd6, 0xe6, 0x1, 0xfd, 0x6c, 0x81, 0x20,

    /* U+5F37 "強" */
    0x0, 0xff, 0x84, 0x80, 0x3f, 0x11, 0x9f, 0x80,
    0x34, 0x69, 0x0, 0x7d, 0x19, 0x9e, 0x0, 0x8d,
    0xa0, 0x80, 0x48, 0x3, 0x5f, 0x76, 0x80, 0xd,
    0xc8, 0xe0, 0x8, 0xc1, 0x0, 0x84, 0x78, 0x80,
    0x29, 0xa, 0x0, 0xa5, 0x70, 0x40, 0x3f, 0xd0,
    0xd4, 0xf1, 0x35, 0x8c, 0x54, 0x1, 0x22, 0x6d,
    0x0, 0x30, 0x4d, 0x19, 0x12, 0xe2, 0x91, 0xc0,
    0xae, 0xf3, 0x80, 0x3f, 0xdd, 0x92, 0x96, 0xea,
    0xa9, 0x40, 0x60, 0xef, 0xfc, 0x2, 0x1, 0xfc,
    0xc6, 0x4, 0x22, 0x0, 0xed, 0xff, 0xb4, 0x33,
    0xfe, 0xe0, 0x7, 0x10, 0x7, 0x8d, 0xae, 0xd0,
    0x11, 0x76, 0x60, 0x8, 0x85, 0xdf, 0x84, 0x3d,
    0x10, 0xa0, 0x89, 0x78, 0x4, 0xc5, 0x11, 0xc6,
    0x1, 0xff, 0xc1, 0xcf, 0xfd, 0x40, 0x61, 0xe8,
    0x90, 0x22, 0x5e, 0x1, 0xf8, 0xc0, 0x4d, 0xae,
    0xd2, 0x11, 0x76, 0x60, 0xf, 0xc2, 0x0, 0xdf,
    0xfb, 0x43, 0x3f, 0xdb, 0xc0, 0x1f, 0x71, 0x0,
    0x7f, 0x57, 0x80, 0x7e, 0x26, 0x0, 0xfe, 0x92,
    0x80, 0xf, 0x94, 0x80, 0x3f, 0x8d, 0x1c, 0x40,
    0x2, 0x88, 0x81, 0xc3, 0x67, 0x89, 0x90, 0x6f,
    0xf9, 0x2, 0x40, 0x7, 0x76, 0x75, 0x55, 0x4c,
    0x94, 0x89, 0x10, 0xbd, 0xf8, 0x70, 0x1, 0x7f,
    0xd4, 0x13, 0xfd, 0xb7, 0x2e, 0xc8, 0x40, 0xfa,
    0x0,

    /* U+5F3A "强" */
    0x24, 0x4f, 0x0, 0xd, 0x13, 0xf0, 0x80, 0x26,
    0xef, 0xc2, 0x1b, 0x77, 0xf9, 0x0, 0x15, 0xdd,
    0xa8, 0x3, 0x4f, 0xff, 0x70, 0x6, 0x11, 0xf0,
    0x7, 0xff, 0x34, 0x47, 0xc4, 0x1, 0xca, 0xbb,
    0x0, 0x34, 0x77, 0x76, 0x0, 0x62, 0xaa, 0xce,
    0x1, 0x66, 0xeb, 0x2, 0x77, 0x65, 0x0, 0x30,
    0x77, 0xfe, 0x10, 0x22, 0xc0, 0x45, 0x80, 0x22,
    0x1, 0x0, 0xe6, 0xff, 0xb8, 0x2f, 0xfe, 0xd0,
    0x7, 0x18, 0x7, 0xeb, 0xb4, 0x83, 0xdd, 0x98,
    0xc0, 0x4, 0x2c, 0xdc, 0x0, 0x14, 0x43, 0x86,
    0x22, 0x3c, 0x2, 0x72, 0x99, 0xd0, 0x1, 0xff,
    0xc2, 0xdf, 0xfc, 0xc6, 0x0, 0x13, 0x32, 0x81,
    0x9d, 0xc0, 0x1f, 0x8c, 0x40, 0x2c, 0xc5, 0x84,
    0x66, 0x1c, 0x3, 0xf0, 0xb8, 0x37, 0xfd, 0xa1,
    0x5f, 0xed, 0xe0, 0xf, 0x98, 0x80, 0x38, 0xc0,
    0x42, 0x7c, 0x3, 0xf1, 0x70, 0x7, 0xf5, 0x14,
    0x0, 0x78, 0x80, 0xc0, 0x3f, 0x8d, 0x1c, 0x80,
    0x6, 0xaa, 0x90, 0x52, 0x67, 0x89, 0xb0, 0xbf,
    0xf2, 0x5, 0x0, 0x16, 0xa8, 0xb2, 0x29, 0x32,
    0x52, 0x38, 0xac, 0xef, 0x97, 0x0, 0x37, 0xfb,
    0x98, 0x1b, 0xfb, 0x6e, 0x5d, 0x4c, 0x41, 0xb4,
    0x0,

    /* U+5F53 "当" */
    0x0, 0xfc, 0xa6, 0x1, 0xfc, 0x40, 0x1e, 0xb9,
    0x0, 0xe3, 0x30, 0x16, 0xc0, 0x7, 0xff, 0x3,
    0xb4, 0x9, 0xdc, 0x60, 0x1f, 0xe5, 0x28, 0x0,
    0x41, 0x70, 0x7, 0xfa, 0x49, 0x80, 0x28, 0x25,
    0x0, 0xfc, 0xc7, 0x20, 0x19, 0x4b, 0xc0, 0x3e,
    0x18, 0x64, 0x0, 0xec, 0xa0, 0xf, 0x86, 0xa0,
    0x2, 0x18, 0x84, 0xc4, 0x61, 0x78, 0x8b, 0x26,
    0x1c, 0x0, 0xef, 0xf0, 0x13, 0xbf, 0xa4, 0x7,
    0xff, 0xff, 0x84, 0xc0, 0x1f, 0xfd, 0xb5, 0xff,
    0xff, 0xe0, 0xb0, 0x4, 0xd1, 0x1f, 0xfc, 0x13,
    0x0, 0x8d, 0xdf, 0xff, 0x82, 0xa0, 0x1f, 0xfd,
    0xa4, 0x88, 0xff, 0xe1, 0x20, 0x3, 0x1d, 0xff,
    0xf8, 0x44, 0x0, 0x8f, 0xff, 0xfe, 0x13, 0x0,
    0x0,

    /* U+5F55 "录" */
    0x0, 0x11, 0x7f, 0xf0, 0x4c, 0xc0, 0x1e, 0xdd,
    0xff, 0xe0, 0xe6, 0x8, 0x3, 0xb7, 0x7f, 0xf8,
    0x2e, 0x1, 0xf1, 0x17, 0xff, 0x7, 0xc0, 0xc0,
    0x38, 0x99, 0xbf, 0xf8, 0x18, 0x2, 0x1, 0xcf,
    0x11, 0xff, 0xc0, 0x40, 0xf, 0x97, 0xbb, 0xff,
    0x80, 0xa2, 0x1, 0xc2, 0x3f, 0xfc, 0x33, 0x11,
    0x81, 0x3b, 0xbf, 0xf8, 0x48, 0x5d, 0xcf, 0x4,
    0xcc, 0xfc, 0x83, 0x99, 0xfb, 0x40, 0x6, 0x92,
    0x46, 0x78, 0x44, 0x6, 0x7a, 0xbc, 0x8c, 0x2,
    0x34, 0xf6, 0x0, 0xee, 0x0, 0xad, 0x90, 0x40,
    0x32, 0x72, 0x4d, 0x0, 0x62, 0x72, 0xd4, 0xa8,
    0x0, 0xfa, 0xa4, 0x80, 0x9c, 0xa2, 0x1a, 0xdc,
    0xa0, 0x1f, 0xcd, 0x97, 0xa4, 0xe, 0x81, 0xc2,
    0x1, 0xf8, 0x5f, 0x6c, 0x2d, 0x40, 0x16, 0x95,
    0x0, 0x1e, 0x39, 0xe8, 0x7c, 0xb4, 0x0, 0xd6,
    0xcf, 0x8a, 0x1, 0xb1, 0xdd, 0xd4, 0x60, 0x1f,
    0x4d, 0x8d, 0x74, 0x0, 0x33, 0xa0, 0x41, 0x12,
    0x61, 0x0, 0xc9, 0xb4, 0x44, 0x0, 0x18, 0x6,
    0x8b, 0xb0, 0xc8, 0x7, 0x97, 0x28, 0x0,

    /* U+5F69 "彩" */
    0x0, 0xfc, 0x6d, 0x52, 0x1, 0xe8, 0x50, 0x9,
    0x1a, 0x2b, 0x37, 0xf2, 0x58, 0x4, 0x3, 0x4b,
    0x80, 0x6f, 0xb3, 0x4, 0xaa, 0x6f, 0xe4, 0x88,
    0x5, 0x4d, 0x4a, 0x1, 0x5e, 0xdd, 0x53, 0xd4,
    0x80, 0xe0, 0x41, 0x35, 0x69, 0x40, 0x30, 0xf1,
    0x81, 0xba, 0x80, 0x25, 0x46, 0x6c, 0x75, 0x40,
    0x38, 0x53, 0x80, 0x5a, 0x40, 0x56, 0x3, 0x1f,
    0x8, 0x3, 0xeb, 0x25, 0xa, 0x31, 0x83, 0x50,
    0x58, 0x0, 0x8a, 0x8, 0x2, 0x17, 0x20, 0x79,
    0x15, 0xf0, 0xf, 0x16, 0x31, 0x80, 0x68, 0x70,
    0xea, 0xc, 0x30, 0xe, 0x5d, 0x3c, 0x10, 0x2,
    0xaf, 0x30, 0xaa, 0xe2, 0x2, 0xba, 0x4c, 0x20,
    0xa, 0xea, 0xb1, 0x95, 0x56, 0x47, 0xd5, 0xab,
    0x10, 0xd, 0xdf, 0xf4, 0x0, 0x1f, 0xfe, 0x63,
    0x6f, 0x50, 0xf, 0xe2, 0x80, 0x17, 0x90, 0x9,
    0x24, 0x40, 0x26, 0x60, 0x7, 0x71, 0xa9, 0x5b,
    0x50, 0x7, 0xc7, 0x38, 0x1, 0xa8, 0xb8, 0x0,
    0x94, 0xb0, 0x1, 0xc5, 0xa3, 0x60, 0x15, 0x2d,
    0x10, 0x4, 0xb0, 0x60, 0x18, 0xb0, 0x30, 0x40,
    0x71, 0x65, 0x0, 0x39, 0xec, 0x2, 0x5c, 0xc,
    0x20, 0x1, 0x1c, 0xb0, 0x7, 0xf0, 0xd5, 0xb,
    0x8, 0x2, 0x3e, 0x60, 0xf, 0xe9, 0xe5, 0x7c,
    0x20, 0xe, 0x10, 0xf, 0xf9, 0x36, 0x0, 0x3f,
    0xf8, 0x15, 0x80, 0x1a, 0x6c, 0x80, 0x3e,

    /* U+5F85 "待" */
    0x0, 0xe2, 0x10, 0xf, 0x1a, 0x0, 0x7f, 0xc3,
    0x94, 0x1, 0xe9, 0x80, 0xf, 0xfb, 0x4e, 0xc0,
    0x3f, 0xf8, 0xa3, 0x85, 0xe0, 0x3, 0x66, 0xe2,
    0x66, 0xca, 0x1, 0x1f, 0x96, 0x10, 0x2, 0xe6,
    0x71, 0x8c, 0xce, 0x80, 0xb, 0x8b, 0xc8, 0x4c,
    0x23, 0xff, 0x29, 0xff, 0xed, 0x0, 0xbf, 0x4,
    0x2f, 0x44, 0x3, 0xff, 0x86, 0x40, 0x5, 0x55,
    0x11, 0x9f, 0x8, 0x8c, 0xfc, 0x1, 0x8e, 0x95,
    0x3b, 0x33, 0x90, 0xb3, 0x3c, 0x20, 0x3, 0xd0,
    0xd0, 0xce, 0xef, 0xcc, 0x3d, 0xd0, 0x82, 0x61,
    0x80, 0x42, 0x3f, 0xe0, 0x11, 0x80, 0xac, 0xb0,
    0x40, 0x4, 0x89, 0xf8, 0x81, 0x12, 0x2, 0x6c,
    0x10, 0xa, 0xef, 0xf9, 0x46, 0xed, 0x40, 0x9,
    0x10, 0xd, 0x3d, 0xdf, 0x98, 0x7b, 0x9e, 0x1,
    0xfc, 0x33, 0x82, 0x3e, 0x1, 0x18, 0x3, 0xfd,
    0x45, 0x40, 0x1f, 0xfc, 0x72, 0x95, 0x40, 0xf,
    0xfe, 0x3b, 0x14, 0x80, 0x7f, 0xf2, 0x3b, 0x80,
    0x1f, 0xfc, 0x83, 0x32, 0xb3, 0x10, 0xc0, 0x3f,
    0xf8, 0xb9, 0x32, 0x18, 0x0, 0xfd, 0xce, 0x1,
    0xf4, 0xff, 0xb5, 0x40, 0x30,

    /* U+5F97 "得" */
    0x0, 0xe5, 0x30, 0xf, 0xfe, 0x31, 0xd5, 0x80,
    0x3f, 0xff, 0xce, 0x1, 0x8f, 0x16, 0x0, 0x27,
    0xdd, 0xf8, 0x3, 0x97, 0xe, 0x80, 0x37, 0x91,
    0x7c, 0x1, 0xa2, 0x97, 0x0, 0x3a, 0x3b, 0xbe,
    0x0, 0xc7, 0x14, 0x7, 0x0, 0x13, 0xe6, 0x7c,
    0x1, 0xad, 0xc0, 0x75, 0x0, 0x2f, 0x22, 0xf8,
    0x3, 0xeb, 0x1e, 0x0, 0xa3, 0xbb, 0xe0, 0xf,
    0x32, 0xb9, 0x0, 0x33, 0x1b, 0xbf, 0x63, 0x0,
    0x4b, 0x21, 0xe0, 0x11, 0x9f, 0xf8, 0x40, 0xb,
    0x46, 0x1, 0x2f, 0xff, 0xff, 0x2, 0x52, 0x97,
    0x0, 0x24, 0xbb, 0xfc, 0x29, 0x77, 0x24, 0x50,
    0x6, 0x14, 0x4f, 0xc6, 0x48, 0x82, 0x7, 0x0,
    0xec, 0xee, 0xfc, 0x4d, 0xdc, 0xd0, 0xf, 0xa6,
    0x23, 0xf0, 0x9c, 0x42, 0xc0, 0x3e, 0x56, 0xed,
    0x66, 0xe3, 0x56, 0x68, 0x3, 0xfa, 0xd2, 0x40,
    0x3f, 0xf8, 0xc7, 0x4c, 0xc0, 0xf, 0xfe, 0x32,
    0xb6, 0x0, 0x7f, 0xf1, 0xe6, 0x95, 0x14, 0xc4,
    0x3, 0xe1, 0x10, 0x7, 0xdd, 0x74, 0x54, 0x1,
    0x0,

    /* U+606F "息" */
    0x0, 0xfe, 0x45, 0x0, 0xff, 0xe3, 0x4c, 0x0,
    0x7f, 0xf0, 0x4, 0xcf, 0x29, 0x21, 0x9f, 0x80,
    0x3c, 0xd9, 0x9a, 0x81, 0xb3, 0x3b, 0x40, 0x3e,
    0x1f, 0xff, 0xf3, 0x80, 0x7f, 0x11, 0x7f, 0x84,
    0x3, 0xf0, 0xee, 0xff, 0x98, 0x3, 0xf0, 0xff,
    0xff, 0x9c, 0x3, 0xf0, 0x99, 0xff, 0x88, 0x3,
    0xfb, 0x33, 0xfc, 0xa0, 0x1f, 0x87, 0xff, 0xfc,
    0xe0, 0x1f, 0xc4, 0x5f, 0xe1, 0x0, 0xfc, 0x3b,
    0xbf, 0xe6, 0x0, 0xf9, 0xff, 0xf6, 0x1f, 0x7f,
    0xf7, 0x0, 0x7f, 0xc4, 0x4d, 0x0, 0xf0, 0x80,
    0x66, 0x40, 0xb5, 0x1, 0xc3, 0x90, 0xd, 0x38,
    0x1, 0xa4, 0xc1, 0x8, 0x0, 0x52, 0xc8, 0x1,
    0x59, 0x40, 0x1, 0xc1, 0x80, 0x3c, 0xcc, 0x70,
    0x3a, 0x27, 0x71, 0xc, 0xb0, 0x80, 0x7d, 0x26,
    0xc, 0xa1, 0x21, 0x72, 0x30, 0x0, 0x1a, 0x65,
    0x5e, 0x68, 0x20, 0x17, 0xe8, 0xd1, 0x0, 0x58,
    0x4d, 0x57, 0x48, 0x48, 0x2, 0x1c,

    /* U+611F "感" */
    0x0, 0xff, 0x85, 0xc4, 0x14, 0x3, 0xff, 0x8b,
    0xa, 0x53, 0xca, 0x1, 0xc4, 0x5f, 0xe0, 0x30,
    0xe6, 0x83, 0x20, 0xb, 0x77, 0xfb, 0x2, 0x37,
    0x4e, 0x59, 0xa0, 0x1a, 0x3f, 0xff, 0x1a, 0xff,
    0xf8, 0x3, 0x8, 0x88, 0xbc, 0xa, 0xc0, 0x13,
    0x98, 0x7, 0xa3, 0x33, 0xcb, 0xe6, 0x0, 0x38,
    0x70, 0x8, 0x40, 0xe7, 0xbb, 0xca, 0x80, 0x81,
    0x6, 0x80, 0x11, 0x80, 0xaf, 0xff, 0x70, 0x11,
    0x35, 0x52, 0x0, 0x30, 0x83, 0x0, 0xee, 0xd2,
    0x1, 0x53, 0xd3, 0x20, 0x6, 0x40, 0x20, 0x1,
    0x16, 0x0, 0x90, 0x4a, 0x40, 0x12, 0x0, 0xc3,
    0x0, 0xb, 0x35, 0xa0, 0x3, 0xd0, 0x32, 0x1,
    0x60, 0x24, 0xb0, 0x64, 0xdd, 0x89, 0x17, 0xb,
    0x43, 0xc9, 0xc4, 0x20, 0x18, 0xe, 0xef, 0xab,
    0x97, 0xb, 0x3, 0x65, 0x82, 0x1c, 0x40, 0x39,
    0x34, 0x6e, 0x80, 0x5, 0xb7, 0x68, 0x2, 0x80,
    0xa, 0x50, 0x10, 0x30, 0x3, 0x8d, 0xd0, 0x3,
    0x53, 0x83, 0x18, 0x3, 0xce, 0x80, 0x34, 0xe8,
    0x80, 0x46, 0xa6, 0x1, 0xc5, 0x6a, 0x80, 0x73,
    0x61, 0x60, 0x17, 0x9a, 0x0, 0x79, 0x71, 0x1,
    0x58, 0x61, 0x4c, 0x1c, 0xfc, 0x2, 0xc3, 0x3c,
    0x6, 0x6a, 0x30, 0x62, 0x40, 0x7b, 0x30, 0x4,
    0xae, 0x67, 0xc3, 0xe0, 0xd, 0x70,

    /* U+6191 "憑" */
    0x6, 0x10, 0xc, 0x46, 0x7f, 0xf0, 0x0, 0xaf,
    0xa4, 0x2, 0x9c, 0xdd, 0xb3, 0x1b, 0xba, 0x0,
    0x5, 0xb2, 0xfc, 0x20, 0x5, 0xee, 0x86, 0x7b,
    0xb5, 0x80, 0x66, 0xfb, 0x10, 0x2, 0xff, 0xc3,
    0x3f, 0xf8, 0x3, 0xc2, 0xa0, 0x12, 0xff, 0xc3,
    0x1f, 0xf8, 0x3, 0xfe, 0x5d, 0xd8, 0x67, 0x77,
    0x0, 0x7d, 0x44, 0x0, 0x4f, 0xf8, 0x5b, 0xff,
    0x0, 0x79, 0x95, 0x80, 0x21, 0x18, 0x0, 0x23,
    0x8c, 0x40, 0x22, 0x96, 0x40, 0x2, 0x66, 0x42,
    0xf9, 0x9c, 0xa0, 0x17, 0x8c, 0x81, 0xc7, 0xff,
    0xa7, 0xbf, 0x41, 0x80, 0x14, 0x5a, 0x0, 0x84,
    0x3e, 0x7, 0xb0, 0x6, 0x83, 0x1, 0x83, 0x2b,
    0x98, 0x12, 0x29, 0x81, 0x3a, 0x13, 0x29, 0x10,
    0x44, 0xe, 0xb0, 0x0, 0xe5, 0x20, 0x27, 0x9,
    0x1, 0xa1, 0xa5, 0x0, 0xd, 0x0, 0x55, 0x60,
    0xde, 0xa0, 0xc4, 0x7b, 0xa1, 0x80, 0xe, 0x10,
    0x61, 0xc, 0xc3, 0x0, 0x45, 0xdf, 0xa6, 0x1,
    0x9b, 0x81, 0x3c, 0xaa, 0x64, 0xe0, 0x14, 0x79,
    0x80, 0x75, 0xb0, 0x7, 0x35, 0x58, 0x1, 0x65,
    0x70, 0xc0, 0x28, 0x2b, 0x0, 0xf2, 0xe0, 0x2,
    0x9e, 0xd3, 0x8, 0x21, 0xe8, 0x80, 0x2a, 0x54,
    0x49, 0x60, 0x14, 0x2c, 0xbc, 0x36, 0x54, 0x0,
    0x8a, 0xf5, 0x77, 0x53, 0xb1, 0x80, 0x3a, 0x0,

    /* U+61C9 "應" */
    0x0, 0xff, 0xe9, 0xd5, 0x0, 0x3f, 0xf8, 0xf2,
    0xaa, 0x0, 0xff, 0x5f, 0x77, 0xda, 0x15, 0xdd,
    0xf5, 0x0, 0x1d, 0x6e, 0xe6, 0x9b, 0xb2, 0xd5,
    0xac, 0x5d, 0xe9, 0x0, 0x89, 0x56, 0x6d, 0x50,
    0x57, 0x56, 0xc5, 0x5c, 0x60, 0x1e, 0x81, 0xb0,
    0xb3, 0x20, 0x95, 0x20, 0xf, 0xe2, 0x77, 0xc,
    0x9, 0xff, 0xac, 0x37, 0xfd, 0xc0, 0x1c, 0x38,
    0x1a, 0xae, 0x19, 0xfe, 0xc0, 0xff, 0xb8, 0x3,
    0x1e, 0x18, 0x65, 0x20, 0x6f, 0x73, 0x43, 0xba,
    0x80, 0xc, 0xc3, 0x83, 0xf1, 0x41, 0xbd, 0xcd,
    0xe, 0xea, 0x0, 0x32, 0x60, 0x81, 0xb8, 0x86,
    0xf7, 0x34, 0x3b, 0xa9, 0x0, 0x84, 0x3, 0xf6,
    0xf7, 0x34, 0x3b, 0xa9, 0x0, 0x8f, 0xc0, 0x3e,
    0x53, 0x32, 0x82, 0x19, 0xc4, 0x0, 0x12, 0x0,
    0xfa, 0xff, 0xd4, 0x71, 0xff, 0x20, 0x4, 0x20,
    0xe, 0x50, 0x7, 0x8a, 0x66, 0x7c, 0xc0, 0x60,
    0xc0, 0x1f, 0x53, 0x69, 0x0, 0x10, 0x3, 0x28,
    0x10, 0x17, 0x11, 0x3c, 0x9b, 0xc7, 0x5, 0x2d,
    0x40, 0x2f, 0x30, 0x5, 0x99, 0x0, 0x61, 0xcb,
    0x14, 0x9a, 0x30, 0x3, 0xa0, 0x1b, 0x40, 0x7,
    0xca, 0xae, 0x66, 0x78, 0x18, 0xd9, 0x6b, 0x28,
    0x4, 0xa8, 0x66, 0x4e, 0x30, 0x92, 0x67, 0x33,
    0x14, 0x48, 0x0, 0x96, 0x2f, 0x31, 0x6b, 0x0,
    0xd, 0x74, 0xc0, 0x3, 0x0, 0x6a, 0xff, 0xee,
    0x50, 0x1, 0x88,

    /* U+6210 "成" */
    0x0, 0xff, 0xe0, 0x11, 0x80, 0x7f, 0xf2, 0x2f,
    0x42, 0xb0, 0xc0, 0x3f, 0xf8, 0xf6, 0xd9, 0x20,
    0x1f, 0xfc, 0x31, 0x10, 0xd, 0x51, 0xa0, 0x3,
    0x9d, 0xff, 0x90, 0x1d, 0xe2, 0x60, 0x70, 0xd,
    0x11, 0xfc, 0x61, 0x11, 0x99, 0xe0, 0x3, 0x9f,
    0xff, 0xea, 0xe, 0xff, 0xf0, 0x7, 0xff, 0x5,
    0x80, 0x80, 0x22, 0x0, 0xf8, 0x8c, 0xf8, 0x0,
    0x40, 0xc0, 0x1, 0xd7, 0x0, 0xf2, 0xe6, 0x71,
    0x80, 0x81, 0x0, 0x18, 0x18, 0x3, 0xcd, 0xbb,
    0x48, 0x6, 0x1e, 0x0, 0x52, 0x88, 0x7, 0x84,
    0x8b, 0x0, 0x80, 0x15, 0x1, 0x8a, 0x40, 0x3e,
    0xf0, 0xf, 0xd8, 0x43, 0x8, 0x60, 0x1c, 0x20,
    0x20, 0x10, 0x81, 0x80, 0x10, 0x34, 0x64, 0x3,
    0xc6, 0x4, 0x1, 0x18, 0x8, 0x0, 0xc0, 0xe0,
    0x80, 0x3c, 0xc0, 0xc0, 0x17, 0x88, 0x4, 0x40,
    0x7, 0x0, 0x15, 0x80, 0x58, 0x5, 0x5d, 0xc6,
    0x40, 0x1, 0x60, 0x0, 0xc0, 0x2, 0x82, 0x0,
    0x44, 0x4, 0xcd, 0x54, 0x1, 0xf0, 0xd2, 0x80,
    0x3, 0x80, 0x81, 0x1e, 0x1, 0xbb, 0x94, 0x17,
    0xcf, 0xa, 0xd1, 0x40, 0xc8, 0x1, 0x0, 0xc0,
    0x1d, 0x34, 0x78, 0x40, 0xc9, 0x54, 0x94, 0x0,
    0x98, 0x40, 0x38, 0x5b, 0x48, 0x2, 0xb6, 0x42,
    0x80, 0x5, 0x48, 0x7, 0xa2, 0x40, 0x3d, 0x3d,
    0x82, 0x0,

    /* U+6212 "戒" */
    0x0, 0xff, 0x95, 0x80, 0x4, 0x1, 0xff, 0xc3,
    0xfa, 0x8, 0xd7, 0x0, 0xff, 0xe1, 0x88, 0x45,
    0x46, 0x8, 0x7, 0xff, 0x11, 0x74, 0x5c, 0x2b,
    0xff, 0xfc, 0xa5, 0xff, 0x69, 0x4b, 0xfc, 0x47,
    0xf9, 0x2, 0x23, 0xc8, 0xae, 0xc6, 0xef, 0x1a,
    0xbb, 0xb0, 0x1d, 0xfc, 0x60, 0x2, 0xb2, 0x0,
    0x52, 0x80, 0x8, 0x8, 0x2, 0x61, 0x0, 0xff,
    0xe0, 0x30, 0x8, 0x1, 0x64, 0xc0, 0x3f, 0xf8,
    0x2, 0xe, 0x0, 0xe3, 0x20, 0xf, 0xfe, 0x1,
    0x1, 0x0, 0x12, 0x80, 0x15, 0xba, 0xc, 0xdd,
    0xc, 0xee, 0x84, 0x5e, 0xe, 0xe, 0x0, 0xfa,
    0x70, 0x6a, 0xa0, 0x2d, 0x50, 0x55, 0x41, 0x2c,
    0x20, 0x5, 0x7c, 0x8, 0x77, 0xe, 0x3b, 0x80,
    0xcd, 0x3, 0x0, 0x1c, 0x40, 0x1f, 0xd8, 0xf,
    0x2, 0x1, 0xd8, 0x80, 0x1f, 0x90, 0x5, 0xc0,
    0x6, 0xa0, 0x28, 0x60, 0x1f, 0xa0, 0x3, 0x9a,
    0xc1, 0x82, 0x40, 0x3e, 0x57, 0x41, 0x50, 0x1,
    0x19, 0x43, 0x8, 0x4, 0x60, 0x5, 0xa5, 0xb3,
    0xb1, 0xe, 0x79, 0x39, 0x0, 0xda, 0xf1, 0x49,
    0x41, 0xc3, 0xf0, 0xd9, 0x7a, 0x1, 0xf9, 0xac,
    0x0, 0x5a, 0xae, 0x8c, 0x2, 0x1, 0xf4, 0x48,
    0x6, 0x2b, 0xfb, 0x0,

    /* U+623F "房" */
    0x0, 0xff, 0x19, 0x0, 0x7f, 0xf1, 0xf6, 0xc0,
    0x3f, 0xf8, 0x6, 0x7f, 0x2b, 0x21, 0x9f, 0x84,
    0x3, 0x6e, 0x67, 0x90, 0x2f, 0x33, 0xc8, 0x1,
    0xcd, 0xff, 0xff, 0xc0, 0xd0, 0xf, 0x84, 0x3,
    0xff, 0x80, 0x60, 0x1f, 0x1a, 0x27, 0xff, 0x1,
    0xc0, 0x3e, 0x4b, 0xbf, 0xfe, 0x4, 0x80, 0x7c,
    0xff, 0xfe, 0x76, 0xff, 0xf2, 0x80, 0x61, 0x0,
    0xfb, 0x19, 0x0, 0x3f, 0xef, 0x12, 0x2e, 0x63,
    0xc2, 0x2f, 0x0, 0x70, 0xd6, 0xef, 0x8d, 0xf7,
    0x7c, 0x40, 0x1, 0x3, 0xae, 0xe9, 0xc3, 0xbb,
    0xf8, 0x80, 0x4, 0xc, 0x23, 0x88, 0x82, 0x3f,
    0xc0, 0x13, 0x0, 0x80, 0x66, 0x2f, 0xff, 0xa8,
    0x3, 0x68, 0x90, 0x4, 0x47, 0x17, 0x7e, 0x13,
    0x0, 0xc8, 0xa0, 0x1a, 0x81, 0xd1, 0x3c, 0x2,
    0x1, 0x8f, 0x0, 0x23, 0x77, 0x0, 0x7c, 0x3c,
    0x1, 0x30, 0x20, 0x0, 0xb4, 0xa0, 0x3, 0xc6,
    0xa, 0x1, 0x59, 0x98, 0x63, 0x4b, 0x0, 0x21,
    0x32, 0x39, 0x3, 0x0, 0x8, 0x48, 0x23, 0xc6,
    0x8, 0x4, 0x79, 0xb8, 0x94, 0x1, 0xe, 0xa8,
    0x2f, 0xb8, 0x7, 0x17, 0xfd, 0xca, 0x1, 0x0,

    /* U+6253 "打" */
    0x0, 0xc6, 0xa0, 0x1f, 0xfc, 0x8b, 0xb0, 0x7,
    0xff, 0x35, 0xa2, 0x3f, 0xe0, 0xf, 0xf5, 0x3b,
    0xff, 0xc2, 0x1, 0xfd, 0x9f, 0xfd, 0x1, 0xdf,
    0xf0, 0x87, 0x7f, 0x9c, 0x7f, 0xe1, 0x0, 0xff,
    0xe0, 0xc4, 0x48, 0x11, 0x10, 0x80, 0x7f, 0xf0,
    0x59, 0xdc, 0x62, 0xef, 0x0, 0x7f, 0xfc, 0xc5,
    0xac, 0x80, 0x3f, 0xf8, 0x66, 0x61, 0xe9, 0x70,
    0xf, 0xfe, 0x15, 0x76, 0x20, 0x47, 0x61, 0x0,
    0x7f, 0xf0, 0x59, 0x65, 0x85, 0xc4, 0x3, 0xff,
    0x87, 0x96, 0xc2, 0x1, 0xff, 0xff, 0x0, 0xff,
    0xe9, 0x8a, 0xa8, 0xcc, 0x1, 0xc8, 0xec, 0xcb,
    0x1, 0x0, 0xe1, 0xaa, 0x35, 0x80, 0x71, 0x44,
    0xc8, 0xa0, 0x3, 0xef, 0xf6, 0xb0, 0x7, 0x36,
    0xf7, 0x4e, 0x1, 0xc0,

    /* U+6267 "执" */
    0x0, 0xd4, 0x60, 0x1c, 0x74, 0x20, 0x1f, 0xfc,
    0x5, 0x60, 0xe, 0x65, 0x0, 0xff, 0xff, 0x87,
    0x7f, 0x82, 0xbe, 0xa9, 0xba, 0xb0, 0xcd, 0xdc,
    0x20, 0x1a, 0x26, 0x1, 0x67, 0xb2, 0xa8, 0x80,
    0xb5, 0x46, 0x20, 0xe, 0x66, 0x38, 0x7b, 0x23,
    0x3b, 0xb0, 0x21, 0xdd, 0xa0, 0x1f, 0xfc, 0x4e,
    0x0, 0xf0, 0x80, 0x7f, 0xf0, 0x84, 0x80, 0x3f,
    0xf8, 0x44, 0xd2, 0xdc, 0xc6, 0x20, 0x1f, 0xf1,
    0x38, 0x44, 0x93, 0x32, 0x55, 0x80, 0x3f, 0x87,
    0x75, 0x0, 0xdd, 0x61, 0x18, 0xb, 0x20, 0x1f,
    0x85, 0xa3, 0x43, 0x4, 0x2, 0x70, 0x66, 0x69,
    0x80, 0x7d, 0x6e, 0x40, 0x1e, 0xd1, 0x9d, 0xc,
    0x10, 0xf, 0xfe, 0x10, 0xb3, 0x81, 0x6d, 0x90,
    0x8, 0x7, 0xff, 0x2, 0x2, 0x0, 0x24, 0x10,
    0x30, 0x20, 0xf, 0xe5, 0x67, 0x10, 0xc, 0xc0,
    0x25, 0xa2, 0x1, 0xf2, 0x51, 0xc0, 0x7, 0x10,
    0x23, 0x0, 0x81, 0xb3, 0x80, 0xbd, 0x96, 0x80,
    0x7c, 0xb3, 0xe6, 0x0, 0x79, 0x92, 0xa1, 0x26,
    0x88, 0x7, 0xd6, 0x4b, 0x0, 0x4, 0xfe, 0xa0,
    0x5b, 0x0, 0xfe, 0x1c, 0xe4, 0x0,

    /* U+626B "扫" */
    0x0, 0xcf, 0xe0, 0x1f, 0xfc, 0xb1, 0x22, 0xff,
    0x0, 0x7f, 0x5e, 0xef, 0xf6, 0x0, 0x4, 0x40,
    0x1, 0x1a, 0xfb, 0xbf, 0x38, 0x2, 0xfb, 0x90,
    0x1d, 0xcf, 0x11, 0xfe, 0xf0, 0x4, 0x5d, 0x98,
    0x2e, 0xd4, 0x1, 0xff, 0xc0, 0x34, 0x47, 0x2,
    0x24, 0x1, 0xff, 0xdd, 0x55, 0xfd, 0xa0, 0x1f,
    0xa, 0xc9, 0x55, 0x7e, 0x50, 0x8, 0x9a, 0xc3,
    0xa9, 0x4b, 0xbb, 0xf3, 0x80, 0x37, 0x52, 0x41,
    0x7f, 0x80, 0x23, 0xfb, 0xc0, 0x17, 0x5d, 0x20,
    0x80, 0x1f, 0xfc, 0x26, 0x51, 0x0, 0xff, 0xfa,
    0xab, 0x37, 0xec, 0x0, 0xff, 0x4c, 0xff, 0x20,
    0x4, 0xaa, 0xc1, 0x0, 0xb3, 0xff, 0xf4, 0x0,
    0x57, 0x4d, 0x0, 0x1f, 0xfc, 0x4e, 0xfd, 0x60,
    0xf, 0xfe, 0x3, 0xf0,

    /* U+62A5 "报" */
    0x0, 0xc4, 0x40, 0xf, 0xfe, 0x44, 0xc8, 0x2,
    0x47, 0x7f, 0xe4, 0x0, 0xff, 0xb2, 0x26, 0x7e,
    0x8d, 0x0, 0xff, 0xe0, 0xf, 0x77, 0xc0, 0x20,
    0x1f, 0xfc, 0x9e, 0x0, 0xbb, 0xfc, 0x88, 0xff,
    0x20, 0x7, 0xe4, 0x2, 0x0, 0xae, 0xa8, 0x44,
    0xaa, 0x28, 0x6, 0x7f, 0xfa, 0xc9, 0x0, 0x25,
    0x59, 0x98, 0xaa, 0x10, 0xc, 0xfb, 0x98, 0xdd,
    0x0, 0x7f, 0xf0, 0x88, 0xa0, 0x11, 0x1, 0x10,
    0x3, 0xff, 0x80, 0x3b, 0xbf, 0xc6, 0x1, 0xe7,
    0x49, 0x40, 0x1b, 0xa, 0xdd, 0xca, 0x26, 0x1,
    0x13, 0x29, 0xdb, 0x80, 0x48, 0x8f, 0x22, 0xc8,
    0xe0, 0x1, 0xdd, 0x48, 0x96, 0x72, 0x0, 0x5c,
    0xa4, 0x0, 0x41, 0xd0, 0x0, 0x89, 0xf1, 0x18,
    0xc0, 0x39, 0x4a, 0x40, 0x1e, 0x48, 0x1, 0x64,
    0x18, 0x7, 0xf4, 0xa2, 0xa9, 0x24, 0x3, 0xff,
    0x88, 0x8b, 0x70, 0x88, 0x0, 0xff, 0xe2, 0xd8,
    0x94, 0x0, 0x7f, 0xf1, 0xa0, 0x1, 0xe2, 0x1,
    0xff, 0xc4, 0x96, 0x8b, 0x3c, 0x30, 0x9, 0x56,
    0x61, 0x0, 0xe3, 0xd6, 0x97, 0x4c, 0x3c, 0x90,
    0x7, 0xd5, 0x2, 0x40, 0x39, 0x43, 0x18, 0x0,
    0x7c, 0xc2, 0x0, 0xaf, 0xf6, 0x98, 0x5, 0x1c,
    0xda, 0x60, 0x1d, 0x30, 0x0,

    /* U+62C6 "拆" */
    0x0, 0xc2, 0x1, 0xff, 0xc8, 0xe6, 0x0, 0xfe,
    0x37, 0xbe, 0x40, 0xf, 0xf0, 0xa3, 0xd6, 0xfe,
    0x50, 0xda, 0x80, 0x7f, 0x92, 0xec, 0x77, 0x6e,
    0xda, 0x51, 0x0, 0xff, 0xe0, 0x6c, 0xb2, 0x8,
    0x7, 0xbb, 0xfc, 0x13, 0xfe, 0x20, 0xf, 0xfe,
    0xc, 0xc4, 0x1, 0x22, 0x6, 0x1, 0xff, 0xc1,
    0x77, 0x83, 0x5d, 0xc2, 0x0, 0x67, 0x7f, 0xca,
    0x1, 0xff, 0x44, 0x7f, 0x70, 0x7, 0xfd, 0xdf,
    0xf4, 0xf, 0xfd, 0x60, 0x1c, 0x2b, 0x20, 0x60,
    0x20, 0x1f, 0xf0, 0xa8, 0x45, 0x38, 0x80, 0x4a,
    0x20, 0x1f, 0xd, 0xf5, 0x2, 0x67, 0x8, 0xc1,
    0x1d, 0x5a, 0x1, 0xc2, 0xcc, 0xc0, 0xd3, 0x0,
    0x71, 0x6, 0xcb, 0xa8, 0x88, 0x3, 0x6c, 0x98,
    0x7, 0x13, 0x80, 0x1b, 0x58, 0x3d, 0x40, 0x3f,
    0xe5, 0x30, 0xd, 0xc0, 0x95, 0x20, 0x1f, 0xc4,
    0x38, 0x1, 0xc3, 0x52, 0xc4, 0x1, 0xf9, 0x41,
    0x0, 0x3e, 0x6e, 0x20, 0xf, 0xd4, 0x80, 0x1f,
    0xc2, 0x0, 0x26, 0x70, 0x30, 0x52, 0x80, 0xf,
    0xfe, 0x0, 0xcc, 0x91, 0x0, 0xca, 0x60, 0x1f,
    0xf0,

    /* U+62D6 "拖" */
    0x0, 0x85, 0x84, 0x3, 0x94, 0x40, 0x3f, 0xf8,
    0x5, 0x24, 0x1, 0x96, 0x8c, 0x3, 0xff, 0x8f,
    0xc4, 0x40, 0xf, 0xfe, 0x30, 0xa3, 0xa2, 0x7f,
    0x0, 0x7f, 0x98, 0x16, 0xef, 0xf5, 0x0, 0xff,
    0xb0, 0x33, 0xe0, 0x65, 0xff, 0xeb, 0xdf, 0xfd,
    0xc0, 0x2e, 0xe5, 0x5, 0x7c, 0x80, 0x90, 0xa,
    0x90, 0x3, 0xe8, 0x84, 0x84, 0xc0, 0xb4, 0x0,
    0x7f, 0xf2, 0x15, 0xb9, 0x40, 0x39, 0x2d, 0x80,
    0x3f, 0x96, 0x80, 0x3d, 0x5d, 0x69, 0xe0, 0x1f,
    0x88, 0xc0, 0x23, 0x6c, 0x11, 0x47, 0x18, 0x80,
    0x73, 0x6, 0xea, 0x80, 0xc2, 0x64, 0xa1, 0x6c,
    0x20, 0x18, 0x6b, 0xa8, 0x13, 0x23, 0x70, 0x1f,
    0xe4, 0x40, 0x3e, 0x17, 0x69, 0x9, 0x31, 0xad,
    0xd, 0x0, 0xff, 0xb6, 0x14, 0x3, 0x39, 0x0,
    0x7e, 0x1f, 0x0, 0xff, 0xe3, 0x3f, 0x12, 0x0,
    0x7f, 0xf1, 0x9a, 0xb8, 0xc0, 0x3f, 0xf8, 0x9c,
    0xc2, 0x82, 0x9c, 0x1, 0xff, 0xc0, 0x30, 0xf,
    0x8c, 0x2, 0x46, 0xa0, 0x10, 0xc, 0x56, 0xec,
    0xdc, 0xf2, 0x80, 0x2, 0x97, 0x62, 0x0, 0xdc,
    0xd5, 0x77, 0xd4, 0x96, 0x0,

    /* U+62E9 "择" */
    0x0, 0xff, 0xe7, 0x7b, 0x0, 0x4, 0xcf, 0xfc,
    0x1, 0xff, 0x26, 0x67, 0xfa, 0x40, 0x3f, 0xcb,
    0xc8, 0x7d, 0xdc, 0xa3, 0x0, 0x1f, 0xf0, 0xd1,
    0xb0, 0x8c, 0xeb, 0x42, 0x1, 0x7f, 0xc1, 0x3f,
    0xe1, 0x1, 0xa8, 0x70, 0x89, 0x92, 0x0, 0x69,
    0x98, 0x16, 0x64, 0x20, 0x5, 0xa8, 0xd7, 0xa6,
    0x0, 0xe6, 0x68, 0x31, 0x98, 0x1, 0x88, 0x8,
    0x40, 0x3f, 0xf8, 0x62, 0xdd, 0xf, 0xa9, 0x58,
    0xa0, 0x1f, 0xf5, 0x74, 0xbf, 0x41, 0x56, 0x3d,
    0x7d, 0x0, 0x7b, 0x9a, 0x76, 0x7e, 0x45, 0x70,
    0x4e, 0xfa, 0x34, 0x2, 0x48, 0x7, 0x80, 0x76,
    0x0, 0x8c, 0xe0, 0x0, 0xbb, 0x80, 0x1f, 0x6c,
    0xf, 0xd2, 0x1d, 0xff, 0x48, 0x6f, 0xfc, 0x80,
    0x14, 0x67, 0x7, 0x0, 0x55, 0x77, 0x38, 0x55,
    0xdc, 0xa0, 0x13, 0x98, 0x7, 0x91, 0x37, 0x2,
    0x26, 0x10, 0xf, 0xf2, 0x2a, 0xef, 0x7, 0x55,
    0xc8, 0x1, 0xfd, 0x55, 0xcc, 0x13, 0x55, 0xc0,
    0x1f, 0xdd, 0xff, 0xa4, 0x3b, 0xff, 0x70, 0x7,
    0xff, 0x30, 0x99, 0xc0, 0x3f, 0xf8, 0xe3, 0x30,
    0x8e, 0x1, 0xff, 0xc4,

    /* U+6302 "挂" */
    0x0, 0xc8, 0x20, 0x1f, 0x88, 0x3, 0xfe, 0xb6,
    0x0, 0xf9, 0x34, 0x80, 0x3f, 0xfb, 0x28, 0x9b,
    0x1, 0x51, 0x23, 0x0, 0xff, 0xaa, 0xee, 0x70,
    0x8b, 0xbb, 0xc0, 0x2c, 0xff, 0x4, 0x7f, 0x7,
    0x7f, 0xd6, 0x1b, 0xff, 0x60, 0x5, 0x33, 0x2,
    0x4c, 0x0, 0x7f, 0xf0, 0xd5, 0x98, 0x18, 0xcc,
    0x0, 0xff, 0xe5, 0x2b, 0xbe, 0xd0, 0xa7, 0x7c,
    0xc0, 0x1f, 0xdd, 0x11, 0x98, 0x1e, 0x23, 0x58,
    0x7, 0xc6, 0xf7, 0xff, 0xba, 0xbf, 0xfb, 0x40,
    0x23, 0x70, 0x8c, 0xb1, 0x0, 0xcb, 0x44, 0x1,
    0xf7, 0x64, 0x83, 0x76, 0x8, 0x7, 0xff, 0xa,
    0xb7, 0x83, 0x84, 0x13, 0xbb, 0x58, 0x6f, 0x76,
    0x10, 0x2, 0x10, 0x7, 0x34, 0x46, 0x60, 0x78,
    0x8c, 0x20, 0x1f, 0xc4, 0xcd, 0xb4, 0x29, 0x9b,
    0x0, 0x7f, 0xfa, 0x55, 0xdf, 0xb4, 0x29, 0xdf,
    0x80, 0x6, 0xac, 0x2, 0x13, 0x11, 0xcc, 0xf,
    0x11, 0xc2, 0x9, 0x52, 0x8e, 0x19, 0xff, 0xff,
    0xc1, 0x10, 0x7f, 0xf5, 0x88, 0x7, 0xff, 0x10,

    /* U+6307 "指" */
    0x0, 0xcc, 0x60, 0x10, 0xa8, 0x7, 0xff, 0xa,
    0xec, 0x1, 0x2d, 0x10, 0x7, 0xff, 0x30, 0x56,
    0xf8, 0x80, 0x3f, 0xf8, 0x2, 0x91, 0x9d, 0x41,
    0x6, 0x1, 0xff, 0xc0, 0xcb, 0x34, 0xbf, 0xb6,
    0x10, 0x7, 0xfc, 0x4f, 0xfe, 0x30, 0x5, 0xfd,
    0xc2, 0x0, 0x4d, 0x21, 0x33, 0x9, 0xcc, 0x88,
    0x0, 0xc0, 0x1f, 0x72, 0x3, 0x34, 0x68, 0xcc,
    0x17, 0xa, 0x22, 0xf1, 0xab, 0x80, 0x7f, 0x1a,
    0x3e, 0xef, 0xb0, 0xe4, 0x3, 0xfd, 0x7d, 0xbb,
    0xf7, 0x18, 0x7, 0x13, 0x5b, 0x0, 0x4, 0x8b,
    0xe0, 0xc, 0x92, 0x4b, 0x20, 0xa9, 0xff, 0xfe,
    0x2, 0xfb, 0x60, 0x5f, 0xb3, 0x0, 0x4d, 0xdf,
    0x98, 0x0, 0x4f, 0x7e, 0x44, 0x0, 0xe7, 0x44,
    0xf7, 0x80, 0x50, 0x80, 0x1f, 0x90, 0xcf, 0xdc,
    0x1, 0xff, 0xc1, 0xac, 0xcf, 0x38, 0x7, 0xff,
    0x7, 0xbf, 0xfd, 0x20, 0x1f, 0xfd, 0x66, 0x55,
    0xf6, 0x0, 0x44, 0xaa, 0x30, 0xf, 0x4d, 0xdf,
    0x90, 0x2, 0x1a, 0xa1, 0x50, 0x7, 0x7f, 0x77,
    0xac, 0x40, 0x7, 0xfe, 0xc2, 0x0, 0x93, 0xc4,
    0x3, 0xcb, 0xc0,

    /* U+636E "据" */
    0x0, 0xc4, 0x1, 0xff, 0xc8, 0x3d, 0x20, 0x0,
    0xaa, 0xff, 0xc2, 0x1, 0xfc, 0x55, 0x5f, 0xf2,
    0x80, 0x7f, 0xdb, 0xff, 0xf6, 0x80, 0x7f, 0xf3,
    0xbb, 0x98, 0x1b, 0xd4, 0x0, 0x73, 0x3f, 0x9c,
    0x3, 0x44, 0x1c, 0x22, 0x1c, 0x0, 0xac, 0xcf,
    0xa8, 0x3, 0x33, 0x2c, 0x15, 0x90, 0x1, 0x7d,
    0xd4, 0x86, 0xf7, 0x48, 0x1, 0xfc, 0xe0, 0xc2,
    0x31, 0x81, 0x8, 0xc0, 0x1f, 0xfc, 0x5, 0x5d,
    0x80, 0xca, 0xb8, 0x3, 0xcc, 0xd0, 0x2, 0x2a,
    0xa6, 0x9, 0xaa, 0xc0, 0x11, 0x58, 0x5c, 0x88,
    0x83, 0xbf, 0xea, 0xf, 0xfe, 0x2, 0xed, 0x70,
    0x9f, 0x72, 0x1, 0x0, 0xff, 0x89, 0x2b, 0x1,
    0x0, 0x1c, 0x22, 0x33, 0x88, 0x10, 0xce, 0x10,
    0x5, 0x28, 0x7, 0x12, 0xa6, 0x65, 0x1, 0x79,
    0x92, 0x0, 0x7f, 0x21, 0x80, 0x3f, 0xfe, 0x0,
    0xff, 0x18, 0x60, 0x7, 0xff, 0x1e, 0xc1, 0x0,
    0x3f, 0xf8, 0xc2, 0xea, 0x1, 0x22, 0x7c, 0x1,
    0x95, 0xe4, 0xe, 0x42, 0x40, 0x2b, 0xbf, 0x80,
    0x3a, 0x9a, 0x7, 0x18, 0xc0, 0x2f, 0xff, 0x84,
    0x0,

    /* U+6383 "掃" */
    0x0, 0xc4, 0x1, 0xff, 0xc7, 0x3d, 0x20, 0xb,
    0x7b, 0xbf, 0x8c, 0x3, 0xfd, 0xdb, 0xbf, 0x58,
    0xb8, 0x7, 0xf8, 0xcf, 0xf2, 0x0, 0x7f, 0xf0,
    0x37, 0xff, 0xee, 0x0, 0xdf, 0xec, 0xd, 0xfa,
    0xc, 0xee, 0xfb, 0x0, 0x34, 0xc9, 0xc1, 0xe7,
    0x80, 0xcf, 0xf3, 0x80, 0x66, 0x65, 0x85, 0x32,
    0x16, 0xef, 0xeb, 0x0, 0xff, 0x8b, 0xff, 0xfc,
    0x80, 0x1f, 0x97, 0xff, 0xff, 0x81, 0x60, 0x1d,
    0x1d, 0x21, 0x77, 0x98, 0x2e, 0xf2, 0x0, 0xe,
    0x38, 0x15, 0x10, 0x28, 0x9b, 0xc5, 0x13, 0x10,
    0x1e, 0x38, 0x86, 0xd6, 0xa, 0x26, 0xf1, 0x44,
    0xc6, 0x7, 0x5f, 0xe0, 0x9, 0x3a, 0xef, 0x30,
    0x5d, 0xef, 0xb0, 0x50, 0xf, 0x8, 0x5f, 0xfa,
    0x47, 0xfe, 0x10, 0xf, 0xff, 0x88, 0x88, 0x3,
    0xff, 0x8d, 0xbc, 0xe, 0x0, 0x35, 0xb0, 0x30,
    0xb, 0xd0, 0x3, 0xb3, 0x7c, 0x80, 0xb, 0x4c,
    0xc1, 0x0, 0xff, 0x9, 0x0, 0x40,

    /* U+639B "掛" */
    0x0, 0xc4, 0x1, 0xe1, 0x0, 0xc2, 0x1, 0xf9,
    0x34, 0x3, 0x9b, 0xc0, 0x21, 0xe4, 0x0, 0xff,
    0xea, 0x8a, 0x23, 0xc5, 0x10, 0x60, 0x1f, 0xfc,
    0x25, 0x99, 0x38, 0x4c, 0xa8, 0x3, 0xf7, 0xfa,
    0xc3, 0xfc, 0xdb, 0xa8, 0x1d, 0xd4, 0x80, 0x7e,
    0x99, 0x30, 0x44, 0x98, 0x7, 0xff, 0xd, 0x99,
    0xa0, 0xec, 0x20, 0x1, 0x0, 0xc6, 0x1, 0xff,
    0xc1, 0xef, 0xf4, 0xf, 0xfc, 0x81, 0x48, 0x1,
    0xfe, 0xcd, 0xd6, 0x63, 0x76, 0x40, 0x5b, 0x70,
    0xf, 0xa3, 0x50, 0x88, 0xba, 0x45, 0x18, 0x7c,
    0xc5, 0x0, 0x12, 0x68, 0x19, 0x10, 0x1, 0xfe,
    0x6a, 0x53, 0x35, 0xba, 0x87, 0xc9, 0x0, 0x7f,
    0xcb, 0xa6, 0x6b, 0xef, 0x1, 0xa, 0xff, 0x48,
    0xff, 0xc0, 0x1c, 0x40, 0x4, 0x0, 0xe8, 0xcc,
    0x30, 0x66, 0x40, 0x1f, 0xfc, 0x22, 0x33, 0x78,
    0x99, 0xc0, 0x1f, 0xfd, 0xbe, 0x18, 0xbd, 0xb0,
    0xf, 0xfe, 0x2, 0xdf, 0x7b, 0x82, 0x15, 0xf0,
    0x7, 0xc6, 0xb8, 0x1, 0xb, 0x56, 0xfe, 0x4b,
    0x28, 0x7, 0xd7, 0x4c, 0xe0, 0xb5, 0xa, 0x40,
    0x1f, 0xfc, 0x8, 0xfe, 0x80, 0xf, 0xf0, 0xfa,
    0x0, 0x60,

    /* U+63A5 "接" */
    0x0, 0xc2, 0x1, 0xff, 0xc7, 0x6e, 0x0, 0xf9,
    0xb4, 0x3, 0xff, 0x8e, 0xe7, 0x0, 0x1f, 0xfc,
    0x2b, 0xee, 0xbc, 0x5f, 0xbb, 0x84, 0x3, 0xf4,
    0x53, 0x5d, 0x5d, 0xaa, 0x1a, 0xa8, 0x22, 0xff,
    0x48, 0x7f, 0x90, 0xd1, 0x71, 0x13, 0x62, 0xa2,
    0x0, 0x66, 0x4a, 0x13, 0x25, 0x0, 0x73, 0x18,
    0x0, 0xd7, 0x80, 0x33, 0x33, 0x1, 0x98, 0x20,
    0x3, 0x67, 0x0, 0x72, 0x98, 0x7, 0xf9, 0xbf,
    0xe6, 0xbf, 0xf1, 0x2f, 0xfd, 0x40, 0x1f, 0x25,
    0x56, 0x56, 0xaa, 0xf4, 0x80, 0x71, 0x41, 0x2a,
    0xf7, 0x2a, 0xf8, 0xc0, 0x7, 0x81, 0xae, 0x62,
    0x34, 0x2, 0x8, 0xfc, 0x7d, 0x8a, 0x17, 0xf3,
    0xdd, 0x38, 0x67, 0x77, 0xbc, 0x92, 0xa4, 0x10,
    0x2f, 0x74, 0x65, 0xbb, 0x9c, 0x33, 0x70, 0x69,
    0x40, 0x30, 0x93, 0x1c, 0x91, 0x65, 0x43, 0x22,
    0x0, 0x7f, 0x50, 0xb8, 0x4, 0xc5, 0xe0, 0x1f,
    0xf0, 0xc9, 0xe6, 0xba, 0x4a, 0xa0, 0x7, 0xfc,
    0x2f, 0xb8, 0x91, 0x61, 0x20, 0x1f, 0xfc, 0x36,
    0x50, 0x41, 0xca, 0x20, 0x8, 0xd7, 0x4, 0x0,
    0xb1, 0x7d, 0x4f, 0x76, 0xe8, 0x4d, 0x80, 0x2,
    0xd2, 0x48, 0x3, 0x14, 0x63, 0x6d, 0x0, 0xf,
    0xec, 0x80, 0x6, 0xfe, 0x70, 0x4, 0xed, 0x31,
    0x0, 0x70, 0xce, 0x0,

    /* U+63A7 "控" */
    0x0, 0xff, 0xe6, 0xa7, 0x88, 0x7, 0xd7, 0x20,
    0x1f, 0xfc, 0x8c, 0x61, 0x0, 0xff, 0xe1, 0x44,
    0xce, 0xd0, 0xd9, 0x9d, 0x0, 0x1, 0x18, 0xc,
    0x41, 0x94, 0x2, 0x36, 0x50, 0x9, 0x58, 0x1,
    0xdc, 0xa0, 0xde, 0x60, 0xa9, 0x9f, 0xeb, 0x0,
    0xae, 0xd0, 0x15, 0x6e, 0x1, 0x17, 0x28, 0x2e,
    0x8, 0xa, 0x80, 0x11, 0x6, 0x8, 0x81, 0xe6,
    0x1c, 0x55, 0x2, 0x6, 0x13, 0x58, 0x7, 0xf8,
    0xb0, 0xec, 0x0, 0x38, 0x38, 0x40, 0x1f, 0xe4,
    0xd1, 0xc0, 0xe, 0xc2, 0xc2, 0x0, 0xf9, 0x8,
    0x89, 0x82, 0x1, 0xec, 0x72, 0x0, 0xc6, 0x1d,
    0x68, 0xdc, 0xcd, 0xfd, 0x40, 0x1, 0x9e, 0x80,
    0x7d, 0x60, 0xb9, 0x9f, 0xeb, 0x0, 0x9d, 0xd0,
    0x12, 0x40, 0xe, 0xff, 0xa0, 0x3f, 0xf4, 0x0,
    0x7, 0xa4, 0xc0, 0x3f, 0xff, 0xe0, 0x1f, 0xfc,
    0x43, 0x55, 0xed, 0x5, 0x5f, 0x0, 0xd, 0x74,
    0x4, 0x26, 0xab, 0x94, 0x2a, 0xbc, 0x21, 0x74,
    0xee, 0x0, 0x57, 0xff, 0xff, 0x4, 0x42, 0x3f,
    0xa0, 0x3, 0xff, 0x8a,

    /* U+64A4 "撤" */
    0x0, 0x84, 0x40, 0x1f, 0xf1, 0x80, 0x7e, 0xbb,
    0x0, 0x67, 0xc0, 0xc, 0x58, 0x60, 0x1f, 0xfc,
    0x15, 0x32, 0x0, 0x98, 0xc, 0x3, 0xfc, 0x9d,
    0xcc, 0xd, 0xee, 0x39, 0x88, 0x7, 0xfc, 0xbb,
    0x43, 0x19, 0xba, 0x6d, 0x8, 0x8c, 0x21, 0xde,
    0xaa, 0xfb, 0x33, 0x9d, 0x64, 0xc5, 0x8c, 0xc8,
    0xe8, 0x0, 0x89, 0x32, 0x9e, 0x19, 0xf0, 0x45,
    0x21, 0x39, 0xb8, 0xc, 0x10, 0x66, 0x9d, 0x93,
    0x47, 0xbf, 0x42, 0xd0, 0x4, 0x8, 0x40, 0x3f,
    0x9d, 0xaf, 0x3b, 0xf, 0x83, 0x43, 0x88, 0x3,
    0xfa, 0x74, 0x9d, 0x5f, 0x91, 0x48, 0x9, 0x40,
    0x3f, 0xd, 0x5c, 0xcd, 0x62, 0xfc, 0xe0, 0xfc,
    0x1, 0xc2, 0x9b, 0x80, 0x9b, 0xb0, 0xc, 0x29,
    0x9, 0x20, 0x0, 0x6b, 0x90, 0x13, 0x81, 0xd1,
    0x20, 0x8, 0x4a, 0x4, 0xc0, 0x2, 0xcc, 0x34,
    0x93, 0x3, 0x88, 0x80, 0x32, 0xb3, 0x80, 0x6c,
    0x86, 0x0, 0xc9, 0x99, 0x0, 0x6c, 0xc, 0x0,
    0xff, 0x97, 0x32, 0x0, 0xc6, 0x6, 0x1, 0xff,
    0x14, 0x44, 0x1, 0xa4, 0xac, 0x3, 0xfe, 0x74,
    0x48, 0x2, 0x83, 0xc3, 0x50, 0xf, 0xfe, 0x22,
    0x3c, 0xb, 0x59, 0x0, 0x9, 0x18, 0x3, 0xc8,
    0xc0, 0x76, 0xca, 0x10, 0x7e, 0x0, 0x7b, 0x1e,
    0x0, 0x84, 0x32, 0xd4, 0xd2, 0x40, 0x2f, 0x40,
    0x2, 0xfe, 0xa0, 0x2, 0x28, 0x23, 0x69, 0x2c,
    0x3, 0x14, 0x80,

    /* U+64AD "播" */
    0x0, 0xc2, 0x1, 0xff, 0xc8, 0x3e, 0x20, 0x8,
    0x48, 0xd5, 0x9e, 0x6f, 0x7d, 0x0, 0x3f, 0xdd,
    0xcd, 0xd4, 0xdc, 0xe, 0xcf, 0x20, 0x7, 0xfb,
    0xad, 0xfb, 0x28, 0x61, 0xb2, 0x80, 0x30, 0x89,
    0xc0, 0x46, 0x6, 0x75, 0x0, 0xe6, 0xf0, 0xd,
    0xdc, 0xb0, 0xce, 0x80, 0x26, 0xf0, 0xc, 0xe4,
    0x80, 0x1b, 0x31, 0x21, 0x59, 0xfd, 0xc7, 0x4e,
    0x81, 0xe8, 0x3e, 0xe4, 0x80, 0xc, 0xca, 0xe,
    0x69, 0x11, 0x48, 0x80, 0x5, 0x66, 0x21, 0xa0,
    0x1f, 0x89, 0x9a, 0xc2, 0x71, 0x95, 0x36, 0x62,
    0x0, 0x7c, 0x44, 0x1, 0xc5, 0xff, 0x3, 0x3d,
    0x30, 0x7, 0x9c, 0x3f, 0x55, 0x5e, 0x38, 0x40,
    0x14, 0x42, 0x6c, 0x80, 0xb, 0x76, 0x7, 0xaa,
    0x9f, 0x48, 0x11, 0x80, 0xf, 0x6b, 0x80, 0x74,
    0xec, 0x10, 0xb7, 0x66, 0xff, 0xb1, 0xff, 0xeb,
    0x9c, 0x3, 0xdc, 0xa0, 0x9, 0x90, 0x23, 0x30,
    0xe3, 0x99, 0x0, 0x8, 0x0, 0x40, 0x1f, 0x8c,
    0xee, 0x33, 0xc2, 0x1, 0xff, 0xc1, 0x9c, 0xc4,
    0x16, 0x64, 0x20, 0x1f, 0xfc, 0x15, 0x88, 0x38,
    0xc4, 0x40, 0x1f, 0xfc, 0x2c, 0x44, 0x79, 0xa2,
    0x42, 0x1, 0xff, 0xc1, 0x33, 0xb8, 0xcf, 0x8,
    0x6, 0x35, 0xb0, 0x30, 0xd, 0x3b, 0xa6, 0xd,
    0xd8, 0x3, 0x92, 0x9d, 0x84, 0x3, 0x57, 0x77,
    0xc4, 0x20, 0x13, 0xff, 0xa4, 0x3, 0x7a, 0x0,
    0x7d, 0xac, 0x0,

    /* U+64CD "操" */
    0x0, 0xff, 0xe6, 0xb7, 0x80, 0x72, 0x27, 0xe0,
    0xf, 0xfe, 0x15, 0x52, 0x67, 0xac, 0x40, 0x3f,
    0xf8, 0x51, 0xbb, 0xa4, 0x3, 0xff, 0xa1, 0xdf,
    0x21, 0xfe, 0x10, 0xa, 0x7b, 0xb5, 0x0, 0x7a,
    0xad, 0x82, 0xec, 0x20, 0xf, 0xef, 0xfe, 0xe1,
    0x0, 0xc8, 0x8f, 0x4, 0x40, 0xff, 0xbb, 0xa9,
    0xe, 0xeb, 0xfc, 0xa0, 0x1f, 0xec, 0xdd, 0x10,
    0x5, 0xbb, 0x8, 0x7, 0xfc, 0x64, 0x41, 0x0,
    0x88, 0xa0, 0xf, 0xcb, 0x66, 0x1, 0xff, 0xc4,
    0x2d, 0xa, 0x71, 0xf, 0xf8, 0xc0, 0x2f, 0xf8,
    0x40, 0x2b, 0xd4, 0xb, 0xc3, 0xdd, 0xf4, 0xee,
    0xf2, 0x80, 0xa, 0x60, 0x10, 0x0, 0x67, 0xda,
    0xc6, 0x7c, 0x20, 0x9, 0x61, 0x0, 0xa3, 0xbb,
    0x9c, 0x7b, 0xbb, 0x0, 0x3f, 0x4e, 0xed, 0x82,
    0x1, 0x4e, 0xed, 0xe0, 0x1f, 0x84, 0x88, 0x7c,
    0x6c, 0x31, 0x22, 0x45, 0x0, 0x7f, 0x93, 0xc7,
    0x38, 0x1d, 0xd8, 0xa0, 0x1f, 0xe2, 0xbb, 0x26,
    0x8, 0x5, 0xd, 0x54, 0x20, 0x0, 0xa6, 0x8,
    0x4e, 0xad, 0x50, 0x3, 0xd3, 0x49, 0xe0, 0x15,
    0xa3, 0x4, 0x57, 0x28, 0x7, 0xe5, 0xff, 0x0,
    0x7, 0xfa, 0x0, 0x54, 0x3, 0x9f, 0x80, 0x30,
    0x90, 0x0,

    /* U+653E "放" */
    0x0, 0xe5, 0x0, 0xf8, 0xd0, 0x3, 0xfe, 0x2a,
    0x50, 0xf, 0x44, 0x80, 0x7f, 0xc4, 0x9c, 0x1,
    0xe4, 0x70, 0xf, 0xfe, 0x6, 0x88, 0x7, 0x18,
    0x60, 0x7, 0xed, 0xdd, 0x6f, 0xbb, 0x50, 0x20,
    0xa, 0xaf, 0x80, 0xa, 0xa6, 0x24, 0x55, 0xda,
    0x16, 0x11, 0x55, 0xe1, 0x8, 0x87, 0x4, 0x47,
    0x38, 0x9a, 0xff, 0xdc, 0x11, 0xe2, 0x1, 0xff,
    0x48, 0x38, 0x4, 0xa0, 0xa0, 0x1f, 0x33, 0x64,
    0x16, 0x12, 0x10, 0x1, 0x81, 0x0, 0x7d, 0x13,
    0x37, 0xc0, 0xe8, 0x20, 0x3, 0x10, 0x3, 0xf7,
    0x7f, 0x90, 0x1d, 0x8c, 0xd8, 0x0, 0x53, 0x0,
    0xfc, 0x20, 0x10, 0xe4, 0x2, 0x38, 0x28, 0xd8,
    0x7, 0x8c, 0x3, 0x39, 0x90, 0x85, 0xa, 0xf1,
    0x98, 0x3, 0xdc, 0x20, 0x1f, 0x88, 0xe5, 0x24,
    0x3, 0xe3, 0x50, 0x8, 0x40, 0x3a, 0x8c, 0x54,
    0x3, 0xe5, 0x30, 0x8, 0xc4, 0x3, 0x18, 0x10,
    0x7, 0xc6, 0x38, 0x1, 0xf, 0x80, 0x47, 0x42,
    0x70, 0x1, 0xea, 0x14, 0x0, 0xc2, 0x0, 0x2d,
    0x2f, 0x57, 0x40, 0xc, 0x6d, 0x20, 0x11, 0x1,
    0x2, 0xe0, 0x78, 0xd1, 0x5b, 0x0, 0x5c, 0x4e,
    0x2c, 0xb2, 0xf, 0x74, 0x58, 0x40, 0xc, 0x39,
    0xa0, 0x23, 0xe0, 0x18, 0xa5, 0x81, 0x48, 0xc2,
    0x0, 0x87, 0x19, 0x80, 0x5c, 0x60, 0xe, 0xfe,
    0x72, 0xe7, 0x0, 0xfa, 0x70, 0x0,

    /* U+6548 "效" */
    0x0, 0xc2, 0x80, 0x1f, 0x98, 0x80, 0x3f, 0xcf,
    0x66, 0x1, 0xe2, 0x96, 0x0, 0xff, 0x32, 0x70,
    0x7, 0x90, 0x14, 0x3, 0xe2, 0x33, 0xb4, 0x10,
    0xce, 0x0, 0x61, 0x8, 0x7, 0xdf, 0x99, 0x49,
    0x5e, 0x64, 0x20, 0x82, 0xcd, 0xca, 0x0, 0xcd,
    0xcd, 0xdd, 0x9b, 0xa1, 0x21, 0x39, 0x9f, 0x0,
    0x4, 0xa2, 0x48, 0x8b, 0xc6, 0x40, 0x81, 0xff,
    0x82, 0x70, 0x2, 0x34, 0x80, 0x3, 0x85, 0x0,
    0x2c, 0xc0, 0x23, 0x5, 0x0, 0xde, 0x86, 0x1,
    0x72, 0x20, 0xc8, 0xc0, 0x24, 0x3, 0x0, 0xa0,
    0xe4, 0x2, 0x46, 0x5c, 0xf1, 0x3, 0x0, 0x69,
    0x80, 0x42, 0xf2, 0x88, 0x0, 0x4e, 0x56, 0x1e,
    0x92, 0x0, 0x11, 0x0, 0x10, 0xeb, 0x65, 0xa1,
    0x95, 0x2, 0x51, 0xad, 0x2, 0x8d, 0x0, 0x62,
    0xa, 0x4b, 0xf2, 0x30, 0x2, 0x85, 0x92, 0x72,
    0x10, 0x7, 0xd6, 0x87, 0x40, 0x1c, 0x66, 0x84,
    0xf0, 0xf, 0xe7, 0xa, 0x10, 0xe, 0x93, 0x24,
    0x0, 0xfd, 0x7, 0x25, 0x40, 0x1f, 0xfc, 0x44,
    0x77, 0x35, 0x23, 0x0, 0x49, 0x46, 0x54, 0x1,
    0xe5, 0xb4, 0x80, 0x54, 0xb0, 0x1, 0xda, 0x64,
    0x2b, 0x80, 0x68, 0xa4, 0xb0, 0xa, 0xb0, 0x23,
    0xe, 0xc1, 0xd6, 0x28, 0x2, 0x46, 0xb0, 0xc,
    0x27, 0xce, 0xec, 0x0, 0xa9, 0xd7, 0x0, 0x19,
    0x20, 0x1e, 0x26, 0xc8, 0x0, 0xe8, 0xbf, 0x0,

    /* U+6557 "敗" */
    0x0, 0xff, 0xe0, 0x90, 0x7, 0xf9, 0x57, 0xe3,
    0x0, 0x1e, 0xb0, 0x7, 0xf5, 0x5c, 0x46, 0xab,
    0x0, 0x20, 0x20, 0x7, 0xfa, 0xf7, 0x70, 0x80,
    0x56, 0x24, 0x1, 0xff, 0xc7, 0x34, 0x11, 0xf8,
    0x3, 0x69, 0x9e, 0x10, 0x2, 0x2, 0xf7, 0x7c,
    0x1, 0x9f, 0x77, 0x0, 0x5e, 0x15, 0x99, 0x38,
    0x56, 0x0, 0x6a, 0xee, 0xc2, 0x4, 0x80, 0x3,
    0x38, 0x41, 0x4c, 0x3, 0xfe, 0x90, 0x1c, 0x0,
    0x95, 0x0, 0x3d, 0xa6, 0x78, 0x55, 0x25, 0xd0,
    0x2, 0x3c, 0x0, 0xf3, 0xe6, 0x60, 0x1, 0xb6,
    0x91, 0x1, 0x41, 0x0, 0x3d, 0x5f, 0xf8, 0x57,
    0x1, 0x2, 0xc3, 0x84, 0xc0, 0x3f, 0xf8, 0x8c,
    0xc3, 0x49, 0x0, 0xfb, 0x4c, 0xf0, 0x80, 0x6b,
    0xd, 0x6, 0x0, 0xf9, 0xf3, 0x30, 0x7, 0x12,
    0x8b, 0x8, 0x7, 0xbe, 0xf3, 0xfd, 0x5f, 0x0,
    0x19, 0x80, 0x80, 0x3e, 0x1b, 0xa0, 0x2a, 0x80,
    0xd, 0x66, 0x88, 0x80, 0xf, 0x30, 0x40, 0x14,
    0x39, 0x80, 0x29, 0x26, 0xd5, 0xd8, 0x3, 0x14,
    0x30, 0x80, 0x1c, 0xa1, 0x39, 0x61, 0x82, 0x8e,
    0x6c, 0x40, 0x1e, 0x52, 0x1, 0xbf, 0x6c, 0x2d,
    0xc0, 0x2c, 0x64, 0xf0, 0x5, 0xf0, 0x7, 0x13,
    0x3f, 0xa0, 0x7, 0x4d, 0xd8, 0x0,

    /* U+6570 "数" */
    0x0, 0xe2, 0x80, 0xf, 0x8c, 0x3, 0xfa, 0x90,
    0x19, 0xc4, 0x22, 0x80, 0xb, 0x82, 0x1, 0xfb,
    0x64, 0x3, 0xb, 0xe0, 0x3, 0x44, 0x40, 0x1f,
    0x9c, 0x94, 0x2, 0xb5, 0x60, 0x2, 0x28, 0x7,
    0xe5, 0x53, 0x1e, 0x3, 0xee, 0x29, 0x81, 0x91,
    0x9f, 0x10, 0x2, 0x61, 0x2d, 0xc2, 0x2a, 0xe2,
    0xcc, 0x1b, 0x33, 0xb8, 0x1, 0x9b, 0xa8, 0x0,
    0xaf, 0x75, 0x8, 0x15, 0xba, 0xa0, 0xbe, 0x0,
    0xcb, 0x48, 0x17, 0x18, 0x41, 0x40, 0x64, 0x43,
    0x4, 0x20, 0xa, 0x2a, 0x3c, 0x13, 0xdf, 0x8c,
    0x89, 0x80, 0xf, 0x30, 0xd, 0xaf, 0x4e, 0x1,
    0xd, 0xef, 0xa5, 0xb8, 0x1, 0x50, 0x3, 0x4e,
    0xa8, 0x1e, 0x8, 0x0, 0x8e, 0x10, 0x88, 0x27,
    0xa0, 0x19, 0x8, 0x12, 0x0, 0x21, 0x3c, 0x32,
    0x25, 0x38, 0x28, 0x6, 0x7f, 0xf5, 0x86, 0x7f,
    0xba, 0x4c, 0x0, 0xaa, 0xd5, 0x0, 0xe6, 0xc8,
    0xa, 0xcc, 0x50, 0x50, 0x5, 0x44, 0x9c, 0x1,
    0xc2, 0x74, 0xaa, 0x33, 0x79, 0x18, 0x4, 0x44,
    0x14, 0x0, 0xf2, 0x13, 0xb0, 0x2a, 0xb8, 0x3,
    0x31, 0xb, 0x0, 0x79, 0x39, 0x63, 0xaa, 0x4c,
    0x2, 0x39, 0x66, 0x49, 0x0, 0x78, 0x65, 0x4,
    0x2d, 0x0, 0x7, 0xa9, 0x32, 0x2f, 0x10, 0xc,
    0x4f, 0xcf, 0x9c, 0xfc, 0xf, 0x85, 0x60, 0xf,
    0x3f, 0x40, 0x5, 0xed, 0x46, 0x98, 0xd5, 0x32,
    0x1f, 0x0, 0x22, 0xc3, 0xb1, 0x8, 0xcd, 0x70,
    0xe, 0xab, 0x80, 0xe, 0x2d, 0xb1,

    /* U+6574 "整" */
    0x0, 0xe3, 0xa0, 0xf, 0xa0, 0x80, 0x3e, 0x23,
    0x39, 0x14, 0xcf, 0x0, 0x15, 0xc0, 0x3f, 0x46,
    0xed, 0x1, 0x9b, 0xb2, 0x7, 0x10, 0x11, 0x70,
    0x2, 0xbb, 0xab, 0xf, 0xee, 0x90, 0x90, 0xb7,
    0x7b, 0x0, 0x2d, 0xda, 0x83, 0xb7, 0x52, 0x1e,
    0x15, 0xdc, 0xd0, 0x9f, 0x0, 0x8a, 0x7e, 0x3,
    0x3d, 0xce, 0x48, 0xf8, 0x44, 0xa2, 0xc2, 0x1,
    0x98, 0x88, 0x4, 0x43, 0x3, 0x8e, 0x44, 0x4,
    0xb0, 0x7, 0xb7, 0xec, 0x3f, 0xcc, 0x14, 0xe4,
    0xf5, 0x40, 0x80, 0xe, 0xff, 0x50, 0x1, 0xab,
    0xa8, 0x2, 0x80, 0x5b, 0x0, 0xf9, 0x69, 0x43,
    0x2e, 0x84, 0x0, 0x36, 0x22, 0x83, 0x0, 0xc5,
    0x75, 0x7c, 0xb, 0xc2, 0xe3, 0x1e, 0xd9, 0xed,
    0x92, 0x40, 0xe, 0xd, 0x40, 0xd, 0x4d, 0x4d,
    0x3a, 0x63, 0x72, 0xfe, 0x0, 0xc9, 0x64, 0xa,
    0x44, 0xdd, 0x66, 0x89, 0x8b, 0x70, 0x2, 0x4b,
    0xba, 0xae, 0xf5, 0x52, 0xef, 0xe1, 0x0, 0x9b,
    0xff, 0xe4, 0x47, 0xff, 0xd0, 0x1, 0xff, 0xc1,
    0x73, 0x3f, 0x0, 0x7e, 0x4f, 0x20, 0xc, 0x79,
    0x9e, 0x20, 0xf, 0xfe, 0x12, 0x7f, 0xf8, 0x80,
    0x3f, 0xf9, 0xc8, 0x91, 0x82, 0x26, 0x67, 0x44,
    0xfe, 0x0, 0x55, 0xda, 0x2, 0x6e, 0xe2, 0x3b,
    0xbf, 0xe0,

    /* U+6578 "數" */
    0x0, 0xe9, 0x20, 0xf, 0x94, 0x40, 0x3f, 0xce,
    0xc0, 0x1e, 0x3a, 0x0, 0xf9, 0xbf, 0xe1, 0xbf,
    0xf8, 0x80, 0x8, 0x22, 0x0, 0xf8, 0xbb, 0x83,
    0x5d, 0x80, 0x1b, 0x54, 0x3, 0xd1, 0x47, 0x10,
    0x1e, 0x89, 0x9, 0x60, 0x71, 0x22, 0xe0, 0xf7,
    0xe, 0xe0, 0x17, 0x10, 0x11, 0x81, 0x2e, 0xee,
    0xc0, 0x7d, 0x36, 0x60, 0xe3, 0x58, 0x5a, 0xa8,
    0x2b, 0x74, 0x13, 0x80, 0x11, 0x77, 0x6, 0xbb,
    0x0, 0x2f, 0x3, 0x20, 0x2, 0x10, 0x1, 0xfb,
    0xa1, 0xae, 0xe8, 0x85, 0x47, 0xc1, 0x80, 0x80,
    0x2e, 0xec, 0x35, 0xdd, 0x5c, 0x14, 0x28, 0x19,
    0x0, 0x76, 0x7f, 0x86, 0xff, 0xcc, 0x1d, 0x8,
    0x61, 0x8e, 0x1, 0xdd, 0x98, 0x19, 0xcc, 0x38,
    0x3a, 0x90, 0xaa, 0x60, 0x6, 0xce, 0xf5, 0x4e,
    0xff, 0x6c, 0x80, 0x49, 0x0, 0xe0, 0x18, 0x46,
    0x72, 0x11, 0xc4, 0x1, 0x79, 0x18, 0x80, 0x49,
    0xbb, 0xb, 0x6e, 0xe1, 0x0, 0x94, 0x2c, 0x3,
    0x27, 0xd8, 0x67, 0xfc, 0x50, 0x20, 0x13, 0x85,
    0x0, 0x70, 0xd1, 0x38, 0x2, 0xc5, 0xc0, 0x21,
    0x86, 0x27, 0x0, 0xc3, 0xa9, 0x5d, 0xaf, 0x80,
    0x1a, 0x8a, 0x62, 0x4, 0x1, 0x8f, 0x54, 0x40,
    0xe4, 0x40, 0x16, 0x9c, 0xe, 0x78, 0x60, 0xb3,
    0xd6, 0x5d, 0xb6, 0x92, 0x18, 0x96, 0x60, 0xc,
    0x2d, 0x3, 0xb, 0xf9, 0x10, 0x4d, 0x80, 0x4c,
    0x40, 0xd, 0x9a, 0x0,

    /* U+6599 "料" */
    0x0, 0xff, 0xe2, 0x88, 0x7, 0xe5, 0xf0, 0xf,
    0xf0, 0xf2, 0x80, 0x66, 0x60, 0x7, 0x4a, 0x80,
    0x14, 0x3, 0xfe, 0xa0, 0xe, 0x61, 0x4, 0xab,
    0x10, 0xf, 0xce, 0x64, 0x1, 0x28, 0xa0, 0x26,
    0xb7, 0x90, 0x7, 0xc2, 0x48, 0x1, 0x7b, 0x0,
    0x45, 0xaa, 0xe0, 0x1f, 0x9f, 0x80, 0x2, 0xb4,
    0x1, 0xd6, 0xa0, 0x1f, 0xae, 0x0, 0x2d, 0x20,
    0xf, 0xfe, 0x17, 0x73, 0xe8, 0x3b, 0x7e, 0xe3,
    0x98, 0x3, 0xfd, 0x75, 0x41, 0x9, 0xaa, 0x44,
    0x1a, 0x6c, 0x40, 0x3f, 0x2a, 0x9c, 0x43, 0x15,
    0x46, 0x11, 0x6a, 0xc0, 0x1f, 0xeb, 0x10, 0x46,
    0x0, 0xc9, 0x8e, 0x1, 0xfe, 0x77, 0x5, 0xc9,
    0x0, 0x62, 0x0, 0xf1, 0x80, 0x4c, 0x78, 0xa,
    0x9c, 0x1, 0xc4, 0xb2, 0x17, 0xf8, 0x20, 0x8,
    0xa0, 0xa, 0x4d, 0x1a, 0x73, 0xf6, 0x9c, 0x16,
    0x70, 0x42, 0x1, 0x80, 0x22, 0xd7, 0x97, 0x7a,
    0xb7, 0x83, 0x98, 0xc0, 0x5e, 0x44, 0x3, 0x11,
    0xf7, 0x2e, 0x14, 0x80, 0x3c, 0x2a, 0xe0, 0x1f,
    0x8, 0x7, 0xff, 0x2, 0x80, 0x3f, 0xff, 0xb,
    0xe0, 0x1f, 0xe1, 0xf5, 0x0, 0x80,

    /* U+65AF "斯" */
    0x0, 0x8c, 0x40, 0x21, 0x30, 0xf, 0xe3, 0x0,
    0xed, 0x70, 0x9, 0x30, 0x3, 0xc4, 0xfb, 0x92,
    0x1, 0xff, 0xc1, 0x15, 0x9d, 0xd4, 0xa6, 0x48,
    0x1, 0x14, 0x71, 0x56, 0xc0, 0x63, 0x6a, 0x2a,
    0xce, 0x93, 0x0, 0xbe, 0x81, 0x6a, 0xa6, 0x9,
    0x90, 0xd, 0xb9, 0x80, 0x7a, 0xfc, 0x67, 0xfe,
    0xa0, 0xfa, 0x0, 0xff, 0xec, 0x4f, 0xfd, 0x40,
    0x18, 0x40, 0x3f, 0xf8, 0xf, 0x99, 0x40, 0x7,
    0x7f, 0xfc, 0x20, 0x1b, 0x8c, 0xe2, 0x0, 0xea,
    0xa9, 0x42, 0xa8, 0x20, 0x1b, 0x19, 0xac, 0x0,
    0xc2, 0xab, 0x68, 0xaa, 0x80, 0x39, 0x2e, 0xe7,
    0x0, 0xff, 0xe2, 0xc6, 0xed, 0x60, 0x17, 0x98,
    0x7, 0xff, 0x20, 0x44, 0x1, 0xf8, 0x7f, 0xc3,
    0x3f, 0xf5, 0x7, 0xea, 0xb0, 0x7, 0xe1, 0xaa,
    0xff, 0x49, 0x68, 0x7, 0xf2, 0xa8, 0x69, 0x97,
    0x39, 0x54, 0x2, 0x60, 0x1f, 0xf4, 0x99, 0x82,
    0x91, 0xc3, 0x49, 0x0, 0x3f, 0xd0, 0x5e, 0x0,
    0x37, 0x83, 0x65, 0x0, 0xff, 0x33, 0xc1, 0x80,
    0x51, 0x7c, 0x50, 0x1, 0xfe, 0x77, 0x80, 0x39,
    0x8b, 0x80, 0x3f, 0xe1, 0x80, 0xf, 0x17, 0x18,
    0x7, 0x3f, 0x0, 0x40,

    /* U+65B0 "新" */
    0x0, 0xe5, 0x20, 0xf, 0xfe, 0x44, 0x40, 0x3,
    0xf8, 0xdf, 0x64, 0x2, 0x11, 0xd4, 0xa6, 0x23,
    0x2, 0xce, 0x7e, 0x52, 0x68, 0x5, 0x1d, 0xd4,
    0x6, 0x77, 0x41, 0x29, 0x76, 0xed, 0x94, 0x0,
    0xa3, 0x52, 0xf7, 0x66, 0x8d, 0x0, 0x2b, 0xa0,
    0x80, 0x78, 0x49, 0xb0, 0x8a, 0x61, 0x20, 0xf,
    0xfe, 0x12, 0xa0, 0x1, 0x41, 0xc0, 0x3f, 0xf8,
    0x7a, 0xe2, 0x1c, 0x82, 0x1, 0xff, 0xc1, 0xff,
    0x52, 0x77, 0xa2, 0x3f, 0xcc, 0xf, 0xff, 0xf0,
    0x3, 0x33, 0x38, 0x66, 0x67, 0x4, 0x99, 0x81,
    0x66, 0x40, 0x3, 0x3d, 0xc0, 0x67, 0x84, 0x46,
    0xcd, 0xe, 0xb3, 0x0, 0x8, 0xab, 0x78, 0x2a,
    0xe1, 0xf, 0x0, 0xfe, 0x9a, 0xa9, 0x82, 0xab,
    0x18, 0x7, 0xfd, 0xbf, 0xf4, 0x87, 0xfe, 0x23,
    0x10, 0xf, 0xf1, 0x70, 0x80, 0x5a, 0x80, 0x1,
    0x20, 0xf, 0xf5, 0x18, 0x80, 0x4b, 0x20, 0x40,
    0xc0, 0x1f, 0xc2, 0xd6, 0x1, 0xa4, 0x91, 0x0,
    0x40, 0x1f, 0xd0, 0x6c, 0x1, 0x85, 0x7b, 0x10,
    0x3, 0xfe, 0x80, 0xf, 0x44, 0x13, 0x40, 0x3f,
    0xd2, 0xa2, 0x9e, 0x20, 0x2, 0x50, 0x60, 0xf,
    0xfe, 0xd, 0xbc, 0x80, 0x5f, 0x20, 0x1f, 0xe0,

    /* U+65C1 "旁" */
    0x0, 0xff, 0x29, 0x80, 0x7f, 0xf1, 0xe3, 0xc0,
    0x3f, 0xe5, 0x5f, 0xce, 0x6e, 0xab, 0xf0, 0x80,
    0x2a, 0xbf, 0x28, 0x45, 0x57, 0xca, 0x0, 0xff,
    0xc4, 0xff, 0xfe, 0xa2, 0xdf, 0xf9, 0x0, 0x3c,
    0xae, 0x80, 0x1d, 0x2, 0x40, 0x1e, 0x44, 0xda,
    0x3c, 0x89, 0xa0, 0xad, 0x13, 0x8, 0xd, 0xde,
    0xa1, 0x5b, 0xbc, 0xe1, 0x17, 0x78, 0x80, 0x2a,
    0xff, 0xf6, 0xeb, 0xff, 0xd8, 0x1, 0xff, 0xc0,
    0xce, 0x0, 0xff, 0xd, 0xa0, 0x7, 0xa4, 0xd0,
    0x3, 0x8a, 0xc8, 0x2e, 0xdd, 0xff, 0xe8, 0xb,
    0xff, 0xee, 0xbf, 0x8, 0xbb, 0xe4, 0xb, 0xbf,
    0xfa, 0x80, 0xd1, 0x39, 0xcd, 0x13, 0xff, 0x80,
    0x1, 0xf1, 0x82, 0xaf, 0xf0, 0x7, 0xf3, 0x81,
    0x5d, 0xfd, 0x54, 0x0, 0xfe, 0x93, 0xee, 0xfc,
    0xc2, 0x1, 0xfa, 0xc6, 0x0, 0x3f, 0x11, 0x0,
    0x3c, 0x58, 0x92, 0x80, 0x1f, 0x95, 0x40, 0x19,
    0x6f, 0x4a, 0x98, 0x3, 0x12, 0x19, 0xa0, 0x70,
    0x3, 0x4b, 0x47, 0xa8, 0x7, 0x35, 0xe6, 0x1d,
    0x54, 0x1, 0xb3, 0x5c, 0x40, 0x3c, 0x9f, 0xfa,
    0x80, 0x30,

    /* U+65E0 "无" */
    0x0, 0x37, 0xff, 0xff, 0x12, 0x80, 0x32, 0xc4,
    0x79, 0xc1, 0x22, 0x3e, 0xf0, 0xc, 0x6e, 0xfe,
    0x90, 0xe7, 0x7f, 0x94, 0x3, 0xfe, 0x20, 0x10,
    0xf, 0xfe, 0x3b, 0x83, 0x0, 0x7f, 0xf1, 0xc4,
    0xc, 0x3, 0xfe, 0x46, 0x6f, 0xbc, 0x1d, 0x9b,
    0xf2, 0x80, 0x22, 0x67, 0xe5, 0x9, 0x9f, 0xeb,
    0x0, 0x67, 0xff, 0xc2, 0xaa, 0x2f, 0xff, 0xb8,
    0x3, 0xf8, 0x87, 0xc0, 0x3f, 0xf8, 0xea, 0x8,
    0x1, 0xff, 0xc7, 0xa4, 0x10, 0xf, 0xfe, 0x33,
    0x97, 0x80, 0x7f, 0xf1, 0x86, 0x11, 0x0, 0x1f,
    0xc2, 0x1, 0xfb, 0x42, 0x0, 0x3f, 0xc9, 0xc0,
    0x1e, 0xc3, 0x93, 0x0, 0xff, 0x18, 0x80, 0x62,
    0xc3, 0x76, 0x0, 0xc6, 0x1, 0xef, 0x10, 0x0,
    0xc6, 0x9c, 0xc0, 0x6, 0x21, 0x86, 0x6c, 0xec,
    0xe0, 0xd, 0x74, 0xd6, 0x0, 0xe9, 0x37, 0x99,
    0xd0, 0x70, 0x0, 0xeb, 0xb1, 0x0, 0x78, 0x73,
    0xff, 0xd8, 0x20,

    /* U+65E5 "日" */
    0xf, 0xff, 0xfe, 0x10, 0x80, 0xd, 0xdf, 0xfc,
    0x60, 0x1a, 0xe2, 0x3f, 0xd6, 0x1, 0xff, 0xf8,
    0xe4, 0x4f, 0xf7, 0x0, 0x66, 0xbb, 0xff, 0x30,
    0x6, 0x6d, 0xdf, 0xf3, 0x0, 0x6e, 0x22, 0xff,
    0x70, 0x7, 0xff, 0xe3, 0x19, 0xbf, 0xd8, 0x1,
    0x92, 0x67, 0xfc, 0x80, 0x19, 0xff, 0xff, 0xd0,
    0x1, 0xbc, 0x3, 0xfc, 0x22, 0x0,

    /* U+65F6 "时" */
    0x0, 0xff, 0xe2, 0x10, 0x7, 0xff, 0x1c, 0x75,
    0x40, 0x33, 0x37, 0x88, 0x3, 0xff, 0x82, 0x53,
    0x3e, 0x50, 0xf, 0xfe, 0x1e, 0x7f, 0xc2, 0x1,
    0xff, 0xca, 0x5f, 0xff, 0x70, 0x57, 0xf8, 0x40,
    0x3f, 0x3c, 0x47, 0x9c, 0x16, 0x20, 0x20, 0x1f,
    0x89, 0xdf, 0xd2, 0x1e, 0xee, 0x0, 0x94, 0xce,
    0x10, 0x0, 0xb8, 0x7, 0xff, 0x2, 0x73, 0x20,
    0x8, 0xe2, 0x0, 0x1f, 0xf5, 0xff, 0xc2, 0x0,
    0x28, 0x73, 0x0, 0xff, 0x38, 0x7, 0xce, 0x7c,
    0x1, 0xff, 0xc7, 0xe2, 0x80, 0xf, 0xfe, 0x31,
    0x3a, 0x80, 0x7f, 0xf1, 0xe3, 0x40, 0x3f, 0xb3,
    0xba, 0x10, 0xf, 0xfe, 0x23, 0xc4, 0x52, 0xa0,
    0x1f, 0xfc, 0x3b, 0x66, 0xc4, 0x1, 0xff, 0xc1,
    0x36, 0x10, 0xf, 0xfe, 0x30, 0xc9, 0x0, 0x7e,
    0x37, 0x7a, 0xc1, 0x80, 0x3f, 0xf8, 0x71, 0x12,
    0x39, 0x80, 0x40,

    /* U+663E "显" */
    0x0, 0xc8, 0x9f, 0xfc, 0x21, 0x0, 0xf1, 0xdd,
    0xff, 0xf0, 0x94, 0x3, 0xf6, 0x7f, 0xff, 0xb0,
    0x3, 0xff, 0xa9, 0x9f, 0xff, 0xec, 0x0, 0xff,
    0x4e, 0x67, 0xfa, 0x40, 0x3f, 0xca, 0x67, 0xfe,
    0x50, 0xf, 0xf3, 0x11, 0x7f, 0x98, 0x3, 0xfd,
    0x5b, 0xbf, 0xea, 0x0, 0xfc, 0x7f, 0xf7, 0x5f,
    0x7f, 0xb6, 0xff, 0xf2, 0x0, 0x78, 0x40, 0x23,
    0xb2, 0x0, 0x3d, 0x80, 0x63, 0x0, 0xf7, 0xb0,
    0x7, 0xff, 0x1, 0xf0, 0x80, 0x3a, 0x64, 0x20,
    0x1f, 0xe2, 0x88, 0x10, 0x7, 0x39, 0x58, 0x7,
    0xfb, 0x8d, 0xc0, 0x3e, 0x85, 0x20, 0xf, 0xd2,
    0x5a, 0x1, 0xf9, 0x58, 0x3, 0xfb, 0xe8, 0x40,
    0x3f, 0xa4, 0x80, 0x3f, 0x32, 0x0, 0x70, 0xf7,
    0x7b, 0x43, 0x3b, 0x94, 0x1f, 0xdd, 0xe1, 0x14,
    0xcf, 0xa2, 0x29, 0x94, 0x45, 0x33, 0xe1,

    /* U+6642 "時" */
    0x0, 0xff, 0xe0, 0xb, 0x88, 0x7, 0xc2, 0x3e,
    0x0, 0xe2, 0x82, 0x0, 0xf2, 0x77, 0x77, 0x80,
    0x7f, 0xf1, 0x2f, 0x74, 0xe0, 0xd, 0xff, 0xb0,
    0x33, 0xff, 0x8, 0x4, 0xa4, 0x4f, 0x0, 0x45,
    0x54, 0xe0, 0xf5, 0x58, 0x40, 0x3f, 0x95, 0x75,
    0x85, 0xaa, 0xe0, 0xf, 0xfe, 0x92, 0x33, 0x6b,
    0xb, 0x66, 0xe0, 0x9, 0x9a, 0xd0, 0xf9, 0x9c,
    0xe0, 0xf3, 0x3c, 0x1, 0x44, 0xc9, 0x42, 0xff,
    0xfe, 0xb0, 0xdf, 0xf0, 0x5, 0xdf, 0xe8, 0x0,
    0xff, 0xe5, 0x1a, 0xaf, 0xd8, 0xa, 0xa4, 0x0,
    0xfd, 0x55, 0xf9, 0xc2, 0x2a, 0x0, 0x3f, 0x4f,
    0xf7, 0xff, 0x58, 0x6f, 0xe0, 0x7, 0xf0, 0xfc,
    0x0, 0x7f, 0xf0, 0x3b, 0xfd, 0x0, 0x1, 0x87,
    0x60, 0xf, 0xfa, 0x2a, 0xab, 0x0, 0x33, 0x24,
    0x80, 0x3f, 0xcc, 0xab, 0x80, 0x29, 0x15, 0x0,
    0xfc, 0x9a, 0x20, 0x1f, 0xbd, 0xc0, 0x3f, 0x88,
    0x3, 0xf8, 0x51, 0x55, 0xa0, 0x60, 0x1f, 0xfc,
    0x33, 0xaa, 0x3b, 0x8, 0x4,

    /* U+6682 "暂" */
    0x0, 0xcc, 0x20, 0x1f, 0xfc, 0x56, 0x95, 0x0,
    0xf1, 0x22, 0xc5, 0xf5, 0x7, 0x7f, 0xa4, 0x2f,
    0xff, 0x1e, 0xea, 0xa4, 0x8e, 0xac, 0x37, 0x14,
    0x6f, 0x33, 0x8c, 0x23, 0xb2, 0xa1, 0x4, 0xc,
    0x56, 0xd1, 0x23, 0x38, 0x0, 0x20, 0x1f, 0xf,
    0x22, 0x7, 0x30, 0x23, 0x1, 0xfa, 0x27, 0x89,
    0x8d, 0x3b, 0x88, 0x8e, 0xe9, 0x5, 0xae, 0xfd,
    0x4d, 0x9b, 0xdc, 0x43, 0xee, 0x94, 0x2f, 0xfd,
    0x81, 0xbf, 0x2, 0x64, 0x23, 0x39, 0xaa, 0x10,
    0x30, 0x7, 0xcd, 0x35, 0x9a, 0xa9, 0xb5, 0x36,
    0x4, 0x1, 0xf7, 0x99, 0xae, 0xd, 0x3f, 0xb0,
    0xd8, 0x3, 0xf4, 0xd4, 0xba, 0xb0, 0x4, 0x2b,
    0x60, 0x1f, 0xf1, 0x9b, 0x70, 0xcc, 0x54, 0x26,
    0x73, 0xc1, 0x0, 0x63, 0xcc, 0x44, 0x33, 0x2b,
    0xcc, 0xd7, 0x2, 0x1, 0xed, 0xff, 0xff, 0x48,
    0x7, 0xe6, 0x11, 0xff, 0x80, 0x3f, 0x5f, 0x77,
    0xfa, 0x0, 0x3f, 0x6f, 0xff, 0xfa, 0x40, 0x3f,
    0x21, 0x9f, 0xfb, 0x80, 0x3f, 0x4e, 0x67, 0xf9,
    0xc0, 0x3f, 0x6f, 0xff, 0xfa, 0x84, 0x2,

    /* U+6696 "暖" */
    0x0, 0xff, 0xe2, 0x1a, 0x80, 0x7f, 0x99, 0xe2,
    0x6a, 0xf7, 0xbf, 0x21, 0x80, 0x9, 0xff, 0xc9,
    0xb8, 0x40, 0x43, 0x75, 0xbd, 0x2c, 0x1, 0xa6,
    0x60, 0x5, 0x84, 0x4c, 0x95, 0x10, 0x49, 0x68,
    0x1, 0x99, 0xa0, 0x9, 0xe8, 0x4, 0x48, 0x0,
    0x94, 0x40, 0x7, 0xfa, 0xd4, 0x0, 0xbe, 0xa,
    0x72, 0x1, 0xfe, 0x40, 0x64, 0x46, 0x61, 0x20,
    0xd9, 0x4, 0x3, 0xf4, 0x4a, 0x5d, 0xa6, 0xe8,
    0xca, 0xa8, 0x40, 0x12, 0x21, 0x40, 0x19, 0xda,
    0x17, 0xdd, 0xf1, 0x80, 0x57, 0x6a, 0x2, 0x44,
    0x28, 0x1a, 0x27, 0xc6, 0x1, 0x7f, 0xc1, 0x97,
    0x68, 0x8, 0xbb, 0xfa, 0x40, 0x3e, 0xef, 0xf3,
    0x17, 0xff, 0xea, 0x0, 0xff, 0x28, 0xa2, 0x78,
    0xc0, 0x3f, 0xe1, 0x33, 0x4c, 0xf5, 0xe8, 0x7,
    0xfc, 0xe0, 0x8, 0xdd, 0xb0, 0x60, 0x3, 0xbf,
    0xe0, 0xa, 0x96, 0x68, 0xc0, 0x16, 0x6c, 0x1,
    0xd3, 0x39, 0x58, 0xe1, 0x99, 0x8d, 0x49, 0xe0,
    0x1e, 0x66, 0xc1, 0xa, 0x41, 0x2d, 0x2b, 0x64,
    0x1, 0x93, 0xc0, 0x22, 0xc0, 0xb0, 0x3b, 0x65,
    0x3a, 0xb5, 0x10, 0xf, 0xb0, 0xf1, 0xbb, 0x3,
    0x2b, 0x29, 0xeb, 0xa8, 0x3, 0xdb, 0xe4, 0xb1,
    0xd6, 0x60, 0x5, 0xce, 0x99, 0x0,

    /* U+66AB "暫" */
    0x0, 0xc4, 0xc0, 0x1f, 0xfc, 0x74, 0x90, 0xf,
    0x9, 0xab, 0xd6, 0xf0, 0x84, 0xff, 0xd2, 0x1f,
    0xf9, 0x1b, 0xb6, 0x70, 0xa3, 0xc4, 0x27, 0xfe,
    0xa0, 0xff, 0xc8, 0x3, 0xd9, 0x70, 0xa2, 0x1,
    0x7e, 0xea, 0xc3, 0x75, 0xd2, 0x1, 0xff, 0xc1,
    0xfd, 0xb0, 0xdd, 0x30, 0x4, 0x28, 0x9f, 0x0,
    0x5f, 0x96, 0x19, 0x86, 0x0, 0x8, 0x55, 0x2e,
    0xea, 0xa0, 0x5, 0xd9, 0x61, 0x98, 0x70, 0x7,
    0x1f, 0x73, 0xc2, 0xbb, 0x80, 0x3, 0xfc, 0xb0,
    0xcc, 0x28, 0x81, 0x28, 0x7, 0xe2, 0xee, 0xa4,
    0x3b, 0xaa, 0x4, 0xf0, 0xf, 0xdd, 0xff, 0x48,
    0x7f, 0xe7, 0x7, 0x0, 0xfd, 0x9b, 0xb5, 0x86,
    0xee, 0xa7, 0x10, 0xf, 0xf8, 0x82, 0xc, 0xf4,
    0xe1, 0x9e, 0x84, 0x0, 0xf7, 0x54, 0x66, 0x6b,
    0xb6, 0x66, 0x91, 0x0, 0xf9, 0x7f, 0xff, 0xcc,
    0x1, 0xfc, 0x23, 0xff, 0x18, 0x7, 0xf2, 0x77,
    0x7f, 0x94, 0x3, 0xf9, 0x7f, 0xff, 0xcc, 0x1,
    0xfc, 0x26, 0x7f, 0xe2, 0x0, 0xfe, 0x4c, 0xcf,
    0xf2, 0x0, 0x7f, 0x2f, 0xff, 0xf9, 0xcc, 0x3,
    0x0,

    /* U+66F3 "曳" */
    0x0, 0xfc, 0x2c, 0x20, 0x1f, 0xfc, 0x63, 0x95,
    0x0, 0xff, 0xe4, 0x8, 0x7, 0xff, 0x3, 0xbf,
    0xfb, 0x42, 0xbf, 0xfe, 0x0, 0xf2, 0xdd, 0xea,
    0x7, 0xbb, 0xe6, 0x0, 0xf8, 0x91, 0x32, 0x87,
    0x22, 0x77, 0x80, 0x7f, 0xf0, 0x84, 0x3, 0xff,
    0x82, 0xff, 0xfc, 0x11, 0xff, 0xd2, 0x1, 0xf2,
    0xd5, 0x71, 0x1d, 0x57, 0x30, 0x7, 0xc4, 0xab,
    0xc8, 0x2a, 0xbd, 0xe0, 0x1f, 0xfc, 0x1f, 0x20,
    0xf, 0xfe, 0xb, 0xff, 0xf4, 0x87, 0xff, 0x48,
    0x7, 0xc9, 0x55, 0xd2, 0x9, 0x55, 0x4c, 0x50,
    0x7, 0x16, 0x2a, 0xf3, 0x2b, 0xaa, 0xdb, 0xe,
    0x1, 0xd8, 0xe0, 0x1e, 0xf3, 0x20, 0xa4, 0x92,
    0x0, 0xff, 0xe0, 0xa8, 0x5e, 0xac, 0xb0, 0x7,
    0xff, 0x8, 0x88, 0xc1, 0x8c, 0x0, 0x27, 0x0,
    0xfe, 0x6c, 0xd3, 0x7, 0x30, 0x9, 0xa0, 0x3,
    0x89, 0x6b, 0xe5, 0xeb, 0xa1, 0x60, 0x2, 0x31,
    0x2, 0x8b, 0xfd, 0xa7, 0x77, 0x5a, 0x83, 0xbd,
    0xd0, 0xf2, 0xe0, 0x6c, 0xf, 0x7d, 0xb0, 0x20,
    0x1a, 0x2d, 0x1a, 0x16, 0x0, 0x7a, 0xe1, 0x4,
    0x3, 0xf2, 0x57, 0x7d, 0x88, 0x0,

    /* U+6700 "最" */
    0x0, 0xf, 0xff, 0xff, 0x8, 0x80, 0x3e, 0x9d,
    0xdf, 0xf5, 0x0, 0x7f, 0x19, 0x17, 0xf8, 0x40,
    0x3f, 0xab, 0xff, 0xfd, 0x60, 0x1f, 0xd5, 0xff,
    0xfe, 0xb0, 0xf, 0xe3, 0x11, 0xff, 0x80, 0x3f,
    0xa7, 0xbb, 0xfd, 0x40, 0x1f, 0xf, 0xff, 0xff,
    0x8, 0x80, 0x2e, 0xff, 0xff, 0xe3, 0x60, 0x55,
    0x92, 0x5d, 0xd2, 0x13, 0x77, 0xfd, 0xe0, 0x88,
    0x12, 0x55, 0x88, 0x15, 0xdf, 0xf3, 0x18, 0x6,
    0x6e, 0xea, 0xc0, 0x1b, 0x99, 0xf8, 0x3, 0x9b,
    0xfe, 0xc0, 0x7, 0x23, 0x7f, 0xe2, 0x90, 0xe,
    0x32, 0x29, 0x80, 0x2f, 0x62, 0x0, 0x31, 0x30,
    0x7, 0x2e, 0xed, 0x40, 0x12, 0x1f, 0x1, 0x4c,
    0x8, 0x7, 0x37, 0xfd, 0x80, 0x1b, 0x4a, 0xb1,
    0x1c, 0x3, 0xe2, 0x46, 0xa0, 0xf5, 0x1, 0x85,
    0x1a, 0x0, 0xd5, 0xa6, 0xdb, 0x70, 0x80, 0xae,
    0x11, 0x28, 0x3e, 0xa0, 0x11, 0x2c, 0xde, 0xff,
    0x70, 0x36, 0xb9, 0xe6, 0xfd, 0x2b, 0x5c, 0x22,
    0xc, 0x84, 0x1, 0x9c, 0xe7, 0x98, 0x6, 0xb1,
    0xfc, 0x0,

    /* U+6709 "有" */
    0x0, 0xfc, 0x40, 0x1f, 0xfc, 0x65, 0xd4, 0x0,
    0xff, 0xe2, 0xf8, 0xa0, 0x7, 0xf8, 0x99, 0xbc,
    0xa4, 0xcd, 0xfe, 0x57, 0x99, 0xf0, 0x1c, 0xcf,
    0xfa, 0x17, 0xff, 0x70, 0xb7, 0xff, 0xfd, 0xa0,
    0x1d, 0x63, 0x0, 0x1f, 0xfc, 0x45, 0x51, 0xbb,
    0x37, 0xf0, 0x80, 0x70, 0xd8, 0x1c, 0xcf, 0xf9,
    0x40, 0x3b, 0x44, 0x2b, 0xff, 0xf6, 0x80, 0x7a,
    0xce, 0x40, 0x3f, 0xf8, 0x65, 0xa9, 0x4e, 0x15,
    0xdd, 0xfb, 0x0, 0x35, 0x1d, 0xa8, 0x1, 0xae,
    0xff, 0x48, 0x6, 0x8f, 0x40, 0xb, 0x15, 0x7f,
    0x80, 0x38, 0x40, 0x3f, 0xf9, 0x95, 0xff, 0xfb,
    0x40, 0x3f, 0xcf, 0x77, 0xfa, 0x0, 0x3f, 0xda,
    0x89, 0xf9, 0x40, 0x3f, 0xfb, 0xc, 0xee, 0xb0,
    0x60, 0xf, 0xfe, 0x17, 0xcc, 0x91, 0xc8, 0x0,

    /* U+671F "期" */
    0x0, 0x88, 0x40, 0x31, 0x0, 0x7f, 0xf0, 0xbd,
    0x80, 0x24, 0xd0, 0x9, 0x13, 0xe1, 0x0, 0xff,
    0xe0, 0x15, 0xdf, 0xce, 0x8, 0xa7, 0xaa, 0xb6,
    0x3, 0x20, 0x2, 0xfb, 0xb0, 0x5, 0xf4, 0x2b,
    0x55, 0x38, 0x4f, 0x80, 0x1c, 0x47, 0x0, 0x57,
    0xe5, 0x1f, 0xf5, 0x87, 0xd8, 0x7, 0xff, 0x7,
    0xc0, 0x21, 0x0, 0xe4, 0x4e, 0x0, 0xf3, 0xff,
    0xd4, 0x1, 0xd1, 0x77, 0x80, 0x3c, 0xfb, 0xb4,
    0x80, 0x75, 0xff, 0xdc, 0x1, 0xef, 0x22, 0xc0,
    0x1c, 0xe0, 0x10, 0x80, 0x7b, 0x55, 0x6c, 0x0,
    0xff, 0xe2, 0x24, 0x44, 0xc0, 0x10, 0x80, 0x7f,
    0xf0, 0x27, 0x76, 0xa0, 0xe, 0xde, 0xec, 0x1,
    0xff, 0xc2, 0x60, 0xba, 0xac, 0x0, 0x1f, 0xf1,
    0x47, 0xfd, 0x61, 0xf6, 0x62, 0xa8, 0x98, 0x0,
    0x35, 0x5f, 0xe8, 0xe2, 0x0, 0xfc, 0xaa, 0x1b,
    0x65, 0x2e, 0x55, 0x1a, 0x28, 0x7, 0xfa, 0x48,
    0xc1, 0x10, 0xe0, 0x3, 0xf0, 0xf, 0xe7, 0x2f,
    0x0, 0x1b, 0xc0, 0xa8, 0x20, 0x7, 0xe5, 0x87,
    0x30, 0xa, 0x5, 0xe4, 0xc8, 0x0, 0xcc, 0x70,
    0x30, 0xc5, 0x80, 0xe, 0xe6, 0x19, 0x0, 0xaa,
    0x64, 0x8a, 0x13, 0x40, 0x1f, 0xb5, 0x40, 0x2c,
    0xfe, 0xb0,

    /* U+672A "未" */
    0x0, 0xfe, 0x11, 0x0, 0x7f, 0xf1, 0xe3, 0x80,
    0x3f, 0xfd, 0x59, 0xff, 0xe6, 0xf, 0xff, 0x98,
    0x3, 0x53, 0xbf, 0x8c, 0x1d, 0xfe, 0x50, 0xc,
    0xd1, 0x1e, 0x50, 0x88, 0xf8, 0xc0, 0x3f, 0xfc,
    0x4, 0xab, 0xf8, 0x81, 0x57, 0xf8, 0x12, 0xab,
    0xf2, 0x5, 0x57, 0xeb, 0x6, 0xee, 0xf6, 0x90,
    0x5, 0x5d, 0xde, 0xf0, 0x0, 0x8f, 0xac, 0x8c,
    0x12, 0xc0, 0x47, 0xc0, 0x1f, 0x33, 0x25, 0x42,
    0x83, 0x40, 0x3f, 0xf8, 0xd, 0x2c, 0xc0, 0x0,
    0xe1, 0x60, 0x80, 0x7f, 0x44, 0xb4, 0x80, 0x62,
    0xd2, 0xc2, 0x0, 0xf0, 0xdb, 0xb4, 0x80, 0x78,
    0xf4, 0xf5, 0x40, 0x33, 0x7a, 0x4c, 0x80, 0x3f,
    0x1f, 0x9d, 0x50, 0x42, 0xa4, 0xf1, 0x80, 0x3f,
    0xc3, 0x8e, 0xbc, 0x51, 0xd, 0x30, 0xf, 0xfe,
    0xc, 0x64, 0x91, 0x1c, 0x3, 0xff, 0x88, 0x6c,
    0x0,

    /* U+673A "机" */
    0x0, 0xe2, 0x0, 0xff, 0xe4, 0x16, 0x98, 0x6,
    0x22, 0xf8, 0x3, 0xff, 0x87, 0x9b, 0xbe, 0x20,
    0xf, 0xfe, 0x1b, 0x66, 0x52, 0x1, 0xff, 0xc5,
    0x13, 0x38, 0x80, 0x3c, 0xce, 0xeb, 0xa, 0x77,
    0x20, 0x7, 0xff, 0x6, 0xe6, 0x4c, 0xd, 0x32,
    0xc0, 0xf, 0xfe, 0xe, 0xf7, 0x18, 0x33, 0xb9,
    0x0, 0x1f, 0xfc, 0x44, 0x0, 0xff, 0xe4, 0x19,
    0x4, 0x80, 0x61, 0xf0, 0xf, 0xfe, 0x5, 0x18,
    0x2c, 0x0, 0x7f, 0xf1, 0x5a, 0x82, 0x5d, 0xc0,
    0x10, 0x80, 0x7f, 0xd0, 0x68, 0xb, 0x30, 0xa2,
    0x4, 0x1, 0xfe, 0x17, 0xa0, 0x9, 0x91, 0x94,
    0x18, 0x3, 0xfd, 0x64, 0xc0, 0x1a, 0xcc, 0x80,
    0x80, 0x3f, 0x91, 0x60, 0x3, 0xed, 0x40, 0xf,
    0xca, 0x8, 0xca, 0x1, 0xe1, 0x4e, 0x0, 0xfd,
    0x2c, 0x12, 0x1, 0xf3, 0x2, 0x80, 0x7f, 0x18,
    0x7, 0xe2, 0x87, 0x0, 0xf8, 0x40, 0x40, 0x3f,
    0xb8, 0xe0, 0x3, 0x9c, 0x29, 0x89, 0x80, 0x3e,
    0x20, 0xe0, 0xf, 0x1a, 0x34, 0xa9, 0x80, 0x62,
    0xf3, 0x2c, 0x20, 0xf, 0xaf, 0xfd, 0x40,

    /* U+6756 "杖" */
    0x0, 0xe2, 0x0, 0xff, 0x8, 0x7, 0xf3, 0x68,
    0x7, 0xf2, 0x71, 0x80, 0x7f, 0xf7, 0xc4, 0x3,
    0x88, 0xae, 0x3, 0x22, 0x8, 0xf8, 0x81, 0x84,
    0x60, 0x6, 0x6e, 0x9c, 0x33, 0x7a, 0x7b, 0xba,
    0x42, 0xfb, 0x94, 0x0, 0xcc, 0x88, 0x33, 0x1d,
    0x57, 0x7c, 0xc1, 0x57, 0x68, 0x0, 0x11, 0x89,
    0x2, 0x99, 0x11, 0x13, 0x84, 0x15, 0x10, 0x60,
    0x19, 0x40, 0x12, 0x40, 0x9, 0x60, 0x8, 0x4c,
    0x3, 0xf5, 0x90, 0x37, 0x0, 0x6, 0xc0, 0x22,
    0x60, 0xf, 0x84, 0xe8, 0x20, 0xa0, 0x2c, 0x8c,
    0x0, 0xa4, 0x1, 0xf4, 0xa0, 0x80, 0xdb, 0x91,
    0x95, 0x1, 0x8e, 0x80, 0x7c, 0xfc, 0x1, 0x2c,
    0x10, 0x5b, 0x12, 0x2, 0x0, 0x7a, 0x5, 0x40,
    0x33, 0x80, 0x18, 0xa6, 0xcc, 0x40, 0x38, 0x9e,
    0x40, 0x3f, 0xa1, 0xe, 0x40, 0x3e, 0x27, 0x0,
    0xfe, 0x51, 0x6, 0x0, 0xf1, 0x60, 0x7, 0xfa,
    0x44, 0x34, 0xc0, 0x3c, 0x20, 0x1f, 0xce, 0xcf,
    0xa1, 0x88, 0x1, 0xff, 0xc2, 0x88, 0x34, 0x17,
    0x95, 0xc9, 0x0, 0x7f, 0x93, 0x5e, 0x24, 0x0,
    0x38, 0xad, 0xb2, 0x1, 0xfc, 0x6d, 0xae, 0x1,
    0x86, 0xb1, 0x38, 0x3, 0x9b, 0xc0, 0xf, 0x64,
    0x1, 0xf1, 0xdb, 0x80,

    /* U+677F "板" */
    0x0, 0xc2, 0x20, 0xf, 0xfe, 0x3e, 0xc0, 0x7,
    0xf0, 0xa3, 0xe4, 0x0, 0x7f, 0x96, 0x26, 0xf3,
    0xb9, 0x72, 0xdc, 0x1, 0xfe, 0x96, 0x22, 0x5c,
    0x5f, 0x72, 0x98, 0x0, 0x68, 0x81, 0x24, 0x40,
    0x82, 0x5c, 0xbb, 0x20, 0x80, 0x76, 0xdd, 0x89,
    0x2e, 0xca, 0x1, 0xff, 0xc1, 0xfe, 0xd0, 0x5e,
    0xe2, 0x0, 0x7f, 0xf0, 0x44, 0x4e, 0xa, 0x2,
    0x0, 0x5f, 0xff, 0xd0, 0x1, 0xbc, 0x1, 0x40,
    0x1, 0x34, 0x19, 0x9e, 0xf, 0x0, 0xc8, 0x2a,
    0xb0, 0x1, 0x7c, 0x5d, 0x9a, 0x20, 0x40, 0x9,
    0x8, 0x87, 0x16, 0x0, 0x14, 0x17, 0x0, 0xb8,
    0x4c, 0x2, 0xeb, 0x0, 0x32, 0x1, 0x0, 0x13,
    0x40, 0x24, 0x70, 0x8, 0x95, 0x80, 0x2a, 0x0,
    0x70, 0x72, 0x18, 0x30, 0xd0, 0x5, 0x8, 0x20,
    0x18, 0x80, 0x81, 0xa, 0x2, 0x10, 0xc0, 0x8,
    0xbe, 0x1, 0xcc, 0xc, 0x0, 0x84, 0xa1, 0x80,
    0x9, 0x91, 0x0, 0x1d, 0x82, 0x40, 0x5, 0x25,
    0x63, 0x0, 0x8a, 0xc0, 0x3c, 0x88, 0x0, 0x88,
    0xc0, 0xc0, 0x3f, 0xe1, 0x3f, 0x0, 0x1e, 0x1b,
    0xad, 0x0, 0x7f, 0xa0, 0x10, 0x1b, 0xf, 0x21,
    0xd6, 0xc8, 0x3, 0xe1, 0x67, 0x2d, 0x94, 0xc1,
    0x8, 0x82, 0x6b, 0x80, 0x78, 0xcd, 0x22, 0x17,
    0x61, 0x0, 0x9f, 0x4c, 0x40, 0x36, 0x49, 0x60,
    0x96, 0xa0, 0x7, 0x8b, 0x18,

    /* U+6A21 "模" */
    0x0, 0xc4, 0x1, 0xe1, 0x0, 0xc2, 0x20, 0xf,
    0x87, 0x50, 0x3, 0xbd, 0xc0, 0x2f, 0x90, 0xf,
    0xf8, 0x55, 0x61, 0xd5, 0x58, 0x4d, 0x54, 0x80,
    0x1f, 0x8e, 0x22, 0x4, 0x88, 0x81, 0x62, 0x1a,
    0x0, 0x11, 0x10, 0x8, 0x8f, 0x76, 0x19, 0xdd,
    0x85, 0xb7, 0x52, 0x0, 0xfe, 0xc0, 0xae, 0x80,
    0x22, 0x39, 0x16, 0x7e, 0x21, 0x0, 0xb3, 0x64,
    0x27, 0x60, 0xf7, 0x4d, 0x5b, 0xb3, 0x4e, 0xc8,
    0x4, 0x44, 0x10, 0xe2, 0x10, 0x6, 0xff, 0xfc,
    0x20, 0x1e, 0xb0, 0x72, 0x0, 0x98, 0x8b, 0xe0,
    0xf, 0x9, 0x81, 0x40, 0x5, 0x7b, 0xbf, 0x8,
    0x7, 0x20, 0x2, 0xd4, 0xc0, 0x1b, 0xff, 0xf0,
    0x80, 0x77, 0xa8, 0x12, 0xc0, 0x1, 0x13, 0xf0,
    0x7, 0xa, 0xf8, 0x2, 0x20, 0x27, 0x51, 0xb,
    0xb4, 0x44, 0x5e, 0x1, 0x49, 0x38, 0x0, 0x8c,
    0xb3, 0x30, 0xb6, 0x66, 0x70, 0x0, 0xbd, 0x98,
    0x4, 0x68, 0x99, 0x44, 0x11, 0x38, 0xc0, 0x49,
    0x80, 0x34, 0xdd, 0xea, 0x6, 0xbb, 0xe9, 0x0,
    0x68, 0x7, 0x57, 0xfe, 0x24, 0x52, 0xff, 0xd4,
    0x1, 0xff, 0xc0, 0x92, 0x8b, 0x2b, 0x0, 0xff,
    0xe1, 0x15, 0xb4, 0x98, 0xe2, 0x61, 0x80, 0x7f,
    0x9a, 0xf5, 0x6d, 0x80, 0x7, 0x83, 0x96, 0xc0,
    0x1f, 0xa8, 0x27, 0x90, 0x3, 0x1e, 0xcb, 0xf8,
    0x6, 0x1f, 0x40, 0xcb, 0x60, 0xf, 0xcd, 0x92,
    0x0,

    /* U+6A5F "機" */
    0x0, 0xc2, 0x1, 0xff, 0xc8, 0x6d, 0x0, 0xc8,
    0xa0, 0xbc, 0x1, 0x48, 0x80, 0x7f, 0xf0, 0x20,
    0x0, 0x22, 0x0, 0x2a, 0x84, 0x3, 0xfe, 0x40,
    0x51, 0x70, 0xa, 0x3c, 0xd8, 0x2, 0x22, 0x70,
    0x90, 0x84, 0xf1, 0x7b, 0x80, 0xbb, 0x7, 0xf0,
    0x5, 0x9a, 0xe5, 0xb7, 0x63, 0x9c, 0x95, 0x2,
    0x84, 0xd2, 0x80, 0xb, 0x30, 0x65, 0x90, 0x72,
    0x24, 0xe0, 0x16, 0xf0, 0x41, 0x80, 0x44, 0x66,
    0x13, 0x28, 0x54, 0x8c, 0x10, 0x72, 0xb7, 0x4e,
    0x0, 0xc6, 0x6, 0x60, 0x7, 0x5a, 0x92, 0x11,
    0x21, 0x7a, 0x89, 0x0, 0x24, 0x0, 0x70, 0x51,
    0xd7, 0x86, 0xb7, 0x19, 0xb7, 0xdb, 0x40, 0x2c,
    0x43, 0x16, 0x9b, 0x8e, 0xcc, 0x11, 0x2d, 0x10,
    0x73, 0x20, 0x0, 0xa6, 0x4, 0x71, 0xbc, 0x11,
    0x14, 0x5c, 0x26, 0x54, 0x40, 0x13, 0xa0, 0x82,
    0x47, 0xe0, 0x6f, 0xf9, 0xcb, 0xfa, 0x7, 0x60,
    0x1, 0x7a, 0x1, 0xb6, 0x43, 0x37, 0x58, 0x15,
    0xba, 0x7c, 0x90, 0x42, 0x60, 0xc, 0x40, 0xb,
    0x22, 0x19, 0x14, 0xee, 0x11, 0x2, 0x40, 0x7,
    0xb0, 0x9a, 0x80, 0x9, 0x63, 0x6c, 0x40, 0x13,
    0x80, 0x79, 0x23, 0x12, 0xc2, 0x8f, 0xa, 0x40,
    0x3f, 0xce, 0x2a, 0x59, 0x80, 0x10, 0x3d, 0x0,
    0x50, 0x7, 0xc5, 0xe, 0x0, 0x27, 0x6d, 0x31,
    0x60, 0x25, 0x0, 0xf1, 0x61, 0xc0, 0x1, 0x76,
    0xed, 0x8d, 0x1b, 0xc8, 0x1, 0xe3, 0x5d, 0x0,
    0xb6, 0xb5, 0x2, 0x60, 0xcd, 0x0, 0x19, 0xb0,
    0x6c, 0x40, 0x28, 0x70, 0xc, 0xfd, 0xe6, 0x0,

    /* U+6B0A "權" */
    0x0, 0xc4, 0x1, 0xe2, 0x0, 0xc4, 0x20, 0x1e,
    0x1d, 0x20, 0xc, 0x3a, 0x60, 0x16, 0xa0, 0x7,
    0xf9, 0x66, 0x56, 0x11, 0x33, 0x4, 0xce, 0x0,
    0xf8, 0x46, 0x30, 0x11, 0xc0, 0xe2, 0x2e, 0x2,
    0x22, 0x83, 0x12, 0x44, 0x49, 0x11, 0x93, 0xe2,
    0xe, 0x19, 0xb6, 0x17, 0xa9, 0x7d, 0xeb, 0x90,
    0x9c, 0xb5, 0xdc, 0x0, 0x66, 0x1c, 0x2b, 0x11,
    0xe7, 0x30, 0xa2, 0x0, 0xcc, 0x58, 0x80, 0x8,
    0xcc, 0xc, 0x60, 0x2, 0x28, 0x40, 0x22, 0x23,
    0x80, 0x72, 0x7, 0x80, 0x55, 0xdc, 0x50, 0x0,
    0xf7, 0x34, 0x3, 0x20, 0x80, 0xb0, 0x6e, 0x8d,
    0xf6, 0xa2, 0xf3, 0x1b, 0xa0, 0xb, 0x1c, 0x22,
    0x2, 0x27, 0x2d, 0x23, 0x79, 0x22, 0xc0, 0x13,
    0x68, 0x3a, 0xb8, 0x58, 0x5f, 0xf9, 0xb, 0xff,
    0x38, 0x29, 0xa8, 0x2, 0x5a, 0x86, 0x37, 0x67,
    0x1d, 0xdc, 0xc1, 0x14, 0x1, 0x14, 0xa8, 0x11,
    0x6f, 0x2, 0x2c, 0x28, 0x4c, 0x1, 0x13, 0xc0,
    0x57, 0xfd, 0x3, 0xff, 0x58, 0x25, 0x8, 0x4,
    0x5c, 0xa1, 0x5f, 0xf4, 0x8f, 0xfd, 0x60, 0x5,
    0x0, 0xfd, 0x5f, 0xf4, 0x8f, 0xfd, 0x40, 0x1f,
    0xf4, 0xff, 0xd0, 0x3f, 0xf5, 0x0, 0x7f, 0xc2,
    0x45, 0x78, 0x11, 0x70, 0x7, 0xfa, 0x37, 0x67,
    0x1d, 0xdd, 0x80, 0x1f, 0xea, 0xff, 0xfe, 0xe0,

    /* U+6B62 "止" */
    0x0, 0xff, 0x3a, 0x0, 0x7f, 0xf1, 0xa3, 0x40,
    0x3f, 0xff, 0x70, 0xe0, 0x1f, 0xfc, 0x64, 0xc0,
    0xf, 0xff, 0x13, 0x7f, 0xfb, 0x80, 0x3f, 0xf8,
    0x7, 0x11, 0xe9, 0x0, 0xff, 0xe0, 0x2b, 0xbf,
    0xc0, 0x1f, 0xff, 0xf0, 0xf, 0xff, 0xb7, 0x7f,
    0x8d, 0x3f, 0xf8, 0x1b, 0xff, 0xec, 0x98, 0x8f,
    0xfe, 0x35, 0x0,

    /* U+6B63 "正" */
    0xe, 0xff, 0xff, 0xe2, 0x90, 0x4c, 0x47, 0xcc,
    0xb, 0x11, 0xf1, 0x83, 0xbf, 0xea, 0xe, 0x77,
    0xf8, 0x40, 0x3f, 0xfb, 0xe8, 0xa0, 0x1f, 0xfc,
    0x6f, 0x90, 0xf, 0xfe, 0x76, 0x22, 0x78, 0x40,
    0x3f, 0xf8, 0xf, 0x77, 0xe5, 0x0, 0xff, 0xe0,
    0x4e, 0xef, 0x90, 0x3, 0xff, 0x80, 0x45, 0xf0,
    0x7, 0xff, 0xfc, 0x3, 0xff, 0x9f, 0x7d, 0xc4,
    0x3e, 0xed, 0x81, 0x7d, 0xdf, 0x6e, 0xa6, 0x51,
    0x9, 0x9d, 0x11, 0x4c, 0xfd, 0x40,

    /* U+6B65 "步" */
    0x0, 0xff, 0x11, 0x80, 0x7f, 0xf1, 0xe3, 0x40,
    0x3f, 0xf8, 0x26, 0xe0, 0x1f, 0xfc, 0x74, 0x80,
    0xe, 0x1f, 0xff, 0x38, 0x7, 0xff, 0x4, 0x66,
    0x7c, 0x80, 0x1f, 0xfc, 0x26, 0x6f, 0x18, 0x7,
    0xff, 0x31, 0x9d, 0xd8, 0xe, 0xfc, 0x2e, 0xff,
    0x88, 0x2e, 0x20, 0x81, 0x11, 0x88, 0x22, 0x3f,
    0x38, 0x6f, 0xff, 0xe3, 0x37, 0xff, 0xe5, 0x0,
    0xe1, 0xe6, 0x0, 0xfe, 0xa3, 0x0, 0xfb, 0x41,
    0xc0, 0x3f, 0x3a, 0xb8, 0x7, 0xa4, 0xe8, 0x40,
    0x3e, 0x38, 0x44, 0x0, 0x75, 0x34, 0x20, 0x7,
    0xc5, 0xa5, 0x40, 0x1d, 0x6b, 0xe, 0x1, 0xf1,
    0xe0, 0x78, 0x80, 0x76, 0x4b, 0x80, 0x7c, 0xf8,
    0x78, 0x40, 0x1e, 0x76, 0x0, 0xf4, 0x8c, 0x2e,
    0x10, 0x7, 0xff, 0x0, 0x5f, 0x68, 0x2a, 0x82,
    0x1, 0xfe, 0x48, 0xce, 0x81, 0xad, 0x50, 0xf,
    0xea, 0xef, 0xb7, 0x8, 0xdc, 0x50, 0xf, 0xfb,
    0x12, 0x2f, 0xf1, 0xc8, 0x3, 0xff, 0x80,

    /* U+6B77 "歷" */
    0x0, 0xa, 0xaf, 0xff, 0x15, 0x0, 0x22, 0xaa,
    0xff, 0xe2, 0xf8, 0x7, 0x6f, 0xfe, 0xec, 0xff,
    0xf6, 0x63, 0xec, 0x3, 0xcb, 0x15, 0xbf, 0x22,
    0x4f, 0x39, 0xdb, 0x40, 0x1f, 0x8b, 0xf4, 0xbe,
    0x84, 0x3f, 0xc8, 0x1d, 0x20, 0x1f, 0x9d, 0xca,
    0x1, 0x8a, 0x1b, 0x40, 0x3f, 0xcd, 0xfe, 0xd0,
    0xef, 0xb9, 0xff, 0x50, 0xff, 0xce, 0x1, 0xcf,
    0xda, 0x20, 0xfd, 0x51, 0xcc, 0x0, 0x1d, 0xe7,
    0x0, 0x9c, 0x4, 0x54, 0x60, 0xec, 0x22, 0x26,
    0x71, 0x4b, 0x10, 0xf, 0x8d, 0xe0, 0x2a, 0x18,
    0x79, 0xf4, 0x21, 0x94, 0x3, 0xcf, 0x8e, 0xe0,
    0x4a, 0x5c, 0x18, 0x0, 0x14, 0xd4, 0x0, 0x44,
    0x1a, 0x90, 0x6e, 0x2a, 0x81, 0xa0, 0xf2, 0xd,
    0x6, 0x1, 0x8, 0x45, 0x80, 0xc0, 0x1, 0x58,
    0xc0, 0x9c, 0x0, 0xf6, 0x1, 0x79, 0x0, 0x7c,
    0x28, 0x83, 0x3c, 0x40, 0x1c, 0x6c, 0x0, 0x2f,
    0x40, 0xd, 0x39, 0x9a, 0x0, 0x39, 0x4c, 0x3,
    0xfb, 0x3f, 0xf5, 0x0, 0x61, 0x16, 0x80, 0x7f,
    0xf1, 0xd0, 0x1c, 0x3, 0xff, 0x8f, 0xc6, 0x48,
    0x87, 0x3, 0x44, 0x81, 0x51, 0x3c, 0x60, 0x29,
    0x41, 0x76, 0xa0, 0x8b, 0xb4, 0x4, 0xdd, 0xfb,
    0xc0, 0x6d, 0xc3, 0xff, 0xff, 0x89, 0x80,

    /* U+6C14 "气" */
    0x0, 0xe2, 0x50, 0xf, 0xfe, 0x45, 0xd0, 0x80,
    0x7f, 0xf1, 0xd9, 0x44, 0x3, 0xff, 0x8c, 0xe0,
    0xbf, 0xff, 0xfc, 0x17, 0x0, 0xc3, 0x7, 0x55,
    0xff, 0xc2, 0x40, 0xd, 0x61, 0xca, 0xbf, 0xfc,
    0x23, 0x0, 0x95, 0x50, 0xdf, 0xff, 0xfc, 0xe,
    0x0, 0xc7, 0x48, 0xeb, 0x55, 0xff, 0xc1, 0x0,
    0x87, 0x4a, 0xc0, 0x55, 0x7f, 0xf8, 0x8, 0x1,
    0xe, 0xe4, 0xff, 0xff, 0xf0, 0x44, 0x3, 0x8c,
    0x6a, 0xbf, 0xf8, 0xc, 0x6, 0x1, 0xf1, 0xaa,
    0xff, 0xda, 0x2, 0x1, 0xff, 0xc7, 0x70, 0x70,
    0xf, 0xfe, 0x38, 0x80, 0x80, 0x7f, 0xf1, 0xc8,
    0x8, 0x3, 0xff, 0x90, 0x3c, 0x1, 0xff, 0xc8,
    0x55, 0x0, 0xc, 0x3, 0xff, 0x8a, 0x66, 0x0,
    0x71, 0x80, 0x7f, 0xf1, 0x28, 0x1c, 0xc, 0x40,
    0x3f, 0xf8, 0x84, 0x91, 0x22, 0x40, 0x1f, 0xfc,
    0x5a, 0x46, 0x70,

    /* U+6C23 "氣" */
    0x0, 0xf1, 0x0, 0x7f, 0xf2, 0x27, 0x48, 0x3,
    0xff, 0x8c, 0x6c, 0x62, 0x67, 0xff, 0xc0, 0x0,
    0xf7, 0x81, 0xe6, 0x7f, 0xf0, 0x50, 0x3, 0x41,
    0xcf, 0xff, 0xff, 0x9, 0x0, 0x27, 0x73, 0x77,
    0x7f, 0xf0, 0x60, 0x3, 0x4c, 0x24, 0xd5, 0x7f,
    0xf0, 0x80, 0x37, 0x2d, 0x81, 0x22, 0x7f, 0xf0,
    0x8, 0x3, 0x3d, 0x6f, 0xff, 0xff, 0x5, 0x80,
    0x3e, 0xfc, 0xcf, 0xfe, 0x0, 0x7, 0xf3, 0x59,
    0x98, 0x30, 0x4c, 0xc8, 0xc6, 0x60, 0xf, 0xe6,
    0x76, 0x0, 0xe4, 0x81, 0x0, 0xff, 0x8a, 0x64,
    0x20, 0x10, 0xd4, 0xa0, 0x4, 0x20, 0x1e, 0x33,
    0x14, 0x12, 0x83, 0xbc, 0xa6, 0x60, 0xf, 0xc9,
    0x98, 0xb8, 0xc9, 0xa, 0x96, 0xcc, 0x80, 0x7c,
    0x3, 0x93, 0xff, 0x18, 0x86, 0xff, 0xf0, 0x18,
    0x80, 0x7f, 0x58, 0xd8, 0x2f, 0x30, 0x6, 0x62,
    0x0, 0x30, 0x6, 0x1b, 0x5c, 0x60, 0x58, 0x9c,
    0x20, 0x1, 0xa8, 0x2, 0x40, 0x24, 0xf6, 0xc1,
    0x0, 0x9b, 0x83, 0x50, 0x30, 0x4c, 0x40, 0x27,
    0xb4, 0xd2, 0x0, 0xe1, 0xc6, 0x10, 0x42, 0xdb,
    0x20, 0x3, 0xdd, 0x0, 0x7f, 0x4a, 0x80, 0x38,
    0x92, 0x0,

    /* U+6C34 "水" */
    0x0, 0xfe, 0x58, 0x0, 0xff, 0xe3, 0xfb, 0x0,
    0x7f, 0xfe, 0x48, 0x3, 0xff, 0x82, 0x20, 0x1d,
    0x3a, 0x60, 0x4, 0xff, 0xf6, 0x80, 0x48, 0x1,
    0x33, 0x46, 0x0, 0x67, 0x7e, 0x16, 0x0, 0xa0,
    0x0, 0x92, 0xb2, 0x1, 0x14, 0x47, 0xe, 0x0,
    0x46, 0xa7, 0x69, 0x40, 0x1f, 0xca, 0x8, 0x0,
    0x15, 0x8d, 0x4b, 0x0, 0xff, 0x78, 0x98, 0x5,
    0x64, 0x4b, 0x0, 0xff, 0x12, 0xb0, 0x6, 0x17,
    0x34, 0x0, 0xff, 0x40, 0x48, 0x7, 0x41, 0x51,
    0x0, 0x7e, 0x25, 0x61, 0x0, 0xf7, 0x8f, 0x80,
    0x7e, 0xf1, 0x80, 0xf, 0x8a, 0x8a, 0xc0, 0x3d,
    0x45, 0x62, 0x1, 0xf9, 0x65, 0x30, 0x40, 0x2a,
    0x56, 0x50, 0xf, 0xf3, 0x49, 0xfb, 0x5, 0x2b,
    0x48, 0x7, 0xff, 0x1, 0xac, 0x25, 0x22, 0x12,
    0x1, 0xff, 0xc2, 0x4f, 0xa4, 0x27, 0x0, 0xcf,
    0x32, 0x42, 0x0, 0xf8, 0x54, 0x3, 0xf3, 0x30,
    0xa0, 0x3, 0xff, 0x88, 0xff, 0xec, 0x40, 0xf,
    0xf0,

    /* U+6CD5 "法" */
    0x0, 0xff, 0xe0, 0x23, 0x0, 0x7c, 0xbf, 0x2,
    0x1, 0xf6, 0x40, 0x7, 0xc8, 0xee, 0xf6, 0x0,
    0xff, 0xe1, 0x8c, 0x72, 0xc9, 0x0, 0x7f, 0xf1,
    0x6, 0xf0, 0x88, 0xef, 0x90, 0x5d, 0xf3, 0x0,
    0x78, 0xc1, 0xe2, 0x31, 0x84, 0x46, 0xb0, 0xf,
    0xcb, 0xff, 0x9c, 0x7f, 0xf6, 0x84, 0x73, 0x80,
    0x7f, 0xf1, 0x65, 0xe3, 0x90, 0x3, 0xff, 0x86,
    0x33, 0xcb, 0xe0, 0x1f, 0x8, 0x7, 0xf0, 0xdd,
    0x81, 0x7f, 0xf9, 0x87, 0xff, 0xb0, 0x3, 0xc9,
    0x55, 0x94, 0x1e, 0xab, 0xa0, 0x3, 0xa, 0x8a,
    0xae, 0x72, 0x85, 0x5e, 0x40, 0xd, 0x34, 0x1,
    0x94, 0xa0, 0x0, 0x20, 0x1f, 0x13, 0xb8, 0x3,
    0x41, 0xa8, 0x3, 0xd8, 0x3, 0xd0, 0x30, 0x1,
    0x39, 0x78, 0x5, 0x12, 0x40, 0x18, 0xd6, 0x40,
    0x22, 0x87, 0x30, 0x9, 0x93, 0xc0, 0x37, 0x13,
    0x80, 0x5c, 0x50, 0x46, 0xaf, 0x2e, 0x50, 0x0,
    0x72, 0x90, 0xa, 0x8c, 0xbf, 0x72, 0xa8, 0x4a,
    0xa7, 0x10, 0xa4, 0x40, 0x5, 0xaa, 0xf5, 0x9d,
    0xfb, 0x73, 0x61, 0x1, 0x94, 0x1, 0x9e, 0xa1,
    0x4c, 0x40, 0x30, 0xd5, 0x0,

    /* U+6D88 "消" */
    0x0, 0xff, 0xe0, 0x9b, 0x0, 0x7e, 0xad, 0x40,
    0x9, 0x8c, 0x2, 0xb8, 0x0, 0xd2, 0x80, 0x8,
    0x6b, 0x90, 0x6, 0xf0, 0x7, 0xe5, 0x61, 0x0,
    0x15, 0xcb, 0x38, 0x49, 0x40, 0x7, 0xd0, 0x6a,
    0x1, 0x9b, 0x1c, 0x9, 0xdc, 0x20, 0x1d, 0x5,
    0xc0, 0x1e, 0x30, 0xa, 0x88, 0xc0, 0x38, 0xa0,
    0x80, 0x2, 0x1, 0xe1, 0xf, 0x2, 0x10, 0x22,
    0x42, 0x90, 0x2, 0xb9, 0x80, 0x34, 0xee, 0xe6,
    0x1d, 0xdd, 0x80, 0xa, 0x79, 0xc1, 0x0, 0xd9,
    0x9f, 0x94, 0x2, 0x19, 0xb2, 0x60, 0x8, 0x4c,
    0xff, 0x10, 0x7, 0x27, 0xb8, 0x4, 0x28, 0x9f,
    0x88, 0x3, 0xc2, 0x1, 0xd7, 0x7f, 0x94, 0x3,
    0xe5, 0x0, 0x87, 0xff, 0xf3, 0x80, 0x78, 0xa9,
    0x40, 0x3f, 0xf8, 0xd6, 0xa, 0x0, 0x14, 0x4f,
    0xc4, 0x1, 0xc2, 0xce, 0x1, 0xae, 0xff, 0x28,
    0x7, 0x48, 0x48, 0x4, 0x3f, 0xff, 0x9c, 0x3,
    0xb, 0xb0, 0x80, 0x7f, 0xf1, 0x60, 0x2c, 0x3,
    0xff, 0x8a, 0x4c, 0xc2, 0x0, 0xff, 0x3c, 0x41,
    0x4c, 0x0, 0x53, 0x0, 0x1f, 0xf7, 0xaa, 0x9a,
    0x40,

    /* U+6E05 "清" */
    0x0, 0xff, 0xe0, 0xa, 0x88, 0x7, 0xeb, 0xa2,
    0x0, 0xf8, 0xa8, 0x80, 0x3f, 0x7b, 0xec, 0x86,
    0xf7, 0x6d, 0xd, 0xee, 0xe1, 0x0, 0x26, 0xba,
    0x7, 0x6e, 0xe8, 0x8, 0xdd, 0xe1, 0x0, 0xd1,
    0xa0, 0x67, 0xca, 0xa, 0x67, 0xc0, 0x1f, 0x9b,
    0xff, 0x60, 0x67, 0xfe, 0x90, 0xf, 0xcd, 0xdd,
    0xac, 0x2f, 0xbb, 0x48, 0x3, 0x70, 0xc0, 0x4,
    0x64, 0x5c, 0x4, 0x5c, 0x64, 0x1e, 0xf9, 0x1,
    0x39, 0x9d, 0x21, 0x39, 0x9e, 0x2, 0xba, 0x52,
    0xbf, 0xff, 0xfe, 0xf, 0x0, 0x4b, 0xa4, 0x0,
    0xff, 0xff, 0x80, 0x3f, 0xe7, 0xcc, 0xf9, 0xc0,
    0x3e, 0x16, 0x0, 0xb8, 0xcf, 0xee, 0x0, 0xfa,
    0x64, 0x20, 0x9, 0xff, 0xfa, 0x40, 0x3e, 0x65,
    0x10, 0x4, 0x6e, 0xfc, 0xe0, 0x1e, 0x61, 0x90,
    0x8, 0x48, 0xbe, 0xe0, 0xf, 0x59, 0x98, 0x2,
    0x9f, 0xff, 0xa4, 0x3, 0x90, 0xa4, 0x3, 0x3e,
    0xef, 0xce, 0x1, 0xd0, 0x2a, 0x1, 0xb8, 0x8b,
    0xee, 0x0, 0xc6, 0x69, 0x0, 0xff, 0xa, 0xab,
    0x4, 0x2, 0x38, 0x70, 0xf, 0xfa, 0xec, 0xf0,
    0x0,

    /* U+6E29 "温" */
    0x0, 0xff, 0xe6, 0x3e, 0x20, 0x4, 0x89, 0xff,
    0x0, 0x72, 0x35, 0xe1, 0x4, 0xdd, 0xff, 0x40,
    0x7, 0x1d, 0x60, 0x40, 0x1, 0xff, 0xfe, 0x60,
    0xf, 0xc7, 0x94, 0x1, 0xff, 0xcc, 0x7f, 0xff,
    0x98, 0x3, 0xff, 0x82, 0xb7, 0x7f, 0x20, 0x7,
    0x6e, 0x20, 0x7, 0x12, 0x27, 0xc4, 0x1, 0xdc,
    0x17, 0x61, 0x0, 0x8d, 0x13, 0xe2, 0x0, 0xe3,
    0xca, 0x47, 0x0, 0xa, 0x5d, 0xfc, 0x80, 0x1f,
    0x2f, 0x30, 0x3, 0x3f, 0xff, 0xb0, 0x3, 0xe1,
    0x0, 0x8, 0xff, 0xf0, 0x40, 0x3e, 0x50, 0x9e,
    0xef, 0xfa, 0x40, 0x3c, 0x54, 0xa0, 0x5b, 0xa1,
    0x9d, 0x82, 0xdd, 0x8, 0x7, 0xd6, 0x2a, 0x2,
    0x44, 0x2, 0x20, 0x88, 0x88, 0x60, 0x1e, 0x16,
    0x90, 0xf, 0xfe, 0x3c, 0x83, 0x0, 0x7f, 0xf1,
    0x85, 0xd8, 0x40, 0x3f, 0xf8, 0xd0, 0x10, 0x1,
    0xff, 0xc6, 0x26, 0x60, 0x92, 0x18, 0xa2, 0x0,
    0xd3, 0xc5, 0x10, 0x64, 0x80, 0x6, 0x18, 0x5,
    0xb4, 0x2b, 0xb0, 0xc5, 0xb1, 0x5d, 0x85, 0x6c,
    0x41, 0x38, 0x41, 0xff, 0xff, 0xf8, 0x62,

    /* U+6E2C "測" */
    0x0, 0xff, 0xe3, 0xa0, 0x80, 0x2e, 0x84, 0x0,
    0xab, 0xe1, 0x0, 0xc3, 0x6a, 0x0, 0xe4, 0xe5,
    0x1a, 0xaf, 0x28, 0x7, 0xf2, 0xf2, 0x59, 0x86,
    0xff, 0xb8, 0x2, 0xf5, 0x0, 0xfd, 0x7e, 0x60,
    0x1f, 0xfc, 0x71, 0x0, 0x31, 0x14, 0x1, 0xff,
    0xc5, 0xbd, 0xd6, 0x0, 0x7f, 0xb3, 0x8, 0x1,
    0xaf, 0xb9, 0xa0, 0x1f, 0xef, 0xb, 0xa1, 0x0,
    0x30, 0x88, 0xc0, 0x3f, 0xc7, 0x92, 0xe0, 0x1f,
    0xfc, 0x76, 0xd1, 0x0, 0x6f, 0xfb, 0x80, 0x3f,
    0xf8, 0xb3, 0x98, 0xb0, 0xf, 0xfe, 0x2a, 0x19,
    0x94, 0x3, 0xff, 0x83, 0xaa, 0x1, 0xff, 0xc6,
    0x42, 0x60, 0x7, 0xee, 0xb0, 0x3, 0xff, 0x81,
    0xc4, 0x63, 0x15, 0x5a, 0x14, 0x21, 0xc0, 0x3c,
    0x2b, 0x40, 0x1, 0xa7, 0x75, 0x88, 0x81, 0xc8,
    0x3, 0xd2, 0xc, 0x3, 0x8, 0x0, 0xb9, 0x30,
    0xf, 0xe6, 0x60, 0x85, 0x8c, 0x0, 0x1c, 0xf8,
    0x3, 0xf3, 0x8d, 0x4, 0x2d, 0x8, 0x5, 0xc4,
    0x64, 0xcc, 0x90, 0x60, 0x68, 0x30, 0x28, 0x50,
    0xc, 0x5e, 0x63, 0x32, 0x66, 0x10, 0xb, 0x80,
    0x29, 0xc0, 0x3f, 0x1f, 0xfb, 0xa4, 0x0,

    /* U+6E7F "湿" */
    0x0, 0x45, 0x98, 0x4, 0x89, 0xff, 0x10, 0x6,
    0xb7, 0xc9, 0x0, 0x5d, 0xff, 0xd4, 0x1, 0x8f,
    0x29, 0xd8, 0x1, 0x5f, 0xff, 0x84, 0x3, 0xe5,
    0xf6, 0x0, 0xff, 0xe4, 0x8, 0x5, 0x5f, 0xff,
    0x84, 0x3, 0x10, 0x80, 0x79, 0xf3, 0x3f, 0x0,
    0x77, 0xf4, 0x0, 0x76, 0x99, 0xfe, 0x10, 0xd,
    0x8c, 0xfa, 0x40, 0x16, 0xa2, 0x7e, 0x10, 0xc,
    0x33, 0x66, 0x20, 0x13, 0xdd, 0xfe, 0x0, 0xf9,
    0x38, 0xc0, 0x1f, 0xff, 0xf4, 0x0, 0x7f, 0xf0,
    0x50, 0x80, 0xa, 0x20, 0x1f, 0xfc, 0x49, 0x50,
    0x1a, 0x50, 0xf, 0xe4, 0x40, 0x53, 0x80, 0x7f,
    0xf, 0xa8, 0x7, 0x44, 0x3, 0x24, 0x3, 0xf9,
    0x81, 0x0, 0x31, 0x9a, 0x41, 0x81, 0xc0, 0x3f,
    0x53, 0x88, 0x6, 0xa1, 0x50, 0x3, 0xd0, 0x7,
    0xca, 0x52, 0x1, 0x85, 0x98, 0x1, 0x69, 0x10,
    0x3, 0xd2, 0xe2, 0x1, 0xa4, 0x24, 0x2, 0x4a,
    0x20, 0xf, 0x4c, 0x80, 0x30, 0xbb, 0x8, 0x91,
    0x21, 0x43, 0xd4, 0x70, 0xc1, 0x54, 0x40, 0x0,
    0x86, 0xc1, 0x2e, 0xf8, 0x56, 0xe4, 0x1e, 0xef,
    0x8, 0x1f, 0x10, 0x2f, 0xff, 0xff, 0xc, 0x40,

    /* U+6E90 "源" */
    0x0, 0xff, 0xe5, 0x46, 0xa0, 0x0, 0x55, 0x7f,
    0xf8, 0x20, 0xa, 0x1b, 0x90, 0x4a, 0xaf, 0xfe,
    0x8, 0x0, 0xb2, 0x19, 0xc0, 0x1d, 0xff, 0xae,
    0x7f, 0xf8, 0x3, 0x3e, 0x38, 0x7, 0xd1, 0x60,
    0x1f, 0xe3, 0x0, 0xc2, 0x67, 0x90, 0xcf, 0x0,
    0x7f, 0xcf, 0x99, 0x3, 0x66, 0x62, 0x9, 0xc4,
    0x0, 0xf8, 0x7f, 0xfd, 0xa0, 0x15, 0xbd, 0xd8,
    0x80, 0x3c, 0x45, 0xe7, 0x0, 0x8a, 0xe9, 0x58,
    0xc, 0x4, 0x7, 0x77, 0xd4, 0x1, 0xcb, 0xc8,
    0x1, 0xc3, 0xff, 0xed, 0x0, 0xfe, 0x11, 0x0,
    0x7f, 0xf1, 0x4, 0x83, 0x88, 0x0, 0x3f, 0xfe,
    0xd0, 0xf, 0x4e, 0x1, 0x38, 0x3e, 0xec, 0xc3,
    0xbb, 0x88, 0x3, 0x33, 0x82, 0x98, 0xb, 0x1,
    0x70, 0x11, 0xa9, 0x0, 0x65, 0x1a, 0x21, 0xc0,
    0x2b, 0x50, 0xe, 0x88, 0x0, 0x69, 0x33, 0x20,
    0x20, 0x40, 0xb8, 0x6, 0x18, 0x72, 0x0, 0x21,
    0xc8, 0x51, 0x82, 0xaa, 0xc0, 0x3c, 0xe3, 0x20,
    0x8, 0x25, 0x43, 0x92, 0xa5, 0x50, 0x7, 0xd0,
    0x84, 0x87, 0x61, 0x4, 0xa5, 0x36, 0x8, 0x8c,
    0x0, 0xcd, 0x84, 0x92, 0xc1, 0x72, 0x0, 0x61,
    0x9, 0xb5, 0x90, 0xc, 0x60,

    /* U+6EAB "溫" */
    0x0, 0xff, 0xe6, 0x55, 0x8, 0x2, 0x23, 0x3f,
    0xe2, 0x0, 0xef, 0x7d, 0x70, 0x4, 0xe6, 0x7f,
    0x48, 0x7, 0x2e, 0xbc, 0x28, 0x1, 0xbf, 0xe7,
    0xef, 0xf2, 0x80, 0x7e, 0x8c, 0x50, 0xe, 0x27,
    0x10, 0xf, 0xfe, 0x1, 0x80, 0x7a, 0x4, 0x80,
    0x3f, 0x8, 0x7, 0xf3, 0x25, 0xe2, 0x0, 0x7d,
    0x9a, 0xc0, 0x1e, 0x78, 0xd5, 0xda, 0x50, 0xf,
    0x7b, 0xce, 0x10, 0x6, 0x4f, 0x30, 0x3c, 0x40,
    0xf, 0x15, 0x58, 0x98, 0x4, 0xd9, 0xdf, 0xf6,
    0xf2, 0x80, 0x7c, 0x9a, 0x20, 0x9, 0xdd, 0xfe,
    0x90, 0xf, 0xf8, 0xcf, 0xfe, 0x0, 0xf8, 0x48,
    0x23, 0xbb, 0xfe, 0x80, 0xf, 0x4e, 0x0, 0xb,
    0x74, 0x33, 0xae, 0x5b, 0xa2, 0x0, 0xf9, 0x9c,
    0x0, 0x24, 0x40, 0x22, 0x70, 0x91, 0x0, 0x3e,
    0x51, 0xa0, 0xf, 0xfe, 0x3c, 0x91, 0x80, 0x7f,
    0xf1, 0x8c, 0xd6, 0x1, 0xff, 0xc7, 0x81, 0x60,
    0xf, 0xfe, 0x31, 0xa4, 0x81, 0x21, 0xa, 0x20,
    0x31, 0x3c, 0x51, 0x6, 0x48, 0x0, 0x60, 0x60,
    0xab, 0x52, 0xbb, 0xb, 0xdb, 0x15, 0xd8, 0x56,
    0xc4, 0x17, 0x84, 0x23, 0xff, 0xff, 0x86, 0x20,

    /* U+6F0F "漏" */
    0x0, 0x10, 0x7, 0xff, 0x23, 0x39, 0x0, 0x19,
    0xdd, 0xff, 0xc0, 0x0, 0xb0, 0xae, 0x40, 0x56,
    0xef, 0xf9, 0xc4, 0x2, 0x2c, 0x74, 0x0, 0x1a,
    0xaf, 0xf7, 0x80, 0x7a, 0x34, 0x0, 0x23, 0xff,
    0x0, 0x7f, 0x9b, 0xbb, 0xfa, 0x0, 0x21, 0x0,
    0xf3, 0x77, 0x7f, 0xc0, 0xd, 0xd2, 0x80, 0x46,
    0x62, 0x2f, 0xfe, 0x0, 0x73, 0x56, 0x10, 0x1,
    0x73, 0x3f, 0xee, 0x2, 0xba, 0x10, 0xa, 0x3f,
    0xf6, 0x86, 0xff, 0xec, 0x0, 0x97, 0x48, 0x4,
    0xc, 0xf3, 0x83, 0x99, 0xe1, 0x0, 0xfd, 0xf9,
    0x9a, 0x82, 0xb3, 0x33, 0x80, 0x62, 0x1, 0xf,
    0xf, 0xfb, 0x83, 0x7f, 0xe1, 0x0, 0xc3, 0xa8,
    0x40, 0x40, 0x78, 0x40, 0x6, 0xd3, 0x0, 0xf3,
    0x2, 0xa8, 0x18, 0xe, 0xb1, 0x41, 0xa7, 0x4c,
    0x3, 0xa9, 0x47, 0xcc, 0x2, 0x6d, 0x60, 0x2,
    0x61, 0x80, 0x64, 0x2e, 0x4, 0x40, 0x0, 0xe0,
    0xcc, 0xf, 0x46, 0x1, 0xde, 0x28, 0x44, 0xc0,
    0x1, 0x1d, 0x98, 0x39, 0xe0, 0x80, 0x44, 0x92,
    0x16, 0x28, 0x0, 0x1b, 0x21, 0x0, 0x4d, 0x88,
    0x5, 0x60, 0xc2, 0xd2, 0x1, 0xd2, 0x40, 0x13,
    0x0, 0x6b, 0x91, 0x5, 0x70, 0xf, 0x88, 0xc7,
    0xfc, 0x68, 0x4, 0xc0, 0x34, 0x0, 0x3f, 0x0,
    0x87, 0x44, 0x5f, 0xed, 0x20,

    /* U+6FD5 "濕" */
    0x0, 0x8, 0x80, 0x3f, 0xf9, 0x17, 0xec, 0x0,
    0x6e, 0xef, 0xf9, 0x40, 0x35, 0xa4, 0xd8, 0x80,
    0x33, 0x3f, 0x68, 0x98, 0x6, 0x1a, 0xa2, 0x10,
    0x0, 0x8b, 0xf1, 0x80, 0x7e, 0x5e, 0x30, 0x1f,
    0xff, 0xe0, 0xf, 0xe1, 0x0, 0xf, 0x77, 0xf0,
    0x7, 0xff, 0x24, 0xc0, 0x3a, 0xe8, 0x80, 0x30,
    0xf7, 0x7e, 0xd0, 0x30, 0xb, 0xdf, 0x5c, 0x0,
    0xde, 0x77, 0xff, 0xcb, 0xbe, 0xa0, 0x12, 0x6c,
    0x48, 0x80, 0x20, 0x10, 0xc4, 0x1, 0xc, 0x44,
    0x0, 0xf3, 0xf0, 0x82, 0xbf, 0x9e, 0xb0, 0x23,
    0x70, 0xe4, 0x0, 0x7e, 0x2a, 0xc, 0xc2, 0xb9,
    0xd8, 0xef, 0x14, 0x0, 0x7c, 0xa5, 0xde, 0xa5,
    0xc2, 0x79, 0xcc, 0x5e, 0x40, 0x1e, 0x7b, 0x1,
    0x87, 0xcd, 0x80, 0x39, 0x4c, 0x7e, 0x0, 0xf4,
    0xc8, 0x29, 0xc3, 0x1d, 0x86, 0x9c, 0x32, 0x8d,
    0x80, 0x33, 0xb, 0x1, 0x44, 0xf7, 0x15, 0x41,
    0x10, 0xec, 0xbd, 0x0, 0xd0, 0xc2, 0x11, 0xca,
    0x69, 0x69, 0xc8, 0xa1, 0x29, 0x60, 0x13, 0x8c,
    0x0, 0x19, 0xc4, 0x21, 0x0, 0xfc, 0xd, 0xa4,
    0x2, 0x19, 0x71, 0x1, 0x86, 0x0, 0x3e, 0x3,
    0x1a, 0x7, 0x31, 0x80, 0x8, 0x24, 0x1, 0x47,
    0x0, 0x2, 0x50, 0x15, 0xd0, 0x35, 0x80, 0x1,
    0xf8, 0x80, 0x37, 0xc0, 0x2b, 0x90, 0x4, 0xd8,
    0x2, 0x30, 0x0,

    /* U+706F "灯" */
    0x0, 0xe3, 0x10, 0xf, 0xfe, 0x38, 0xe2, 0x0,
    0x7f, 0xf3, 0x5, 0xdf, 0xfe, 0x0, 0xff, 0x14,
    0x47, 0xfc, 0x20, 0x1f, 0xc7, 0xff, 0xd4, 0x1b,
    0xff, 0x8, 0x2, 0x50, 0x3, 0x63, 0x80, 0x7f,
    0xf0, 0x90, 0x40, 0x21, 0x34, 0x0, 0xff, 0xe1,
    0x13, 0x0, 0x4c, 0x66, 0x0, 0xff, 0xe0, 0x90,
    0x10, 0x5, 0x52, 0x1, 0xff, 0xc2, 0x72, 0x13,
    0x3, 0x65, 0x0, 0xff, 0xe1, 0x12, 0x0, 0x45,
    0x60, 0x1f, 0xfc, 0x37, 0x90, 0x60, 0x60, 0xf,
    0xfe, 0x39, 0x1, 0x80, 0x7f, 0xf1, 0xfc, 0x8,
    0x3, 0xff, 0x8e, 0x81, 0x86, 0x1, 0xff, 0xc5,
    0x32, 0x94, 0xd2, 0x0, 0xff, 0xe2, 0x50, 0x35,
    0x9e, 0x10, 0x7, 0xff, 0x8, 0x59, 0x80, 0xf,
    0x6, 0x0, 0xff, 0xe1, 0x58, 0x58, 0x0, 0xbd,
    0x0, 0x38, 0xc0, 0x3e, 0x85, 0x82, 0x0, 0x84,
    0x0, 0xb1, 0x15, 0x1, 0x80, 0x70, 0xb3, 0x80,
    0x7c, 0x2e, 0xf0, 0xc0, 0x80, 0x74, 0xc8, 0x3,
    0xf2, 0x7f, 0xda, 0xe0, 0x1c,

    /* U+70B9 "点" */
    0x0, 0xff, 0x4b, 0x0, 0x7f, 0xf1, 0xdf, 0xc0,
    0x3f, 0xfb, 0xad, 0xff, 0xf8, 0x3, 0xff, 0x80,
    0x95, 0x5f, 0x80, 0x3f, 0xf8, 0x4, 0xab, 0xf8,
    0x3, 0xff, 0x9a, 0x9d, 0xde, 0x16, 0xee, 0xf3,
    0x0, 0x78, 0x5a, 0x67, 0x44, 0x26, 0x73, 0x8,
    0x7, 0xe9, 0x77, 0xff, 0x48, 0x7, 0xff, 0x9c,
    0x8b, 0xff, 0x80, 0x1, 0xfd, 0x9b, 0xbf, 0xec,
    0x0, 0xf9, 0x33, 0x3f, 0xf8, 0x4e, 0x1, 0xf1,
    0x9f, 0xff, 0x1, 0xc0, 0x3c, 0xf8, 0x40, 0xbc,
    0x1, 0x4e, 0x0, 0x6, 0xa8, 0x1, 0x86, 0x18,
    0x81, 0x84, 0xc0, 0x1a, 0x66, 0x1, 0xa4, 0x60,
    0xa, 0xc6, 0x0, 0x4, 0xc, 0x0, 0x41, 0xa0,
    0x2, 0x34, 0x88, 0x42, 0xd0, 0x80, 0x4, 0x8,
    0x2, 0x77, 0x0, 0x50, 0x10, 0x1b, 0x28, 0x1,
    0xa1, 0x40, 0x2b, 0xa0, 0x8, 0x6e, 0x0,

    /* U+70DF "烟" */
    0x0, 0xc8, 0x40, 0x1f, 0xfc, 0x7a, 0x50, 0x9,
    0x9b, 0xfe, 0x20, 0xf, 0xe9, 0x9f, 0xf9, 0xc0,
    0x3f, 0xd5, 0xff, 0x6f, 0xfe, 0x0, 0xfe, 0x21,
    0x0, 0xed, 0x30, 0xf, 0x15, 0x80, 0x69, 0xa0,
    0xf, 0xfe, 0xb, 0x28, 0x4, 0x29, 0xe0, 0x1f,
    0xfc, 0x12, 0x20, 0x4, 0xc4, 0x80, 0x4, 0x48,
    0x11, 0x22, 0x0, 0xb9, 0x80, 0x29, 0x80, 0x1,
    0xdd, 0xc1, 0x17, 0x64, 0x0, 0x93, 0x0, 0x45,
    0xa, 0x0, 0x3f, 0xf7, 0x7, 0x7f, 0x98, 0x2,
    0x77, 0x0, 0xd, 0x80, 0x3c, 0x40, 0x80, 0x1e,
    0xb1, 0x0, 0x8, 0x7, 0xc8, 0x16, 0x1, 0xf8,
    0x80, 0x3f, 0xae, 0x4a, 0x0, 0x3e, 0x70, 0x80,
    0xf, 0x19, 0x9f, 0xdc, 0x80, 0x3d, 0xa2, 0x54,
    0x1, 0xde, 0xa2, 0x6b, 0x0, 0x1e, 0x54, 0xa5,
    0x70, 0xa, 0xe, 0xc0, 0x10, 0xa6, 0x1, 0x88,
    0x9e, 0x8f, 0x8, 0x1a, 0xf4, 0x20, 0x2, 0x55,
    0x0, 0x68, 0x5, 0x8, 0x22, 0x6, 0xe9, 0x40,
    0x35, 0x30, 0x4, 0x8a, 0xc0, 0x16, 0xb0, 0x56,
    0xff, 0xfc, 0x1, 0x50, 0xc0, 0x7, 0x9a, 0x67,
    0xf0, 0x4, 0xd4, 0x20, 0x1e, 0xc6, 0x6f, 0xc4,
    0x21, 0x8, 0x1, 0xef, 0x50, 0xf, 0xda, 0x80,

    /* U+70ED "热" */
    0x0, 0xcc, 0x40, 0x1c, 0x4e, 0x1, 0xff, 0xc,
    0xb0, 0x7, 0x24, 0x0, 0x7f, 0xf4, 0x49, 0x54,
    0xe1, 0x8a, 0x82, 0x66, 0xf0, 0x33, 0xc2, 0x1,
    0x25, 0x52, 0x41, 0xea, 0x8d, 0x98, 0x60, 0xcc,
    0xce, 0x1, 0x37, 0xfb, 0x82, 0xbf, 0x9f, 0xfc,
    0xe3, 0xff, 0x0, 0x7f, 0x84, 0x3, 0x84, 0x80,
    0x3f, 0xf8, 0x42, 0xc0, 0x11, 0x38, 0x7, 0xfc,
    0x81, 0x5d, 0x2d, 0xa8, 0xc6, 0x1, 0xf9, 0xaf,
    0xe8, 0x12, 0xfd, 0xd2, 0xcb, 0x80, 0x3f, 0x78,
    0x46, 0x7, 0x20, 0xc, 0xb8, 0x42, 0x80, 0x4,
    0x40, 0x14, 0xdb, 0x90, 0x7, 0x99, 0x5e, 0xa8,
    0x6, 0x0, 0x10, 0xf, 0xf4, 0x8d, 0xcd, 0xb8,
    0xb7, 0x6, 0xa0, 0x4, 0x60, 0x1a, 0x5a, 0x44,
    0x13, 0x44, 0xd0, 0xc, 0x1, 0x1f, 0xa2, 0xa1,
    0xd, 0x2c, 0x1, 0xd4, 0x5c, 0x28, 0x13, 0x79,
    0xc2, 0x11, 0xcc, 0x1, 0xe2, 0xc9, 0xc0, 0x0,
    0x8b, 0x84, 0xa, 0x4, 0x0, 0xd0, 0x1, 0x6d,
    0x39, 0x0, 0x56, 0xe2, 0x0, 0x73, 0x0, 0x9c,
    0x40, 0x16, 0xca, 0x1, 0x48, 0xd8, 0x0, 0x81,
    0x40, 0xc, 0xc, 0x0, 0x65, 0xa1, 0x6, 0x65,
    0x8, 0x6, 0x10, 0x9, 0x2c, 0x2, 0xb0, 0xb0,
    0x37, 0x50, 0xd, 0x8, 0x1, 0x7c, 0x80, 0x43,
    0x3a, 0x0,

    /* U+7121 "無" */
    0x0, 0xe4, 0x30, 0xf, 0xfe, 0x31, 0x5d, 0x0,
    0x7f, 0xf1, 0xa4, 0x20, 0x3, 0xff, 0x8a, 0xa8,
    0x1d, 0xff, 0xff, 0xc0, 0xd0, 0x8, 0xe8, 0x16,
    0x64, 0xd, 0x32, 0x6, 0x99, 0xa, 0xcc, 0x0,
    0xf, 0x4c, 0x75, 0x98, 0x38, 0xcc, 0x1c, 0x66,
    0x1e, 0xb2, 0x80, 0x34, 0xf4, 0x3, 0xff, 0x8d,
    0x9e, 0x20, 0x1f, 0xfc, 0x75, 0x71, 0xc7, 0x70,
    0xfb, 0xb8, 0x7d, 0xdc, 0x78, 0xec, 0x0, 0x69,
    0x90, 0x24, 0xc8, 0x16, 0x64, 0xb, 0x32, 0x14,
    0x9b, 0x0, 0x27, 0x70, 0x63, 0xb8, 0x35, 0xdc,
    0x1a, 0xee, 0x14, 0x76, 0x80, 0x7f, 0xf8, 0x15,
    0x98, 0x1a, 0xcc, 0x1c, 0x66, 0xe, 0x33, 0xf,
    0x59, 0x86, 0x17, 0x32, 0x15, 0x99, 0x3, 0x4c,
    0x81, 0xa6, 0x42, 0xb3, 0x2b, 0xe, 0xff, 0xff,
    0xe3, 0x40, 0x5, 0x56, 0x0, 0x38, 0x0, 0xa1,
    0x40, 0x7, 0xea, 0x1, 0x89, 0x74, 0x0, 0xce,
    0x1, 0xc, 0x0, 0xd, 0x68, 0x80, 0x29, 0x16,
    0x0, 0x30, 0x10, 0x2, 0x89, 0x0, 0x16, 0x3c,
    0x0, 0x84, 0xd0, 0x8, 0x41, 0x80, 0x6, 0x38,
    0x0, 0x1b, 0x36, 0xe, 0xa3, 0x0, 0x8a, 0x14,
    0x2, 0xbb, 0x0, 0x4a, 0xe6,

    /* U+7159 "煙" */
    0x0, 0xc4, 0x1, 0xff, 0xc8, 0x2d, 0x0, 0x12,
    0x27, 0xff, 0x4, 0x3, 0xf5, 0xdf, 0xff, 0x6,
    0x40, 0x3f, 0x4f, 0xfc, 0xe3, 0xfe, 0x72, 0xff,
    0xb4, 0x3, 0xe4, 0x20, 0xb, 0xc0, 0x3f, 0xe1,
    0xe0, 0xa, 0x13, 0xfe, 0x81, 0xff, 0x39, 0x7f,
    0xcc, 0x0, 0x22, 0x0, 0x4, 0xdc, 0x22, 0xd8,
    0x6e, 0xca, 0x77, 0x60, 0xc, 0xcc, 0x0, 0x3a,
    0x8, 0x22, 0x3c, 0xd1, 0x4, 0xe8, 0x80, 0xd,
    0xa4, 0x21, 0xbc, 0x1, 0xff, 0xc4, 0x5c, 0x0,
    0x4a, 0x80, 0x7f, 0xf1, 0x1d, 0x0, 0x4, 0x1,
    0x67, 0xc9, 0x7f, 0x9d, 0x3f, 0xc0, 0x1a, 0x81,
    0xc4, 0x2, 0xbb, 0xff, 0xe0, 0x20, 0x6, 0x13,
    0x0, 0x91, 0x39, 0xc5, 0x13, 0x88, 0x3, 0x10,
    0x7, 0xf5, 0xd8, 0x3, 0xfd, 0xc4, 0x60, 0xc,
    0xff, 0xce, 0x3f, 0xfc, 0x40, 0x19, 0x5b, 0xc0,
    0x1f, 0x77, 0x90, 0x2e, 0xf8, 0x80, 0x21, 0x38,
    0x6, 0x3, 0x44, 0xc6, 0x28, 0x9c, 0x1, 0x9c,
    0xc6, 0x64, 0x20, 0x1f, 0xfc, 0x4b, 0xb0, 0x29,
    0x0, 0x7f, 0xf1, 0x1c, 0xdc, 0x1, 0xea, 0x89,
    0xc6, 0x28, 0x9e, 0x0, 0x45, 0x80, 0x43, 0x77,
    0xe4, 0xb, 0xbf, 0x8, 0x52, 0x80, 0x47, 0xff,
    0xff, 0xc2, 0x10,

    /* U+71B1 "熱" */
    0x0, 0xc4, 0x80, 0x1f, 0x39, 0x0, 0x7f, 0x96,
    0x40, 0x3e, 0x86, 0x0, 0xfa, 0xff, 0xd0, 0x5f,
    0xf1, 0x80, 0x7f, 0xf0, 0x2b, 0x74, 0xe3, 0xbb,
    0x1a, 0x33, 0x86, 0xb3, 0x14, 0x3, 0x9, 0x13,
    0xcc, 0x8a, 0xe, 0x98, 0x6, 0x99, 0x80, 0x29,
    0xff, 0xa0, 0xbf, 0xee, 0xaf, 0xd0, 0xdf, 0x70,
    0xd, 0x1b, 0x95, 0xba, 0xbb, 0x6e, 0x0, 0x18,
    0x8, 0x3c, 0x3, 0x8, 0x7c, 0x11, 0x55, 0x42,
    0x7b, 0x30, 0xf, 0xd1, 0x89, 0xa6, 0xcc, 0xc3,
    0xd5, 0x78, 0x20, 0x8, 0x40, 0x2a, 0xf8, 0x4,
    0xb0, 0x2b, 0xf2, 0xc3, 0x2a, 0x11, 0x0, 0x62,
    0xcd, 0xd4, 0x96, 0xec, 0xe0, 0x26, 0xe9, 0x80,
    0x60, 0x1a, 0x22, 0x41, 0x88, 0x9c, 0x1c, 0x23,
    0xd4, 0x84, 0x2c, 0x41, 0x56, 0xd3, 0x55, 0x88,
    0x2d, 0x80, 0x61, 0x80, 0xc, 0x1, 0x11, 0xe9,
    0xc5, 0x5e, 0x51, 0xd8, 0x4, 0x40, 0x86, 0x37,
    0xfb, 0x88, 0x67, 0x60, 0x2e, 0x90, 0x6, 0x6b,
    0x20, 0x8c, 0xdf, 0xed, 0xb9, 0x7e, 0xa3, 0x0,
    0xe9, 0xae, 0x3, 0x30, 0xc8, 0x80, 0xa0, 0x12,
    0xa2, 0x0, 0x3, 0x2a, 0xa2, 0x0, 0xbd, 0x44,
    0x16, 0xc4, 0x1, 0xb4, 0x0, 0x13, 0xa2, 0x0,
    0x9c, 0xfc, 0x0, 0xc0, 0xa0, 0xa, 0x15, 0x0,
    0x51, 0x78, 0x1, 0x62, 0x6, 0x0, 0x20, 0x20,
    0x1, 0x8e, 0x0, 0x5c, 0x50, 0xd, 0xe, 0x1,
    0xa5, 0x0, 0x2a, 0xb0, 0x8, 0xe7, 0x0,

    /* U+71C3 "燃" */
    0x0, 0xc8, 0x20, 0x19, 0xc4, 0x3, 0x12, 0x80,
    0x7e, 0xb5, 0x0, 0x8a, 0xc, 0x3, 0x3d, 0xa5,
    0x0, 0x7f, 0xca, 0x2, 0x46, 0x1, 0x95, 0xc,
    0x3, 0xfd, 0x81, 0x9b, 0x88, 0x1, 0xb, 0x48,
    0x4, 0x80, 0x13, 0xe0, 0x25, 0x7e, 0x2, 0x0,
    0x69, 0xf0, 0x0, 0xd8, 0x5, 0x74, 0xc2, 0xe0,
    0x85, 0xfe, 0xa1, 0xfe, 0xa4, 0x2, 0x20, 0x0,
    0x88, 0xd6, 0xd5, 0xd4, 0xf5, 0x45, 0x8, 0xaa,
    0x28, 0x2b, 0x0, 0x2d, 0x98, 0x53, 0x16, 0x5e,
    0xaa, 0x30, 0x25, 0x50, 0x86, 0x60, 0x1, 0x17,
    0x33, 0x19, 0xa, 0x80, 0x14, 0x30, 0x3, 0x2a,
    0x80, 0xc, 0x4e, 0xdd, 0x92, 0xc0, 0x2, 0x36,
    0x70, 0xd, 0x84, 0x20, 0x22, 0x80, 0x67, 0x1a,
    0x0, 0x58, 0xc8, 0x20, 0x4, 0x60, 0x60, 0x1c,
    0x6f, 0x4, 0x8, 0xd0, 0xd, 0x20, 0x1c, 0xc0,
    0xc0, 0x2, 0xe3, 0x70, 0x2a, 0x46, 0xa, 0x27,
    0x0, 0xc6, 0x14, 0x27, 0x83, 0xa0, 0x9a, 0x56,
    0x0, 0x27, 0x85, 0x0, 0xb5, 0x4a, 0x81, 0x30,
    0x40, 0x5b, 0x0, 0x34, 0x33, 0x80, 0x4b, 0xfc,
    0x8d, 0x70, 0x0, 0x79, 0x3, 0x0, 0x3a, 0x49,
    0x0, 0x14, 0x10, 0xa1, 0x25, 0x1, 0xf8, 0x7,
    0x10, 0x3e, 0x80, 0x34, 0x20, 0x83, 0x8b, 0x48,
    0x11, 0x80, 0xa7, 0x4, 0x83, 0x80, 0x1c, 0xa0,
    0x2, 0xa3, 0x50, 0x60, 0x10, 0xe5, 0x1, 0x99,
    0x0, 0x25, 0xcc, 0x0, 0xaa, 0xe0, 0x1, 0x1,
    0x2, 0x2, 0x3, 0xb, 0x86, 0x40, 0x4, 0xb8,
    0x60, 0x1, 0xd3, 0x1, 0xd4, 0x1, 0xc7,

    /* U+71C8 "燈" */
    0x0, 0xc2, 0x1, 0xff, 0xc8, 0x1e, 0x10, 0x1,
    0x2a, 0xe2, 0x3f, 0x0, 0x18, 0x7, 0xfc, 0xf7,
    0x6a, 0xa2, 0x98, 0xab, 0xe1, 0x80, 0x7f, 0x97,
    0xb9, 0x80, 0xa0, 0xf7, 0x36, 0x60, 0x1f, 0xea,
    0xa0, 0x41, 0x90, 0x50, 0xda, 0x3d, 0x0, 0xe,
    0x40, 0x27, 0xa8, 0x7e, 0x4f, 0x0, 0x1a, 0xc5,
    0x4f, 0x80, 0x18, 0xc0, 0x2b, 0xf2, 0xc1, 0x30,
    0x33, 0xbc, 0x93, 0xd4, 0x0, 0x64, 0x0, 0x32,
    0x50, 0xd1, 0xc, 0xcd, 0x50, 0x30, 0x1, 0x7f,
    0x0, 0x29, 0x86, 0xcf, 0x73, 0xff, 0x9d, 0xcd,
    0x82, 0x8, 0xa0, 0xf, 0xa8, 0x5a, 0x74, 0x4f,
    0xb2, 0x44, 0x0, 0x26, 0x60, 0x72, 0x9f, 0xb,
    0xbf, 0xe6, 0xd1, 0xc, 0x1, 0x10, 0x4, 0x20,
    0xf, 0xff, 0x50, 0x7, 0xcc, 0x60, 0x1f, 0xfc,
    0x82, 0x31, 0x0, 0xe6, 0x55, 0xec, 0x0, 0xfb,
    0x47, 0x40, 0x21, 0x2b, 0x88, 0xe4, 0x20, 0xf,
    0x2c, 0x8c, 0x80, 0x13, 0x9f, 0x77, 0x43, 0x60,
    0x7, 0x20, 0x37, 0x33, 0x0, 0x4, 0xac, 0x1,
    0x4b, 0x88, 0x7, 0x7a, 0x81, 0xc7, 0x80, 0x5,
    0x28, 0x0, 0x87, 0xe0, 0x1c, 0xc9, 0x0, 0x7,
    0xb4, 0x48, 0xd9, 0x11, 0x26, 0xe8, 0x90, 0x2,
    0x60, 0x80, 0x25, 0xbb, 0x9d, 0x6e, 0xc4, 0x77,
    0x75, 0x0, 0x25, 0xc0, 0x33, 0xff, 0xff, 0xf0,
    0x38, 0x0,

    /* U+724C "牌" */
    0x0, 0x18, 0x80, 0xb0, 0x7, 0x89, 0x88, 0x3,
    0xef, 0x60, 0x29, 0x10, 0xe, 0xa9, 0x0, 0xff,
    0xe1, 0x89, 0x9c, 0xc8, 0x26, 0x78, 0x40, 0x3f,
    0x9b, 0x32, 0x14, 0xcc, 0xe4, 0x0, 0xff, 0x17,
    0xfc, 0x8f, 0xff, 0x0, 0x7f, 0xf3, 0xb5, 0x50,
    0x1d, 0x40, 0xaa, 0xa5, 0x55, 0x52, 0xc0, 0x39,
    0x6a, 0x2, 0x6c, 0x7, 0x76, 0x6, 0xdd, 0x18,
    0x7, 0x47, 0xfe, 0xe0, 0x37, 0x78, 0x39, 0xdd,
    0x0, 0x18, 0x40, 0x3f, 0x11, 0x14, 0x40, 0x88,
    0x60, 0x1f, 0xfc, 0x3, 0xcc, 0x50, 0x5e, 0x63,
    0x44, 0x40, 0x14, 0x77, 0x56, 0xf, 0xdc, 0x70,
    0xde, 0xee, 0x40, 0x1, 0xb5, 0xd9, 0x5c, 0x0,
    0x34, 0xd4, 0x41, 0xec, 0x1, 0xc3, 0x8a, 0xa3,
    0x0, 0x27, 0x25, 0xa8, 0x7, 0xf9, 0x80, 0x30,
    0xbb, 0x53, 0x99, 0xc1, 0xc6, 0x70, 0x10, 0x8,
    0x6, 0x6c, 0x6b, 0xcc, 0xc0, 0xf9, 0x8d, 0x6,
    0x2, 0x0, 0xcf, 0xdd, 0xf0, 0x47, 0x73, 0xc0,
    0xc8, 0x3, 0xc2, 0x3f, 0x0, 0x8e, 0xc, 0x40,
    0xf, 0xfe, 0x3a, 0x78, 0x7, 0xff, 0x18, 0x88,
    0x80, 0x1f, 0xfc, 0x62, 0xd2, 0x0, 0xa3, 0x0,
    0x3f, 0x7b, 0x0, 0x40,

    /* U+7387 "率" */
    0x0, 0xfe, 0x63, 0x0, 0xff, 0xe3, 0x5f, 0x0,
    0x7f, 0x13, 0x37, 0xe4, 0x29, 0x66, 0xf9, 0x1e,
    0x67, 0xf3, 0x3, 0x4c, 0xfd, 0xeb, 0xff, 0xf3,
    0x17, 0x7f, 0x7f, 0xfa, 0xc2, 0x6c, 0x40, 0x24,
    0x6e, 0x11, 0x64, 0x80, 0x13, 0x8c, 0x1, 0x6f,
    0xc8, 0x9, 0x4c, 0xd6, 0x84, 0x2, 0xda, 0x18,
    0x0, 0xb1, 0x6c, 0xa0, 0x5a, 0xa4, 0xbc, 0x5a,
    0x9e, 0x80, 0x3a, 0xb0, 0xbb, 0x7d, 0x87, 0x48,
    0x1e, 0xe0, 0x3, 0xe1, 0x82, 0x24, 0xbe, 0x5e,
    0x2, 0x90, 0x7, 0x8a, 0xb4, 0xc6, 0x93, 0xa,
    0x4a, 0xa, 0x6c, 0x80, 0x5, 0x5a, 0xf7, 0x38,
    0xa1, 0xfe, 0xe1, 0x75, 0xd7, 0xd5, 0x6, 0x7a,
    0xd4, 0x30, 0x55, 0x5d, 0x67, 0x2c, 0x96, 0x35,
    0x12, 0x6a, 0x80, 0x7, 0x6a, 0x36, 0xc, 0x6a,
    0x80, 0x9, 0xd2, 0x46, 0x6f, 0xe3, 0x66, 0xf9,
    0x17, 0xe6, 0x7f, 0x10, 0xcc, 0xfe, 0xbb, 0x7f,
    0xfe, 0x42, 0xff, 0xfd, 0xc0, 0x1f, 0xff, 0xf0,
    0xe,

    /* U+7406 "理" */
    0x0, 0xfe, 0x66, 0xff, 0x84, 0x1, 0xdf, 0xfd,
    0x81, 0x31, 0x76, 0x89, 0x8b, 0xb4, 0x49, 0x80,
    0x22, 0x5c, 0x1a, 0x64, 0x0, 0xad, 0xd7, 0x86,
    0x6e, 0xc0, 0x19, 0x99, 0x41, 0xac, 0xa0, 0x1f,
    0xfc, 0xc2, 0x29, 0x41, 0xc8, 0x8c, 0x1, 0xff,
    0xc1, 0x9d, 0xd5, 0x85, 0x6e, 0xa8, 0x3, 0xff,
    0x83, 0x5d, 0xcc, 0xb, 0xee, 0x58, 0x6, 0x68,
    0x80, 0x74, 0x20, 0x0, 0x46, 0x20, 0x61, 0x13,
    0x80, 0x6f, 0x47, 0x7, 0x42, 0x0, 0xff, 0xe1,
    0xce, 0x78, 0x4e, 0x30, 0x2, 0xff, 0xdc, 0x1b,
    0xfe, 0xc0, 0xf, 0xfe, 0x5, 0xde, 0x80, 0x7b,
    0xbc, 0x40, 0x1f, 0xe4, 0x4e, 0xc, 0x44, 0xc0,
    0x1f, 0xfd, 0x32, 0x5f, 0xfd, 0x81, 0x7f, 0xf9,
    0xc0, 0x3d, 0x1d, 0x8f, 0x33, 0x9c, 0x1a, 0x67,
    0x20, 0x1, 0x6b, 0x40, 0x9f, 0x49, 0x9b, 0x58,
    0x6b, 0x36, 0x30, 0x5, 0x23, 0x5f, 0x49, 0x80,
    0x7f, 0xf0, 0xf3, 0xa5, 0x0, 0xc, 0xde, 0xb0,
    0xd6, 0x6e, 0x10, 0x30, 0xe, 0x99, 0xf3, 0x83,
    0x4c, 0xf1, 0x0,

    /* U+74E6 "瓦" */
    0xaf, 0xff, 0xfe, 0x30, 0xf4, 0x46, 0x40, 0x78,
    0x8f, 0xf8, 0x51, 0xdf, 0x8, 0x43, 0xbf, 0xfc,
    0x1, 0xe6, 0x30, 0xf, 0xfe, 0x31, 0xa8, 0x7,
    0xff, 0x14, 0x81, 0xbf, 0xff, 0x0, 0x7f, 0x30,
    0x3c, 0xcf, 0x90, 0x3, 0xfc, 0x61, 0x2c, 0xde,
    0x30, 0xf, 0xf7, 0x0, 0xa1, 0x80, 0x7f, 0xf0,
    0xd4, 0xc2, 0x30, 0xc0, 0x3f, 0xf8, 0x46, 0xa1,
    0xa5, 0x86, 0x1, 0xff, 0xc0, 0x10, 0xe0, 0x1c,
    0x2d, 0x20, 0xf, 0xf9, 0x40, 0xc0, 0x3, 0xe3,
    0xe0, 0x1f, 0xf1, 0x82, 0x80, 0x45, 0x54, 0x0,
    0xf2, 0x90, 0x5, 0xa0, 0x20, 0x19, 0x5c, 0x3,
    0xd9, 0x20, 0x13, 0x98, 0x7, 0xff, 0x4, 0xc4,
    0x0, 0x64, 0xa0, 0x2, 0x46, 0x9b, 0x10, 0xe,
    0x63, 0x3, 0xe0, 0x4d, 0xfd, 0xb9, 0x40, 0x7,
    0x4, 0x33, 0x9e, 0x0, 0x90, 0xb, 0xc5, 0x6f,
    0xed, 0x8b, 0x93, 0xcc, 0x22, 0x81, 0x6f, 0xe5,
    0x3a, 0x90, 0x6, 0x1d, 0xff, 0xac, 0x0,

    /* U+7528 "用" */
    0x0, 0xa3, 0xff, 0xff, 0x86, 0xe0, 0x1d, 0x11,
    0xc6, 0x11, 0x1e, 0xf, 0x0, 0xc2, 0xef, 0xc8,
    0x2e, 0xfe, 0x10, 0xf, 0xff, 0x8, 0xff, 0xf3,
    0x8f, 0xff, 0x84, 0x3, 0xd1, 0x1c, 0x61, 0x11,
    0xe0, 0xf, 0xb, 0xbf, 0x20, 0xbb, 0xf8, 0x40,
    0x3f, 0xf9, 0x82, 0x60, 0x1f, 0xfc, 0x73, 0x66,
    0xe4, 0x16, 0x6f, 0x8, 0x6, 0x21, 0x99, 0xe3,
    0x9, 0x9f, 0x0, 0x73, 0x33, 0xff, 0x9c, 0x7f,
    0xfc, 0x20, 0x18, 0xb0, 0x3, 0xff, 0x8a, 0x80,
    0xe0, 0x1f, 0xfc, 0x5d, 0x12, 0x0, 0xff, 0xe2,
    0xb, 0x30, 0x3, 0xff, 0x8b, 0x61, 0x40, 0x1f,
    0xe5, 0x52, 0x28, 0xf0, 0x3c, 0x10, 0x7, 0xfb,
    0xaa, 0xe8, 0xdc, 0x31, 0xc0, 0x3e, 0x8e, 0x0,
    0x5f, 0x73, 0xf0, 0x40,

    /* U+7535 "电" */
    0x0, 0xfd, 0x4e, 0x1, 0xff, 0xc6, 0x4e, 0x0,
    0xff, 0x8c, 0xfe, 0x12, 0x33, 0xf8, 0x2, 0x1c,
    0xcf, 0x81, 0x33, 0x3e, 0x0, 0xe7, 0xcc, 0xe0,
    0x4c, 0xce, 0x70, 0xf, 0x71, 0x9f, 0x9, 0x19,
    0xf7, 0x0, 0x7f, 0xf3, 0xb1, 0x9b, 0x85, 0x59,
    0xbb, 0x0, 0x3c, 0xb3, 0x3c, 0x7, 0x33, 0xca,
    0x1, 0xe9, 0xff, 0xe1, 0x6f, 0xfe, 0x90, 0xf,
    0xff, 0x16, 0xbb, 0xf0, 0xab, 0xbf, 0x68, 0x7,
    0x92, 0x23, 0x80, 0xe2, 0x39, 0x0, 0x3d, 0x3f,
    0xfc, 0x2d, 0xff, 0xf1, 0x28, 0xf, 0x30, 0x7,
    0xff, 0x9, 0xe8, 0x80, 0x40, 0x3e, 0x30, 0xf,
    0x88, 0x8, 0x3, 0xf1, 0x88, 0x7, 0xda, 0x40,
    0x1f, 0xce, 0x92, 0xef, 0xd2, 0xaa, 0x0, 0xfe,
    0x84, 0x68, 0x8e, 0x75, 0x80,

    /* U+767D "白" */
    0x0, 0xf1, 0xb9, 0x0, 0x7f, 0xf0, 0x66, 0x0,
    0x3f, 0xf8, 0x4a, 0x84, 0x1, 0xff, 0xc0, 0x50,
    0xf0, 0xf, 0xdd, 0xff, 0xa8, 0x2f, 0xff, 0xe9,
    0x3, 0x77, 0xff, 0xe0, 0x0, 0x49, 0x11, 0xff,
    0xc0, 0x10, 0xf, 0xff, 0x30, 0x91, 0x7f, 0xf0,
    0x0, 0x26, 0xdd, 0xff, 0xe0, 0x8, 0x1, 0x6e,
    0xff, 0xf8, 0x0, 0x11, 0x22, 0x7f, 0xf0, 0x4,
    0x3, 0xff, 0xcc, 0x6c, 0xdf, 0xfc, 0x1, 0x0,
    0x24, 0xcf, 0xff, 0x0, 0x2, 0x6e, 0xef, 0xfe,
    0x0, 0x80, 0x4, 0x7f, 0xf8, 0x26, 0x20,

    /* U+7684 "的" */
    0x0, 0xca, 0x80, 0x1e, 0x72, 0x0, 0xff, 0x5f,
    0x0, 0x71, 0xc3, 0x80, 0x7f, 0x18, 0xf0, 0x7,
    0x58, 0x20, 0x7, 0xf2, 0xa, 0x0, 0x72, 0x98,
    0x80, 0x7d, 0xfe, 0x81, 0xff, 0x98, 0x8, 0x87,
    0xff, 0xe5, 0x0, 0x35, 0x56, 0x0, 0xac, 0x26,
    0xab, 0x48, 0x6, 0xc5, 0x5c, 0x20, 0x2c, 0xec,
    0xab, 0x9c, 0x4, 0x3, 0xfa, 0xc2, 0x40, 0x38,
    0xc1, 0xc0, 0x3f, 0x73, 0xc8, 0x80, 0x7f, 0xf1,
    0x3b, 0x5a, 0x30, 0x3, 0x8, 0x8, 0x2, 0xbf,
    0xf0, 0x80, 0x54, 0x72, 0x1, 0x38, 0x18, 0x1,
    0xaa, 0xb0, 0x6, 0x29, 0x65, 0x0, 0xfb, 0x15,
    0x70, 0x80, 0x66, 0x4b, 0x10, 0x10, 0x10, 0xf,
    0xfe, 0xc, 0x8c, 0x1, 0x80, 0x7f, 0xf0, 0xca,
    0xac, 0x4, 0x40, 0x1f, 0xfc, 0x35, 0x20, 0xe3,
    0x0, 0xff, 0xe3, 0x13, 0x0, 0x55, 0xff, 0x84,
    0x3, 0xf9, 0x88, 0x2, 0x69, 0x9e, 0x40, 0xf,
    0x84, 0xbc, 0x2, 0xc6, 0x6e, 0x20, 0x9, 0x19,
    0xe, 0x1, 0x0, 0x3f, 0xf8, 0x23, 0x37, 0x8d,
    0x4, 0x0, 0xf5, 0x0, 0xfe, 0x5e, 0xeb, 0xdc,
    0x0,

    /* U+76EE "目" */
    0x0, 0xff, 0xe2, 0x3f, 0xff, 0xff, 0x9, 0xc0,
    0x13, 0x3f, 0xf4, 0x0, 0x66, 0x6f, 0xfe, 0x0,
    0x7, 0xff, 0x63, 0xff, 0xfe, 0xe0, 0xd, 0x11,
    0xff, 0x38, 0x6, 0x77, 0xff, 0xa4, 0x3, 0xff,
    0xb0, 0xef, 0xff, 0x30, 0x6, 0x88, 0xff, 0xe0,
    0x0, 0x6f, 0xff, 0xfb, 0x80, 0x3f, 0xfb, 0xa,
    0xbf, 0xf3, 0x80, 0x6a, 0xaf, 0xfa, 0x40, 0x37,
    0x77, 0xfd, 0xa0, 0x18, 0x47, 0xfe, 0x30, 0x0,

    /* U+76F4 "直" */
    0x0, 0xfe, 0x42, 0x0, 0xff, 0xe3, 0xdc, 0x0,
    0x7f, 0x85, 0x9b, 0xf0, 0xb, 0x37, 0xe1, 0x5,
    0x99, 0xfc, 0x9, 0x33, 0xf9, 0x41, 0x3f, 0xfe,
    0xa0, 0xef, 0xff, 0xc8, 0x1, 0x8d, 0x13, 0x78,
    0x2a, 0x27, 0x80, 0x3e, 0xfb, 0xbc, 0xa1, 0x77,
    0xf0, 0x7, 0xe5, 0xff, 0xff, 0x38, 0x7, 0xff,
    0x49, 0x7f, 0xff, 0xce, 0x1, 0xfc, 0x9b, 0xbf,
    0xe6, 0x0, 0xfe, 0x12, 0x2f, 0xf0, 0x80, 0x7f,
    0x2f, 0xff, 0xf9, 0xc0, 0x3f, 0x93, 0x77, 0xfc,
    0xa0, 0x1f, 0xc2, 0x45, 0xff, 0x0, 0x7f, 0x2f,
    0xff, 0xf9, 0xc0, 0x3f, 0x93, 0x33, 0xfc, 0xa0,
    0x1f, 0xc2, 0x67, 0xfe, 0x20, 0xe, 0x66, 0x85,
    0x9b, 0xfe, 0x30, 0x66, 0x82, 0x26, 0x44, 0x73,
    0x3f, 0xe4, 0x9, 0x98, 0x0,

    /* U+76F8 "相" */
    0x0, 0xff, 0xe6, 0xa7, 0x88, 0x4, 0x24, 0x5f,
    0xc0, 0x1f, 0xf3, 0x6e, 0xff, 0x18, 0x7, 0xff,
    0x2, 0xef, 0xd0, 0x1, 0xff, 0xc1, 0x14, 0x4f,
    0x80, 0x2a, 0xbb, 0x40, 0x6d, 0xd9, 0x0, 0x3f,
    0xf8, 0x6, 0x23, 0x3, 0x8, 0x9c, 0x3, 0xff,
    0x81, 0x35, 0x41, 0xb, 0xaa, 0x18, 0xf, 0xff,
    0xb0, 0x3, 0x88, 0xc0, 0xc0, 0x3a, 0x67, 0xce,
    0x1, 0xca, 0x0, 0xe0, 0xc, 0x2c, 0xde, 0xb0,
    0xe, 0xa4, 0x2, 0xa0, 0xf, 0xfe, 0x19, 0x97,
    0x5, 0x2c, 0x0, 0x7f, 0xf0, 0xa1, 0x84, 0x16,
    0x5c, 0xc0, 0x59, 0xbd, 0x60, 0x11, 0xa5, 0x0,
    0x4c, 0xe6, 0x0, 0x99, 0xf3, 0x80, 0x5c, 0x86,
    0x1, 0xa0, 0x0, 0x3f, 0xfe, 0xc0, 0x1, 0x94,
    0x80, 0x7f, 0xf1, 0x8f, 0x8, 0x3, 0xff, 0x8e,
    0x60, 0x1f, 0xe2, 0x2f, 0x30, 0x7, 0xff, 0x4,
    0x77, 0x7d, 0x40, 0x1f, 0xfc, 0x2c, 0xcf, 0x48,
    0x7, 0xff, 0x4, 0x4c, 0xfc, 0xa2, 0x1, 0xc9,
    0xc2, 0x1, 0x3f, 0x0, 0x78, 0xf8, 0xc0,

    /* U+77E5 "知" */
    0x0, 0x8c, 0xc0, 0x1f, 0xfc, 0x68, 0xe0, 0xf,
    0xfe, 0x32, 0x20, 0x3, 0xe7, 0x7f, 0xc0, 0x4,
    0x3, 0x66, 0xe4, 0x9, 0x89, 0x9d, 0x12, 0x0,
    0xc0, 0x59, 0x9e, 0xe0, 0x3, 0xf7, 0x67, 0x0,
    0x99, 0x9f, 0x41, 0xdf, 0xea, 0x0, 0xff, 0x38,
    0xd8, 0x7, 0xff, 0x16, 0x18, 0x80, 0x3f, 0xf8,
    0xb9, 0x0, 0x1f, 0xfc, 0x64, 0x67, 0x77, 0x84,
    0xbb, 0xc4, 0x1, 0xfd, 0x11, 0x94, 0x1e, 0x22,
    0x70, 0xf, 0xef, 0xfc, 0xe1, 0xff, 0x94, 0x3,
    0xff, 0x82, 0x42, 0x1, 0xff, 0xc6, 0x41, 0xb0,
    0xf, 0xfe, 0x22, 0xc, 0x25, 0x0, 0x7f, 0xf0,
    0xf8, 0x1e, 0xd6, 0x40, 0x3f, 0xf8, 0x28, 0xac,
    0x9, 0x2c, 0xe0, 0x10, 0x8f, 0x0, 0x43, 0x41,
    0x60, 0x6, 0x64, 0x8, 0x3f, 0x76, 0x60, 0x1,
    0x60, 0xb9, 0x0, 0x53, 0x82, 0xb, 0x77, 0x90,
    0x1, 0x84, 0x70, 0x1, 0xc6, 0x0, 0x24, 0x4d,
    0x84, 0x8, 0x5a, 0x1, 0xff, 0xc2, 0x7c, 0x8,
    0xc1, 0x0, 0xfd, 0xd0, 0x1, 0xe0,

    /* U+7801 "码" */
    0x3, 0x3f, 0x88, 0x4, 0x7e, 0x21, 0x0, 0xb7,
    0x33, 0xd6, 0x9d, 0xdf, 0x6d, 0x80, 0x5f, 0xd4,
    0x19, 0xdc, 0x85, 0xcc, 0xf8, 0x4c, 0x2, 0x11,
    0x69, 0x18, 0x8e, 0x27, 0x33, 0xe0, 0xe0, 0xe,
    0x44, 0x0, 0x72, 0xd8, 0x80, 0x61, 0x10, 0x7,
    0x1e, 0x0, 0x71, 0x0, 0x80, 0x44, 0x4, 0x1,
    0x90, 0x10, 0x3, 0x84, 0x80, 0x33, 0x3, 0x0,
    0x6e, 0x8, 0x99, 0x40, 0x3, 0x84, 0x3, 0x10,
    0x10, 0x4, 0x2a, 0x4, 0x44, 0x60, 0x1, 0x30,
    0x6, 0xe1, 0x0, 0xd0, 0x5, 0x77, 0x0, 0x4c,
    0xbf, 0xf9, 0xc7, 0xfd, 0x26, 0xc4, 0x1, 0xf4,
    0xd5, 0x7e, 0x1, 0x23, 0xa0, 0xf, 0x91, 0x57,
    0xf0, 0x78, 0xe8, 0x7, 0xff, 0x10, 0x40, 0x80,
    0x40, 0x3e, 0x88, 0xfc, 0x64, 0xc, 0x1, 0xf8,
    0x59, 0xbf, 0x2b, 0x1, 0x0, 0x46, 0xaa, 0xf0,
    0x1e, 0xef, 0xcd, 0xa0, 0x20, 0x10, 0xd5, 0x18,
    0xc0, 0x3f, 0xc6, 0x60, 0xc, 0x5f, 0xf6, 0x80,
    0x7f, 0x91, 0x0, 0x11, 0x20, 0x7, 0xf9, 0x15,
    0x28, 0x2c, 0x2, 0x59, 0x0, 0xff, 0x1d, 0x5a,
    0x39, 0x80, 0x7f, 0xf0, 0xdf, 0xfd, 0xd0, 0x0,

    /* U+78BC "碼" */
    0x5, 0x5f, 0xc0, 0xef, 0xfe, 0x20, 0xba, 0xaf,
    0x86, 0x65, 0x54, 0x98, 0xaa, 0xc2, 0x1d, 0xf2,
    0x1f, 0xf8, 0x42, 0x37, 0x56, 0x1b, 0xb8, 0xc0,
    0x2c, 0x20, 0xf, 0x8, 0x7, 0xff, 0x1, 0xd0,
    0x3, 0xd1, 0xfe, 0xa0, 0xff, 0xac, 0x3, 0x17,
    0x80, 0x79, 0xf3, 0x10, 0x19, 0x94, 0x80, 0x48,
    0xa, 0x1, 0xee, 0x33, 0x10, 0x19, 0xc4, 0x1,
    0x18, 0x2a, 0xe1, 0x0, 0x6b, 0xbb, 0xc1, 0xde,
    0x50, 0xa, 0x82, 0x6a, 0xa2, 0x0, 0x35, 0xd9,
    0xc2, 0xee, 0xd0, 0x1, 0x10, 0x3f, 0xe0, 0xd,
    0x79, 0x88, 0xc, 0xca, 0x0, 0x10, 0x1, 0xfd,
    0xc4, 0x50, 0x11, 0x61, 0x35, 0x30, 0xf, 0xcf,
    0xba, 0x80, 0xdd, 0xd6, 0x47, 0x40, 0x1f, 0x66,
    0xef, 0xe4, 0x1, 0xc3, 0x0, 0xf1, 0x21, 0x19,
    0x8, 0x34, 0x93, 0x98, 0x7, 0xf2, 0xe8, 0x70,
    0x5d, 0x91, 0xd4, 0x44, 0x1, 0x95, 0x4c, 0x0,
    0xd3, 0x1, 0x2a, 0x70, 0x8c, 0x3f, 0x0, 0xd5,
    0x49, 0x0, 0x26, 0x1, 0x31, 0x1, 0xa4, 0x89,
    0x0, 0x6f, 0xfc, 0xc6, 0x80, 0x1, 0xf, 0x30,
    0x20, 0x60, 0x0, 0xa8, 0x6, 0x39, 0x0, 0x6a,
    0x81, 0xa1, 0xc0, 0x18, 0x1, 0x28, 0x3, 0x32,
    0x0, 0x4, 0x0, 0x37, 0x8b, 0x20, 0x1f, 0xfc,
    0x43, 0xff, 0x98, 0x0,

    /* U+793A "示" */
    0x0, 0x3f, 0xff, 0xff, 0xb, 0x80, 0x32, 0x44,
    0x7f, 0xf0, 0xa4, 0x3, 0x1b, 0xbf, 0xff, 0xc,
    0x3, 0xff, 0xbc, 0x4c, 0xdf, 0xfc, 0x74, 0x99,
    0xff, 0xe3, 0x43, 0x7f, 0xfe, 0x70, 0xff, 0xfd,
    0xc0, 0x1f, 0xfc, 0xc6, 0x50, 0xf, 0xc2, 0xc0,
    0x1f, 0xc, 0xf8, 0x7, 0xe4, 0x96, 0x0, 0xf4,
    0x4, 0x0, 0x7e, 0x54, 0x91, 0x0, 0xc2, 0xcc,
    0x20, 0xf, 0xe9, 0xa, 0x0, 0xd4, 0x16, 0x1,
    0xfe, 0x28, 0x45, 0x0, 0x3a, 0x41, 0x0, 0x7f,
    0xce, 0x30, 0xd, 0x8, 0xe0, 0x1f, 0xfc, 0x18,
    0x25, 0x3, 0xb0, 0xf, 0xfe, 0x13, 0x10, 0x36,
    0x0, 0x47, 0xe, 0xe5, 0x10, 0xf, 0xb5, 0x40,
    0x38, 0x9e, 0x20, 0x10, 0x1, 0xfc,

    /* U+79BB "离" */
    0x0, 0xfe, 0x52, 0x0, 0xff, 0xe3, 0x44, 0x0,
    0x3f, 0x85, 0x57, 0xf3, 0x2b, 0x2a, 0xfc, 0x88,
    0xaa, 0xfc, 0x81, 0x35, 0x5f, 0x42, 0xff, 0xb3,
    0xbf, 0x73, 0xff, 0x6c, 0xff, 0xb3, 0xbf, 0x0,
    0x2c, 0x60, 0x7e, 0xb3, 0x7, 0xc3, 0x0, 0x63,
    0x80, 0x7e, 0x5d, 0xdb, 0xab, 0xd4, 0x3, 0xff,
    0x82, 0x9a, 0x6c, 0x74, 0x60, 0x1f, 0xf1, 0x6c,
    0xf6, 0xc7, 0x66, 0x14, 0x3, 0xfb, 0x99, 0x65,
    0x8c, 0xe4, 0xa1, 0x40, 0xf, 0x85, 0xad, 0xef,
    0x33, 0xaa, 0xec, 0x1, 0xf7, 0x7f, 0xf2, 0xf,
    0xff, 0x98, 0x2, 0x15, 0x5f, 0x3a, 0x21, 0x57,
    0xe4, 0x0, 0x25, 0x57, 0xa0, 0x16, 0xab, 0xe8,
    0x0, 0xdf, 0xfa, 0x3, 0x7f, 0xd3, 0xdf, 0xf3,
    0x0, 0x7e, 0x28, 0x92, 0x0, 0x6d, 0x0, 0x7f,
    0xc3, 0xe8, 0xe4, 0x8a, 0x68, 0xe0, 0x1f, 0xeb,
    0x24, 0xed, 0xbb, 0x22, 0x20, 0x80, 0x3f, 0xba,
    0x2b, 0x3b, 0xfb, 0x2d, 0x80, 0x3f, 0xc8, 0xea,
    0x62, 0x1, 0xac, 0x8, 0x80, 0x1f, 0xfc, 0x4a,
    0xdd, 0x34, 0x80, 0x17, 0xc0, 0x3f, 0xe8, 0xff,
    0x6a, 0x80,

    /* U+79D2 "秒" */
    0x0, 0xfc, 0x20, 0x1d, 0x6, 0x1, 0xfc, 0x2b,
    0x3d, 0xa0, 0x1c, 0xec, 0x1, 0xe6, 0xbe, 0xe5,
    0x2c, 0xf0, 0x7, 0xff, 0x4, 0xcd, 0x10, 0xe,
    0x72, 0x0, 0xff, 0xe0, 0xac, 0x31, 0x80, 0x70,
    0xd9, 0x0, 0x6a, 0xa0, 0x7, 0xff, 0x1, 0x10,
    0x60, 0x1b, 0xd4, 0x80, 0xa, 0xb6, 0x2, 0xac,
    0x3a, 0x42, 0x1, 0x94, 0xa0, 0x1, 0x55, 0x38,
    0x45, 0x51, 0xd, 0xc0, 0x3d, 0x6a, 0x21, 0xff,
    0x20, 0x5f, 0xf9, 0x53, 0x0, 0x3c, 0xc0, 0xc0,
    0x10, 0xa0, 0x50, 0x82, 0x2, 0x0, 0x7c, 0xb6,
    0x1, 0x48, 0x0, 0xa8, 0x38, 0xc8, 0x3, 0xe8,
    0xd0, 0x9, 0x98, 0x1e, 0xb1, 0x7e, 0x1, 0xf4,
    0x20, 0x80, 0x1c, 0xf4, 0x6, 0xd4, 0x4c, 0x3,
    0xc4, 0xe2, 0x0, 0x18, 0xb0, 0x9, 0x70, 0x3,
    0xf4, 0x8b, 0x80, 0x28, 0x98, 0x3, 0x8, 0x7,
    0x7a, 0xa9, 0x24, 0x0, 0x49, 0x20, 0x1f, 0xfc,
    0x4, 0xa4, 0x70, 0x1, 0x5a, 0x0, 0x7f, 0xc9,
    0x67, 0x60, 0x19, 0x0, 0x3f, 0xc3, 0x56, 0x7a,
    0x1, 0xff, 0xc2, 0x38, 0xe5, 0x8c, 0x10, 0xf,
    0xfe, 0x4, 0x76, 0x3a, 0xeb, 0x80, 0x7f, 0xf0,
    0xd6, 0x7e, 0x88, 0x3, 0xe0,

    /* U+7A97 "窗" */
    0x0, 0xfe, 0x30, 0xf, 0xfe, 0x32, 0x63, 0x0,
    0x7f, 0xa, 0xaf, 0xc2, 0x28, 0x55, 0xfc, 0x2b,
    0x57, 0x7f, 0x0, 0x2e, 0xfe, 0xa2, 0x0, 0x6f,
    0x75, 0xb7, 0xdd, 0xaf, 0x3b, 0xaa, 0x0, 0xfa,
    0x33, 0xc0, 0x36, 0x6d, 0x98, 0x6, 0x4e, 0x27,
    0xe6, 0xaa, 0x19, 0x80, 0x13, 0xa5, 0x96, 0xde,
    0x61, 0x1d, 0x32, 0xf5, 0x1c, 0x90, 0x8, 0xa7,
    0x43, 0x60, 0x1, 0xb3, 0xa8, 0x47, 0x43, 0x26,
    0x7c, 0x31, 0x0, 0x9, 0xb, 0x33, 0x20, 0xe6,
    0x7e, 0xe8, 0x0, 0xed, 0xff, 0x5c, 0xff, 0xfc,
    0x20, 0x1f, 0xea, 0xf2, 0x2c, 0x60, 0x1f, 0xfc,
    0xa, 0x5, 0xee, 0xbf, 0x10, 0x3, 0xfd, 0x2f,
    0x7f, 0x99, 0x32, 0x20, 0x3, 0xfd, 0x58, 0x7b,
    0x69, 0x4d, 0x40, 0x1f, 0xf1, 0x8b, 0x71, 0x5a,
    0xc0, 0x80, 0x7f, 0xf0, 0x52, 0xde, 0x26, 0xa8,
    0x20, 0x1f, 0xe8, 0xf9, 0x3f, 0x76, 0xe1, 0x70,
    0xf, 0xe7, 0xd9, 0xeb, 0x23, 0x31, 0x42, 0x98,
    0x80, 0x7d, 0x54, 0x9c, 0xcf, 0xe0, 0xf, 0xdb,
    0xff, 0xff, 0x10, 0x80, 0x0,

    /* U+7B49 "等" */
    0x0, 0xc6, 0x1, 0xf0, 0x90, 0x7, 0xfc, 0x98,
    0xa0, 0x1e, 0xbc, 0x0, 0xff, 0xa0, 0x0, 0xab,
    0x8c, 0xca, 0xbf, 0x90, 0x2, 0x53, 0xa, 0xae,
    0x8f, 0x4, 0xaa, 0xf7, 0x80, 0xa, 0x93, 0xd8,
    0xbf, 0xe1, 0x3b, 0xfb, 0xb, 0xff, 0xac, 0x1,
    0xe5, 0x41, 0x44, 0x60, 0x6a, 0xc8, 0x8, 0xd4,
    0x1, 0xee, 0xc1, 0x3, 0xd3, 0x3, 0x31, 0x0,
    0x51, 0xa0, 0x1e, 0x31, 0xbf, 0xf6, 0xff, 0xc6,
    0x9f, 0xf7, 0x67, 0xf0, 0x7, 0xa2, 0xef, 0xc4,
    0x4b, 0xbf, 0x50, 0x7, 0x8d, 0x13, 0xc2, 0xc8,
    0x9f, 0x0, 0x65, 0x5f, 0xe1, 0x65, 0x5f, 0xe0,
    0x5, 0xd5, 0x7e, 0x22, 0x55, 0x7f, 0x0, 0x3b,
    0xff, 0xff, 0x81, 0x81, 0x9f, 0xf8, 0x2, 0x11,
    0xff, 0xe0, 0x30, 0x30, 0x8c, 0x1, 0x1f, 0x77,
    0xff, 0x2, 0x82, 0xbb, 0xa6, 0x0, 0x1e, 0xed,
    0x31, 0xbb, 0xf4, 0x85, 0x6e, 0xce, 0x1, 0x11,
    0x59, 0x14, 0x45, 0xe5, 0x6, 0x22, 0x84, 0x3,
    0xd5, 0xf, 0x40, 0x1f, 0xfc, 0x77, 0x95, 0x90,
    0xf, 0xfe, 0x3b, 0x45, 0x2, 0xad, 0x40, 0x20,
    0x1f, 0xfc, 0x17, 0x30, 0xfa, 0xa3, 0xb1, 0x0,
    0x70,

    /* U+7CFB "系" */
    0x0, 0xff, 0xe2, 0x8, 0x7, 0xff, 0x4, 0x91,
    0xa2, 0xfb, 0x88, 0x1, 0x1b, 0xc4, 0xde, 0x6f,
    0xfb, 0x6e, 0x10, 0x66, 0xd4, 0x2, 0x7a, 0x42,
    0x15, 0x70, 0x4d, 0xfe, 0xca, 0x74, 0x10, 0x9,
    0x37, 0x2e, 0xa8, 0x8b, 0x64, 0x1, 0x18, 0x7,
    0xf9, 0x71, 0xa8, 0x2, 0x3d, 0xc3, 0x0, 0xfd,
    0x35, 0x48, 0x0, 0xa3, 0xf, 0xc, 0x3, 0xc7,
    0xcc, 0x31, 0xdc, 0xff, 0x3a, 0x79, 0x80, 0x7c,
    0x4a, 0xf3, 0x76, 0x20, 0x4, 0x58, 0xa8, 0x80,
    0x78, 0x6e, 0x1d, 0x24, 0xcd, 0x8e, 0x3, 0x7a,
    0x1, 0xfc, 0xda, 0x53, 0x86, 0x0, 0x1a, 0x3a,
    0x0, 0xf1, 0xe4, 0xb7, 0xb0, 0x0, 0x48, 0xc0,
    0xd6, 0x0, 0x23, 0xbc, 0x31, 0x5c, 0xef, 0xf7,
    0x6e, 0x50, 0x93, 0xa0, 0x1, 0x54, 0x68, 0xe9,
    0x56, 0xa1, 0xbd, 0xfd, 0xba, 0x3a, 0x10, 0x6e,
    0xcb, 0xa9, 0x75, 0x20, 0x21, 0x11, 0x80, 0x35,
    0x80, 0x39, 0xb2, 0x40, 0x3d, 0x38, 0xe0, 0x30,
    0x20, 0x12, 0x4a, 0xc0, 0x7, 0xa2, 0x2a, 0x0,
    0xe6, 0xb3, 0xa0, 0xf, 0xcf, 0x6b, 0x82, 0x0,
    0xa9, 0x5c, 0x0, 0xff, 0x26, 0x1e, 0x8, 0x1c,
    0x50, 0x1, 0x59, 0x88, 0x20, 0x1c, 0x78, 0x26,
    0x12, 0xe0, 0x11, 0x4c, 0x86, 0x0, 0x3c, 0x78,
    0x40,

    /* U+7D00 "紀" */
    0x0, 0xe6, 0x30, 0xf, 0xfe, 0x31, 0x4a, 0x0,
    0x4c, 0xef, 0xf9, 0x0, 0x3a, 0x5, 0xc0, 0x2b,
    0x88, 0xfd, 0xa0, 0x18, 0x96, 0x0, 0x36, 0xff,
    0xfc, 0x20, 0x1d, 0x26, 0xc1, 0xac, 0x1, 0xff,
    0xc2, 0x54, 0xe0, 0x72, 0x50, 0xf, 0xfe, 0x9,
    0x53, 0x81, 0xc3, 0x98, 0x7, 0xff, 0x7, 0xc1,
    0xf7, 0xa, 0x0, 0x3f, 0xf8, 0x57, 0x16, 0xe1,
    0xc2, 0x1, 0xff, 0xc2, 0x67, 0x67, 0x93, 0xe4,
    0x1, 0xff, 0xf8, 0x40, 0x30, 0xe3, 0x30, 0x1b,
    0x80, 0x25, 0x99, 0xe0, 0xc, 0x38, 0x1d, 0x36,
    0xea, 0x1, 0x63, 0x37, 0x5d, 0x80, 0x14, 0x43,
    0x24, 0x48, 0x5, 0x0, 0xfc, 0x84, 0x0, 0x8b,
    0xee, 0x5c, 0xb4, 0xb8, 0x7, 0xff, 0x0, 0xd4,
    0x40, 0xc2, 0x0, 0x80, 0x3f, 0xf8, 0x3e, 0xe7,
    0x80, 0xd, 0x0, 0xff, 0xe1, 0x9, 0x90, 0x15,
    0xa0, 0x7, 0xf9, 0x9c, 0xc, 0x14, 0x41, 0xcc,
    0x10, 0x3, 0xfb, 0xa4, 0x2c, 0x84, 0x4, 0xc1,
    0xc, 0x40, 0x40, 0x3c, 0x64, 0x8, 0x80, 0x1,
    0x70, 0x53, 0x80, 0x29, 0x9b, 0x9d, 0x10, 0x9,
    0x40, 0xe, 0x80, 0x10, 0x5, 0x4, 0xcf, 0x42,
    0x48,

    /* U+7D66 "給" */
    0x0, 0xe5, 0x0, 0xfc, 0x62, 0x1, 0xfe, 0x6a,
    0x30, 0xf, 0xb6, 0x80, 0x3f, 0xd6, 0x86, 0x1,
    0xe6, 0x14, 0x20, 0xf, 0xcc, 0x50, 0x1, 0xe1,
    0x85, 0x4e, 0x0, 0xfd, 0xa, 0x66, 0xc2, 0x0,
    0xac, 0x6e, 0x8a, 0x0, 0x3d, 0x1, 0x61, 0xe4,
    0x40, 0x3, 0xac, 0x8, 0xa9, 0xd8, 0x3, 0x23,
    0xd0, 0xb1, 0xd0, 0x1, 0x61, 0x5c, 0x0, 0x8d,
    0x2c, 0x1, 0x58, 0x5f, 0xca, 0xa0, 0x35, 0xf,
    0x19, 0xea, 0x39, 0x90, 0x1, 0xe2, 0xcc, 0x6c,
    0x1a, 0x51, 0xef, 0x33, 0xa9, 0x58, 0xc2, 0x1c,
    0x8f, 0x5f, 0x9a, 0x6e, 0x7b, 0xbc, 0xd5, 0xa6,
    0x0, 0x39, 0x91, 0xb8, 0xa3, 0x0, 0x4, 0x7c,
    0x0, 0x20, 0x1, 0x6a, 0x13, 0x48, 0x70, 0x9,
    0x9f, 0xe2, 0x0, 0xb0, 0x52, 0xec, 0x48, 0x80,
    0x9c, 0xcf, 0xd4, 0x1, 0x5d, 0x6f, 0xed, 0x4b,
    0x80, 0x7, 0xbb, 0xc2, 0x1, 0x94, 0x8, 0xcc,
    0x5f, 0x20, 0x10, 0x8f, 0x80, 0x38, 0xe8, 0x6a,
    0x48, 0xd0, 0x3, 0xff, 0x84, 0xa2, 0x2f, 0x60,
    0x4e, 0x0, 0xff, 0xe1, 0x79, 0x1, 0x10, 0x3d,
    0x0, 0x3f, 0xf8, 0x48, 0x80, 0x71, 0x4, 0xc0,
    0x0, 0xff, 0xf8, 0x40, 0x21, 0x2c, 0x2, 0xa0,
    0x12, 0x0, 0xa6, 0x7c, 0x1, 0x87, 0x50, 0x5,
    0x40, 0x38, 0x59, 0xbc, 0x40, 0x10,

    /* U+7D71 "統" */
    0x0, 0xe3, 0x0, 0xf8, 0x84, 0x3, 0xfe, 0x6c,
    0x20, 0xf, 0x64, 0x0, 0x7f, 0xd6, 0x84, 0x1,
    0xe9, 0x62, 0x0, 0xfe, 0x52, 0x80, 0x9, 0x59,
    0xa0, 0x4, 0x33, 0x64, 0x0, 0xd2, 0x86, 0x56,
    0x37, 0x33, 0x40, 0x2c, 0xce, 0xe0, 0x9, 0x4e,
    0x42, 0x14, 0x3b, 0xfd, 0x81, 0x3f, 0xfd, 0x40,
    0x1, 0xb8, 0x22, 0x2c, 0x8, 0x5, 0xc6, 0xc0,
    0xda, 0x1, 0xda, 0x3b, 0x78, 0x4c, 0x1, 0x41,
    0x78, 0x1, 0xce, 0x40, 0x31, 0xb, 0x30, 0x78,
    0x2, 0x37, 0x71, 0x80, 0x6, 0x18, 0xc0, 0x2f,
    0xed, 0x36, 0x75, 0x5, 0xd0, 0x1a, 0xcd, 0xf9,
    0xe, 0x0, 0x84, 0x2c, 0xe4, 0xe0, 0x3c, 0x41,
    0x5, 0x96, 0x6e, 0x89, 0x80, 0x27, 0x5f, 0x5,
    0x23, 0x8d, 0xfd, 0xba, 0x86, 0x45, 0x63, 0x0,
    0x2c, 0x22, 0xcc, 0x81, 0x8, 0x8d, 0xc0, 0x7,
    0xd0, 0x4, 0xa8, 0x2, 0x1, 0x2c, 0x31, 0x2c,
    0x1, 0xc6, 0x1, 0x18, 0x7, 0xbb, 0x7f, 0x25,
    0xe2, 0x40, 0x2, 0x20, 0xf, 0xf1, 0x28, 0x31,
    0x4a, 0x28, 0x0, 0x9c, 0x3, 0xfc, 0xb0, 0x14,
    0x99, 0x40, 0x12, 0x60, 0x7, 0xf8, 0x8c, 0x17,
    0x94, 0x84, 0x10, 0x10, 0x3, 0xc7, 0xc0, 0xf,
    0x50, 0xe2, 0x3, 0x50, 0xa3, 0x30, 0x7, 0x9c,
    0x40, 0xf, 0x80, 0x2c, 0x18, 0xb6, 0x3c, 0x1,
    0x85, 0x53, 0x8c, 0x4, 0x10, 0x12, 0x0, 0xf9,
    0x6c, 0x80, 0x25, 0x1a, 0xb5, 0x90, 0x1e, 0x10,
    0x24, 0x3, 0x9f, 0x40, 0xc, 0x5d, 0xff, 0x28,
    0x0,

    /* U+7DB2 "網" */
    0x0, 0xe4, 0x0, 0xff, 0xe3, 0xad, 0x98, 0x1,
    0x57, 0xfe, 0x20, 0xd, 0xa, 0x60, 0xb, 0xaa,
    0xff, 0x20, 0x4, 0xa5, 0x0, 0x1a, 0x7e, 0xff,
    0xed, 0xef, 0x10, 0xd, 0x6e, 0x4b, 0x80, 0x1a,
    0x50, 0x1, 0x2e, 0x1, 0xd0, 0x70, 0x16, 0xa0,
    0x1a, 0xfc, 0x0, 0x8e, 0x1, 0x91, 0xed, 0x24,
    0x20, 0x3, 0x3b, 0x81, 0x90, 0x40, 0x35, 0x84,
    0xdb, 0x40, 0x80, 0x59, 0x81, 0xd8, 0x5d, 0x60,
    0xa, 0xb3, 0x8c, 0xce, 0x20, 0x14, 0xc2, 0x8d,
    0xda, 0x10, 0x2, 0x53, 0x63, 0xe9, 0x80, 0x9,
    0x55, 0x46, 0xca, 0xa2, 0x0, 0xc7, 0x14, 0x58,
    0xe0, 0x1c, 0x48, 0xa0, 0x1e, 0x2d, 0x41, 0x6d,
    0x12, 0x0, 0x57, 0xf9, 0x27, 0xfc, 0x40, 0x17,
    0x8a, 0x5d, 0x19, 0x38, 0x2, 0x6, 0x37, 0x71,
    0x0, 0x51, 0x5b, 0xf9, 0x54, 0x10, 0x1, 0x19,
    0x17, 0x0, 0x65, 0x22, 0x31, 0x59, 0xa0, 0x7,
    0xff, 0x4, 0xe0, 0x29, 0xcf, 0x40, 0x3a, 0xbb,
    0xb0, 0x80, 0x4c, 0x40, 0xc5, 0x6e, 0x1, 0xbb,
    0x37, 0x70, 0x80, 0x5a, 0xe0, 0x5c, 0x62, 0x40,
    0x11, 0x9f, 0x80, 0x32, 0x68, 0x79, 0x4, 0x98,
    0x7, 0xff, 0x4, 0xd0, 0x8, 0x80, 0xc2, 0x1,
    0xf1, 0xb3, 0x88, 0x2, 0x8c, 0x16, 0x40, 0x3f,
    0xe8, 0xa5, 0x70,

    /* U+7DDA "線" */
    0x0, 0xe4, 0x0, 0xfc, 0x84, 0x1, 0xfe, 0x7b,
    0x20, 0xf, 0xd, 0xd8, 0x3, 0xfd, 0x2a, 0x40,
    0x10, 0x8c, 0xe1, 0xa2, 0x38, 0x3, 0x98, 0x60,
    0x3, 0x7f, 0x72, 0x42, 0xfb, 0xb0, 0x7, 0x5b,
    0x92, 0xe8, 0x80, 0x23, 0xbb, 0xd0, 0x1, 0xce,
    0x10, 0x10, 0x22, 0x0, 0x84, 0x7e, 0x0, 0xc5,
    0x10, 0x28, 0x2f, 0x0, 0xa3, 0xff, 0xd2, 0x1,
    0xb0, 0x2b, 0x5d, 0x8c, 0x2, 0x7d, 0xdf, 0x38,
    0x6, 0x67, 0xa3, 0x18, 0x0, 0xde, 0x45, 0xee,
    0x0, 0xd1, 0x0, 0x3a, 0xb6, 0x0, 0xb5, 0x57,
    0xd8, 0x1, 0xc3, 0x6e, 0x87, 0xa0, 0x2, 0x69,
    0x95, 0xd4, 0xc9, 0x8c, 0x3, 0x61, 0x49, 0xa,
    0x0, 0x33, 0x34, 0x86, 0x65, 0xc0, 0x16, 0x11,
    0xf6, 0xa8, 0x19, 0x91, 0x23, 0x0, 0x20, 0x1e,
    0xb0, 0x2, 0xde, 0xb7, 0xf4, 0xda, 0x2e, 0xef,
    0x0, 0x79, 0xeb, 0x30, 0x0, 0xf2, 0xa6, 0xf,
    0xeb, 0x7f, 0xe1, 0xa0, 0x2, 0x64, 0xc8, 0x2,
    0x1e, 0x2c, 0x5f, 0xa0, 0x9, 0xc5, 0xc0, 0x58,
    0x9c, 0x3, 0x28, 0x13, 0x95, 0xb8, 0x0, 0xa2,
    0x44, 0x1, 0x27, 0x20, 0x18, 0x8c, 0xb, 0x8c,
    0x4c, 0xb1, 0x18, 0x3, 0x5b, 0x38, 0x5, 0x8a,
    0x1e, 0x41, 0xab, 0x85, 0x60, 0x1c, 0xb1, 0xb,
    0x0, 0x26, 0x1, 0x18, 0x10, 0x36, 0x2, 0xab,
    0x0, 0x27, 0x91, 0x0, 0x5a, 0x2, 0xc0, 0x1,
    0xa0, 0x1, 0x14, 0xb2, 0x1, 0x35, 0x0,

    /* U+7DE8 "編" */
    0x0, 0xc6, 0x20, 0x1f, 0x29, 0x0, 0x7f, 0xb6,
    0xc0, 0x3e, 0xe9, 0x0, 0xfe, 0x51, 0x80, 0xf,
    0xbd, 0x8, 0x3, 0xf4, 0xa1, 0x0, 0x7, 0xff,
    0x58, 0x6f, 0xfd, 0xc0, 0x12, 0x1c, 0x5, 0xb8,
    0x2, 0xb7, 0x7e, 0x80, 0xd, 0xc, 0x68, 0x83,
    0x0, 0x39, 0x17, 0xe0, 0x9, 0xca, 0x6, 0x55,
    0x0, 0xc, 0x23, 0xf1, 0x80, 0xa, 0x7, 0xb8,
    0x56, 0x1, 0x5f, 0x77, 0xd2, 0x0, 0x27, 0x9a,
    0x8, 0x10, 0xa, 0xfb, 0xbf, 0x78, 0x2, 0x1b,
    0x91, 0x7c, 0x2, 0x61, 0x1f, 0xe0, 0x9, 0xd6,
    0x88, 0x8a, 0x61, 0xbf, 0xff, 0xd4, 0x9, 0xc,
    0xf0, 0x7e, 0x1, 0x56, 0x95, 0x69, 0xce, 0xb8,
    0x2, 0xc1, 0xe0, 0xd5, 0xc4, 0x0, 0xe4, 0x2c,
    0x40, 0xa5, 0xe0, 0xa, 0xcf, 0xeb, 0x96, 0x70,
    0x10, 0xf, 0xf9, 0x0, 0x50, 0xe2, 0xc4, 0x8d,
    0xcc, 0x58, 0xc5, 0x4f, 0x80, 0xf, 0xc7, 0x44,
    0xa0, 0x42, 0x15, 0x85, 0x58, 0x53, 0x8c, 0x0,
    0xf7, 0x21, 0x11, 0xa6, 0xb0, 0x67, 0x96, 0x79,
    0xdf, 0xc0, 0x1, 0x74, 0x0, 0x4b, 0x8f, 0xe0,
    0x20, 0x20, 0x13, 0x80, 0x63, 0x30, 0x10, 0xde,
    0x12, 0x0, 0x7f, 0xc6, 0x8, 0xe, 0x4, 0x66,
    0x10, 0x9, 0x4, 0x2c, 0x43, 0xc0, 0xf0, 0x1,
    0x46, 0xf, 0xe0, 0x1a, 0x8, 0x1c, 0xb1, 0xf0,
    0xc, 0x3, 0xc6, 0x1a, 0x40, 0x1e, 0xcf, 0x60,

    /* U+7E7C "繼" */
    0x0, 0xc6, 0x1, 0xf0, 0x80, 0x42, 0x20, 0xf,
    0xb5, 0x80, 0xe, 0x60, 0x7e, 0x1, 0x4d, 0x0,
    0x79, 0x85, 0x80, 0x12, 0xa1, 0xc, 0x1, 0x34,
    0x0, 0x7a, 0x9c, 0x3, 0x91, 0xa7, 0x8a, 0x10,
    0xf4, 0xc0, 0x24, 0x39, 0x1c, 0x10, 0x1b, 0x3f,
    0x76, 0x77, 0x73, 0x98, 0x5, 0xe, 0x32, 0x2,
    0x3, 0x72, 0x74, 0xb5, 0x67, 0xc4, 0x0, 0x52,
    0x81, 0x78, 0x0, 0x9e, 0x65, 0xa, 0xd1, 0xd9,
    0x40, 0x54, 0x3d, 0xc3, 0x40, 0xb, 0x46, 0x1f,
    0x70, 0x78, 0xd4, 0x9, 0xa6, 0x3, 0xc0, 0x36,
    0x7e, 0x77, 0xef, 0xed, 0xa8, 0x2, 0x5b, 0x5a,
    0xd4, 0x1, 0x3b, 0xfe, 0xd9, 0xdf, 0xf9, 0xcc,
    0x0, 0xcb, 0x3d, 0xe0, 0x8, 0xdc, 0x5d, 0xda,
    0x9b, 0x74, 0x60, 0x53, 0x66, 0x8, 0x0, 0x12,
    0x40, 0x22, 0xbf, 0x88, 0x80, 0xc, 0xa, 0xcb,
    0x12, 0x0, 0xc, 0xdb, 0x11, 0x11, 0xd8, 0xc0,
    0x13, 0x5b, 0xfa, 0xac, 0x0, 0xa2, 0x98, 0xe,
    0x58, 0x80, 0x80, 0x19, 0xcc, 0xcb, 0x88, 0x1,
    0x2b, 0xc1, 0x81, 0x34, 0x90, 0x1, 0x3c, 0xb9,
    0xa8, 0x2, 0xb1, 0x50, 0x6, 0x72, 0x8b, 0x80,
    0x35, 0xc8, 0x86, 0x42, 0x0, 0x77, 0x6d, 0x3b,
    0x46, 0x62, 0xc0, 0x5, 0xa2, 0x2, 0xaa, 0x0,
    0x5a, 0xfa, 0x65, 0x27, 0xe1, 0x0, 0x10, 0xc0,
    0x89, 0xc0, 0xe, 0x8e, 0xcd, 0xd4, 0x7e, 0x14,
    0x19, 0xa, 0x0, 0xba, 0xa0, 0x3d, 0xdd, 0x51,
    0x77, 0xa7, 0xce, 0x40, 0x18, 0x80, 0xe, 0xff,
    0xff, 0xb0,

    /* U+7E8C "續" */
    0x0, 0xc2, 0x40, 0x1f, 0x98, 0xc0, 0x3f, 0xd3,
    0x80, 0x1, 0x1f, 0x4d, 0x88, 0xf0, 0x7, 0x34,
    0x80, 0x2f, 0xbb, 0x81, 0xfb, 0xb7, 0x80, 0x66,
    0x16, 0x0, 0x57, 0xff, 0x4, 0xff, 0xee, 0x0,
    0xd7, 0x2, 0xf6, 0x15, 0xbb, 0x82, 0x37, 0x70,
    0x6, 0x70, 0x71, 0x93, 0xb, 0xcc, 0xdd, 0xf9,
    0x98, 0x2, 0x28, 0x80, 0xc0, 0x44, 0x3b, 0xbf,
    0xea, 0x0, 0x78, 0x57, 0x35, 0x80, 0x13, 0xb8,
    0xad, 0xdc, 0xc, 0xe6, 0x10, 0x5, 0xcd, 0x91,
    0xa8, 0x4, 0x22, 0x1, 0x18, 0x4, 0x40, 0x19,
    0x98, 0x44, 0xec, 0x50, 0x4f, 0xf2, 0xbf, 0xf8,
    0x37, 0xd8, 0x3, 0x14, 0xd1, 0x27, 0xc7, 0x77,
    0xfd, 0x60, 0x17, 0xa3, 0x29, 0x28, 0x6f, 0xff,
    0xf8, 0x2, 0xb2, 0x4c, 0x81, 0x3, 0x19, 0xee,
    0xfa, 0x4, 0x2, 0xfa, 0xdf, 0xdb, 0x47, 0x9,
    0xcc, 0xfa, 0xc0, 0x32, 0x20, 0x8c, 0x66, 0x10,
    0x27, 0x33, 0xe8, 0x0, 0xee, 0x3f, 0x41, 0xb0,
    0x4, 0xe6, 0x7d, 0x0, 0x18, 0xc0, 0xd8, 0xb1,
    0x40, 0xd, 0xdd, 0xf5, 0x0, 0x66, 0x20, 0x2e,
    0x42, 0x16, 0x4e, 0xfe, 0xeb, 0x3e, 0xcc, 0x2,
    0xc7, 0xf, 0x20, 0x73, 0xbe, 0x52, 0x8c, 0xc1,
    0x8d, 0x60, 0x4, 0x98, 0x4, 0x0, 0x87, 0xbd,
    0x2b, 0x40, 0x6, 0xdd, 0xba, 0x0, 0x8, 0x80,
    0x5b, 0x0, 0x49, 0x6d, 0xa0, 0x6, 0x7d, 0xb1,
    0x0,

    /* U+7EBF "线" */
    0x0, 0xff, 0xe0, 0x10, 0x7, 0xff, 0x3, 0x14,
    0x3, 0x87, 0x54, 0x1c, 0x40, 0x3e, 0x53, 0x10,
    0xe, 0x10, 0x32, 0xce, 0x80, 0xf, 0x49, 0xa0,
    0x7, 0xe2, 0xbb, 0x32, 0x0, 0x63, 0x34, 0x80,
    0x7f, 0xc9, 0x8e, 0x1, 0xa0, 0xd4, 0xc, 0x2,
    0x13, 0xd, 0xac, 0xfd, 0xc0, 0x8, 0xd3, 0xc0,
    0x71, 0xd7, 0xb9, 0x80, 0xa0, 0x93, 0x9c, 0x1,
    0x73, 0x18, 0x58, 0xbb, 0xa6, 0xf4, 0x9e, 0xa1,
    0x8c, 0x40, 0x14, 0x4b, 0xbc, 0xb6, 0x4, 0xe8,
    0x4c, 0x60, 0x1f, 0x19, 0x95, 0x42, 0x8a, 0x1,
    0xc2, 0xc8, 0xf3, 0x9f, 0x21, 0x39, 0x22, 0x2a,
    0x0, 0xa, 0x3d, 0x21, 0xdc, 0x92, 0x55, 0x80,
    0x4a, 0xda, 0x20, 0xc, 0xba, 0x5, 0xd, 0xeb,
    0x87, 0x20, 0x1, 0xd4, 0x19, 0x98, 0xff, 0xb6,
    0xa0, 0x4, 0x0, 0x39, 0x20, 0x7a, 0x15, 0xf9,
    0xe, 0x42, 0x0, 0x30, 0x50, 0x6, 0x9c, 0x85,
    0x8a, 0x2d, 0xf7, 0x10, 0x3, 0x8b, 0x7, 0xb,
    0xc0, 0x13, 0xf7, 0x8, 0x20, 0x1f, 0x2a, 0x60,
    0xe1, 0x0, 0x4, 0x3, 0x13, 0xb0, 0x7, 0x84,
    0x58, 0x40, 0x18, 0x56, 0xbb, 0x64, 0x40, 0x24,
    0xd7, 0x7, 0x10, 0x4, 0x85, 0x75, 0x34, 0xe7,
    0x38, 0x2e, 0x58, 0xe4, 0xa2, 0x81, 0x30, 0x7d,
    0x76, 0x39, 0x82, 0x7d, 0x5, 0x61, 0xb2, 0x54,
    0xc8, 0xc1, 0x54, 0x20, 0x19, 0x1f, 0x30, 0xa0,
    0x15, 0xb3, 0xac, 0x0,

    /* U+7ED9 "给" */
    0x0, 0xe2, 0x0, 0xfc, 0x80, 0x1f, 0xf3, 0x69,
    0x80, 0x79, 0xad, 0x0, 0x3f, 0xd6, 0x46, 0x1,
    0xea, 0xe, 0x0, 0xfe, 0x32, 0x80, 0xf, 0x29,
    0xb2, 0xa0, 0x7, 0xe9, 0x15, 0x0, 0xf5, 0xa4,
    0xb5, 0x8, 0x7, 0x8d, 0x6c, 0x1, 0x44, 0x0,
    0xa1, 0x90, 0x80, 0xd0, 0xf, 0x41, 0xa8, 0x3a,
    0x88, 0x42, 0xd1, 0x0, 0xe1, 0xe0, 0x6, 0x64,
    0x83, 0x58, 0x63, 0x87, 0x46, 0x33, 0x86, 0xf,
    0x4c, 0x1, 0x21, 0x79, 0x43, 0x34, 0xee, 0x4c,
    0xce, 0x8b, 0x3f, 0x0, 0x45, 0x64, 0x5, 0x4,
    0xd4, 0x6e, 0xfc, 0x99, 0xa0, 0x7, 0x51, 0x87,
    0x40, 0x35, 0x2, 0x2f, 0x80, 0x84, 0x2, 0x1f,
    0x38, 0x0, 0xc6, 0x7f, 0xc0, 0x1d, 0x47, 0xd,
    0x38, 0x63, 0x99, 0xfb, 0x40, 0x36, 0x20, 0xdd,
    0x8e, 0xc8, 0x1, 0x3d, 0xdc, 0xc0, 0x1c, 0x8f,
    0x7d, 0xb4, 0xe2, 0x0, 0x31, 0x1f, 0x0, 0x74,
    0x41, 0x4, 0x3, 0xff, 0x94, 0x6f, 0x6c, 0x1,
    0xff, 0xc2, 0x59, 0xcf, 0xca, 0x15, 0x0, 0xff,
    0xe1, 0x5a, 0x2d, 0x76, 0xd1, 0x80, 0x2b, 0xff,
    0x9c, 0x3, 0xbb, 0x65, 0x44, 0x3, 0x9a, 0x67,
    0x90, 0x3, 0xff, 0x87, 0x8c, 0xdc, 0x66, 0x0,
    0x80,

    /* U+7EDF "统" */
    0x0, 0xe4, 0x0, 0xf8, 0xd0, 0x3, 0xfe, 0x2b,
    0x90, 0xf, 0x55, 0x4, 0x3, 0xfd, 0x61, 0x60,
    0x1e, 0x81, 0x60, 0xf, 0xe1, 0x65, 0x20, 0x1,
    0x9e, 0x23, 0xe3, 0x3c, 0x40, 0x19, 0x82, 0x40,
    0x2c, 0xce, 0x36, 0xcc, 0xdc, 0x1, 0xa5, 0x4c,
    0x24, 0x77, 0x6a, 0x6, 0xdd, 0xf0, 0x5, 0x1,
    0x60, 0xcc, 0x42, 0x2a, 0xa, 0x48, 0xd0, 0x88,
    0x20, 0x3, 0x78, 0x10, 0x83, 0x50, 0x4, 0x14,
    0x80, 0x12, 0x50, 0x2, 0x1d, 0xb, 0xef, 0x1e,
    0x0, 0x1b, 0xb2, 0x0, 0x15, 0x24, 0x2, 0x10,
    0x27, 0x40, 0x72, 0x1, 0xe2, 0x81, 0x34, 0x62,
    0x24, 0x0, 0x5d, 0xb4, 0xc5, 0x0, 0x7e, 0x44,
    0xee, 0x65, 0xcb, 0x93, 0x88, 0x6, 0x73, 0xe0,
    0x1, 0x2, 0x3c, 0x56, 0x77, 0xf6, 0xc, 0x0,
    0x49, 0x10, 0x30, 0x21, 0xeb, 0x4c, 0x53, 0x9d,
    0x1, 0xa8, 0x0, 0x1d, 0x7, 0x67, 0xe8, 0x80,
    0x4, 0x80, 0x3c, 0x82, 0x0, 0xd1, 0x4, 0x5a,
    0xd1, 0x0, 0x18, 0x80, 0x7f, 0xa2, 0xbf, 0x65,
    0x48, 0x0, 0x22, 0xe0, 0xf, 0xf3, 0x28, 0x6,
    0x30, 0x2, 0x2, 0x0, 0x78, 0x40, 0x3c, 0xb3,
    0xd8, 0x41, 0xc4, 0x40, 0xf, 0x2f, 0x0, 0x1f,
    0x3e, 0x96, 0x74, 0x9d, 0x20, 0x3, 0xe1, 0x0,
    0xa9, 0xe7, 0xb1, 0xce, 0x61, 0x94, 0x3, 0x12,
    0xa7, 0x90, 0x3, 0x6d, 0x84, 0x1, 0x4c, 0xf2,
    0x1, 0xac, 0x6a, 0xd6, 0x40, 0x3f, 0x57, 0x40,
    0x7, 0x1f, 0x7f, 0xca, 0x0,

    /* U+7EE7 "继" */
    0x0, 0xc6, 0x60, 0xf, 0xe5, 0x20, 0xf, 0xd3,
    0xa0, 0x14, 0xa0, 0x6, 0xb7, 0x0, 0xf8, 0x55,
    0x80, 0x27, 0x25, 0xa0, 0xe, 0x5c, 0x0, 0xcc,
    0x12, 0x1, 0xc8, 0xa2, 0x1, 0xbd, 0x40, 0x35,
    0x28, 0x80, 0x70, 0x9b, 0x80, 0x42, 0xb6, 0x1,
    0x29, 0x40, 0x14, 0x0, 0x6b, 0xc0, 0x9, 0x90,
    0x80, 0x28, 0x62, 0x8, 0x60, 0xc, 0xb8, 0x1,
    0x14, 0x0, 0x4e, 0x50, 0x4a, 0xaa, 0x0, 0x91,
    0xcd, 0x47, 0x41, 0x94, 0x89, 0x1, 0xdb, 0x4a,
    0x80, 0x15, 0x56, 0x7, 0xaa, 0x94, 0x9e, 0xb1,
    0x86, 0xc0, 0x37, 0x7f, 0x94, 0xf, 0xfe, 0x70,
    0x85, 0x6, 0xa1, 0x0, 0xf1, 0xa0, 0xd, 0x80,
    0x70, 0xeb, 0xa0, 0x7, 0xd1, 0x23, 0xd, 0x0,
    0x1b, 0x4f, 0x1e, 0xb0, 0x3, 0x32, 0xb8, 0x3,
    0xdd, 0x80, 0x18, 0x65, 0x74, 0x74, 0x1, 0x1c,
    0xd8, 0x4, 0x53, 0x22, 0x5, 0x8b, 0xfd, 0x96,
    0x0, 0xa1, 0x54, 0x1, 0x9a, 0x8, 0x25, 0xd0,
    0x3, 0xe9, 0xa0, 0xf, 0x38, 0x7, 0xa, 0x46,
    0x18, 0x0, 0x80, 0x3f, 0xcd, 0x3b, 0xd6, 0x88,
    0x20, 0xf, 0x62, 0x80, 0x74, 0xaa, 0xaf, 0xf2,
    0x4, 0x27, 0xff, 0x6f, 0xfe, 0xa0, 0xfc, 0x84,
    0x0, 0xd7, 0x33, 0xfe, 0xe0,

    /* U+7EED "续" */
    0x0, 0xc4, 0x1, 0xf9, 0x88, 0x3, 0xfd, 0xae,
    0x1, 0xe1, 0x97, 0x0, 0xfe, 0x60, 0x60, 0x9,
    0x56, 0x70, 0xc5, 0x58, 0xc0, 0x3a, 0xd4, 0x40,
    0x5, 0x55, 0x48, 0x35, 0x56, 0x0, 0xc8, 0x50,
    0x1, 0x17, 0xfd, 0xc1, 0x5f, 0xf4, 0x80, 0x68,
    0x62, 0x8, 0x10, 0xf, 0xfe, 0x12, 0x9c, 0x3,
    0xb0, 0x7f, 0xee, 0xa, 0xff, 0xd2, 0x3, 0x72,
    0x25, 0x30, 0x37, 0x7f, 0xd4, 0x18, 0x14, 0x33,
    0xfa, 0x6c, 0x8, 0x83, 0x44, 0x7, 0x22, 0xc,
    0x14, 0x35, 0xea, 0x42, 0x40, 0x36, 0xf1, 0x92,
    0x80, 0x29, 0x80, 0xd, 0xb, 0x6c, 0x80, 0x4,
    0x45, 0x47, 0x8, 0x5, 0xd0, 0x1, 0xa0, 0x24,
    0x2, 0x1a, 0x96, 0xd0, 0x10, 0x1, 0x8, 0x4,
    0xaf, 0x51, 0x9c, 0xb, 0xe8, 0xc1, 0xc6, 0x1,
    0xe5, 0xa0, 0x84, 0x46, 0x92, 0xa5, 0x9a, 0xa8,
    0x15, 0x72, 0x1, 0x2d, 0x76, 0x41, 0xa5, 0x52,
    0x6a, 0x86, 0x55, 0x5a, 0x41, 0xe9, 0x44, 0x0,
    0x8d, 0xff, 0xa0, 0x3b, 0xff, 0x68, 0x6, 0x39,
    0xeb, 0x0, 0xc7, 0xc, 0xba, 0x60, 0x18, 0xa3,
    0xb1, 0x63, 0xc0, 0x23, 0xd3, 0x94, 0x46, 0x38,
    0x5, 0xc, 0xcd, 0xc6, 0x0, 0x9f, 0xb, 0x40,
    0x13, 0x51, 0x40, 0xb, 0xe8, 0x20, 0x9, 0x7a,
    0x1f, 0x4, 0x2, 0x5c, 0x4b, 0x1, 0x0, 0xf3,
    0x3f, 0x40, 0x7, 0x8f, 0x8, 0x0,

    /* U+7F16 "编" */
    0x0, 0xc2, 0x60, 0x1f, 0xb, 0x0, 0x7f, 0xa7,
    0x4, 0x3, 0xc7, 0x28, 0x1, 0xfc, 0xca, 0x20,
    0x1e, 0x24, 0xe0, 0xf, 0xc8, 0x32, 0x1, 0x6f,
    0xfe, 0x45, 0xff, 0xc6, 0x1, 0x79, 0x98, 0x3,
    0x36, 0x67, 0xd4, 0x1, 0x8d, 0x3c, 0x15, 0x80,
    0x2, 0x67, 0xf3, 0x80, 0x68, 0x53, 0xb, 0xf0,
    0x1, 0x19, 0xfc, 0x80, 0x12, 0xa4, 0x94, 0xc,
    0x0, 0x17, 0x33, 0xe9, 0x0, 0xa8, 0x33, 0x5e,
    0x4, 0x1, 0x1f, 0xff, 0xc6, 0x11, 0x38, 0x82,
    0xe0, 0x3, 0x0, 0xff, 0xe0, 0x3b, 0x3a, 0x50,
    0x6, 0xaf, 0xff, 0xe6, 0x0, 0xa5, 0xd0, 0x2,
    0x11, 0x16, 0x58, 0x61, 0x4e, 0x10, 0x5, 0x41,
    0x6d, 0x28, 0x20, 0xe0, 0x6a, 0x26, 0x2a, 0x62,
    0x0, 0x95, 0x2c, 0x83, 0x73, 0x2, 0x0, 0xff,
    0x8d, 0x27, 0x7a, 0x8d, 0xc3, 0x80, 0xd0, 0x4c,
    0x54, 0xc4, 0x1, 0x56, 0xc4, 0x0, 0x1d, 0x31,
    0x2c, 0xa0, 0xc2, 0x9c, 0x20, 0xe, 0x39, 0xf9,
    0x45, 0x2, 0xfe, 0x1f, 0x3c, 0xf3, 0x0, 0x9b,
    0x30, 0x93, 0x47, 0x80, 0x1f, 0xfc, 0xe, 0x97,
    0xbd, 0x65, 0x5, 0x0, 0xff, 0xe0, 0x46, 0xda,
    0x0, 0x29, 0x80, 0x3f, 0x38, 0x88, 0x0, 0xc4,
    0x1, 0xa6, 0xc0, 0x30, 0xf0, 0x62, 0x71, 0xa0,
    0x7, 0xc8, 0x40, 0xda, 0x1, 0xef, 0xe2,

    /* U+7F51 "网" */
    0x1, 0x1f, 0xfe, 0x30, 0x3, 0xbb, 0xff, 0x8c,
    0x20, 0x5, 0xbb, 0xff, 0xe1, 0x30, 0x6, 0xd4,
    0x4f, 0xfe, 0x17, 0x80, 0x7f, 0x17, 0x98, 0x6,
    0xc7, 0x0, 0xf8, 0x90, 0x0, 0x80, 0x6a, 0x1,
    0x19, 0x0, 0x7c, 0xb6, 0x41, 0xe4, 0x34, 0xe0,
    0x80, 0xe0, 0x1f, 0x3a, 0x78, 0x22, 0x6, 0x60,
    0xcc, 0x24, 0x1, 0xfa, 0x8e, 0x8b, 0x1, 0x97,
    0x6d, 0x0, 0x3f, 0x86, 0x94, 0x10, 0x1, 0x60,
    0x78, 0x1, 0xfe, 0x43, 0x0, 0xc3, 0x0, 0x60,
    0x1f, 0xe2, 0x30, 0xb0, 0xa, 0x82, 0x0, 0x3f,
    0xd6, 0x36, 0xa8, 0x6, 0x69, 0x27, 0x0, 0xfc,
    0x2d, 0x8, 0xb2, 0x10, 0x6d, 0x10, 0x10, 0xf,
    0xb4, 0x98, 0x22, 0xd9, 0x20, 0x1c, 0x5c, 0x3,
    0xd2, 0x7c, 0x0, 0x25, 0x96, 0x40, 0x6, 0xb0,
    0x7, 0x7a, 0x41, 0x80, 0x5e, 0x72, 0x1, 0x18,
    0x7, 0xbf, 0x5c, 0x3, 0x66, 0x80, 0x7f, 0xf1,
    0xc4, 0x0, 0x2e, 0xcc, 0xd0, 0x10, 0xf, 0xfe,
    0x8, 0xd4, 0xc9, 0xa4, 0x0,

    /* U+7F6E "置" */
    0x3, 0xcc, 0xff, 0xe2, 0x50, 0x4, 0x75, 0x10,
    0x93, 0xb8, 0x88, 0xd6, 0x22, 0x6, 0x0, 0xc8,
    0x98, 0x11, 0x30, 0xfa, 0x24, 0xc0, 0x1c, 0xe4,
    0x45, 0x5, 0x22, 0x87, 0x88, 0xa1, 0x0, 0xc3,
    0x79, 0x8a, 0x18, 0xdd, 0x60, 0xb6, 0x64, 0xae,
    0x0, 0x3e, 0xef, 0x85, 0xbb, 0xbe, 0xb0, 0x5f,
    0xff, 0xc2, 0xdf, 0xff, 0x99, 0x33, 0x3e, 0x80,
    0xac, 0xcf, 0xce, 0x26, 0x62, 0x11, 0xde, 0xe,
    0x23, 0xe3, 0x30, 0x80, 0x51, 0xbf, 0xf2, 0x97,
    0xff, 0x6f, 0x80, 0x7c, 0x5b, 0xbf, 0xe6, 0x0,
    0xfc, 0x5d, 0xdf, 0xe6, 0x0, 0xfc, 0x5d, 0xdf,
    0xe6, 0x0, 0xfc, 0x5f, 0xff, 0xe6, 0x0, 0xfc,
    0x5f, 0xff, 0xe6, 0x0, 0xfe, 0x33, 0xff, 0x10,
    0x7, 0xe2, 0x88, 0xff, 0x28, 0x7, 0xe2, 0xbb,
    0xff, 0x38, 0x6, 0x11, 0x8c, 0x4, 0x7f, 0xc6,
    0x2, 0x34, 0xf7, 0x14, 0xbb, 0xbf, 0xca, 0x5d,
    0xcf,

    /* U+80FD "能" */
    0x0, 0x90, 0x80, 0x3c, 0xc4, 0x1, 0xfe, 0x1a,
    0xe0, 0xf, 0x4a, 0x0, 0x7f, 0xa4, 0x78, 0x39,
    0x80, 0x3f, 0x14, 0x90, 0x4, 0x4e, 0xe2, 0x9,
    0x91, 0x0, 0x73, 0x66, 0xa3, 0x80, 0x5e, 0x70,
    0x0, 0x72, 0xe0, 0xa, 0xfe, 0x17, 0x35, 0x40,
    0x14, 0x44, 0xde, 0xff, 0x11, 0xa0, 0x1, 0xf3,
    0xa4, 0xc0, 0x37, 0xb4, 0xc5, 0x66, 0xf2, 0x68,
    0x3, 0xc, 0x3, 0x2a, 0x81, 0x65, 0xd5, 0xc,
    0x86, 0xe4, 0x3, 0xf6, 0x48, 0x2, 0x67, 0xf0,
    0x5, 0x84, 0x58, 0xd1, 0x40, 0xe, 0xa6, 0x79,
    0x1c, 0x0, 0xcb, 0xbb, 0xb0, 0xe8, 0x2, 0xba,
    0xac, 0xa0, 0x14, 0xf6, 0xef, 0x71, 0x80, 0x5c,
    0x67, 0x88, 0x2, 0xd4, 0x22, 0xe0, 0xe, 0x6c,
    0xcc, 0xa0, 0x11, 0x18, 0x4, 0x30, 0xc0, 0x1a,
    0x3f, 0xf3, 0x80, 0x79, 0x27, 0x9f, 0x80, 0x3f,
    0xf8, 0x55, 0xd6, 0x53, 0xf0, 0x1, 0xa3, 0xff,
    0x38, 0x6, 0x7a, 0xfb, 0x60, 0xf, 0x3e, 0xee,
    0x60, 0xd, 0xa8, 0x1, 0x8d, 0x40, 0x2f, 0x22,
    0xc2, 0x1, 0xfe, 0x6a, 0x0, 0xff, 0xe0, 0x88,
    0x7, 0x10, 0x80, 0x70, 0xb2, 0x99, 0x80, 0x3,
    0x4e, 0xfa, 0x25, 0xc0, 0x38, 0x62, 0x9a, 0xc0,
    0x14, 0xd5, 0x59, 0x52, 0x0,

    /* U+81EA "自" */
    0x0, 0xf9, 0x8c, 0x3, 0xff, 0x82, 0x72, 0x80,
    0x1f, 0xfc, 0x1b, 0x6, 0x0, 0xf8, 0x99, 0xb9,
    0x49, 0xd9, 0xbc, 0x6f, 0x33, 0xc4, 0x49, 0x9f,
    0xa8, 0x1, 0xbf, 0xff, 0xf0, 0x80, 0x7f, 0xf5,
    0xe9, 0x9b, 0xfe, 0x10, 0x9, 0xe6, 0x7f, 0xe0,
    0xd, 0xbf, 0xff, 0xf0, 0x80, 0x7f, 0xf5, 0xf7,
    0xbb, 0xfe, 0x10, 0x9, 0xe2, 0x3f, 0xe0, 0xd,
    0x4c, 0xdf, 0xf0, 0x80, 0x7f, 0xf5, 0xf7, 0xff,
    0xfe, 0x10, 0x9, 0xe6, 0x7f, 0xe0, 0xd, 0x4c,
    0xdf, 0xf1, 0x8,

    /* U+8207 "與" */
    0x0, 0xe2, 0x1, 0x40, 0xf, 0xfe, 0x11, 0xd6,
    0xba, 0x50, 0x6, 0x24, 0x4c, 0x1, 0xb7, 0x6,
    0x9c, 0x4, 0x3, 0x2d, 0xde, 0x20, 0x8, 0xaa,
    0xd4, 0x2, 0xff, 0xa5, 0xff, 0xd8, 0x6, 0x1,
    0xfe, 0xbb, 0xc0, 0x1f, 0xe2, 0x28, 0x0, 0x28,
    0x91, 0x0, 0x4e, 0x1, 0xe8, 0xdd, 0x30, 0x9,
    0x9c, 0x2b, 0xfe, 0xb0, 0xe, 0x17, 0xdd, 0x30,
    0x3, 0x32, 0x94, 0xcc, 0x40, 0x8, 0x4, 0x7e,
    0x44, 0x5, 0xff, 0x8c, 0x4, 0xcc, 0x40, 0x1e,
    0xf0, 0x9, 0x38, 0x3, 0xff, 0x82, 0x2f, 0xfe,
    0x70, 0xf, 0x37, 0xfa, 0x80, 0x3c, 0xb9, 0x86,
    0x0, 0xf2, 0x5d, 0x94, 0x40, 0x33, 0x99, 0xc2,
    0x1, 0xe2, 0x44, 0x10, 0x7, 0x8c, 0x3, 0xff,
    0x82, 0x60, 0xe, 0xf4, 0x5f, 0xfa, 0xc7, 0xfc,
    0x6f, 0xff, 0x39, 0x7f, 0x44, 0xcf, 0x44, 0xcf,
    0x44, 0x26, 0x7a, 0x19, 0xb8, 0xe4, 0x19, 0xb0,
    0x48, 0x33, 0x70, 0x4, 0x35, 0x47, 0x70, 0x6,
    0x76, 0x9e, 0x60, 0xc, 0x33, 0xc9, 0x72, 0x20,
    0x1d, 0x1c, 0xf3, 0x86, 0x9, 0xcf, 0x3c, 0x80,
    0x1f, 0x86, 0x70, 0x70, 0x92, 0x79, 0x80, 0x3f,
    0xf8, 0x7, 0xb6, 0x40,

    /* U+8272 "色" */
    0x0, 0xf8, 0x48, 0x3, 0xff, 0x91, 0x58, 0x1,
    0xff, 0xc7, 0x54, 0x56, 0x6f, 0x0, 0x7f, 0xf0,
    0xa, 0x81, 0x26, 0x7c, 0x80, 0x1f, 0xe1, 0xf2,
    0xef, 0xfd, 0x80, 0xc8, 0x1, 0xfc, 0x58, 0x78,
    0x20, 0x11, 0x6a, 0x48, 0x7, 0xf1, 0xe1, 0x32,
    0x2a, 0xef, 0x1d, 0x55, 0xe0, 0xd, 0x18, 0x0,
    0x7a, 0xae, 0x20, 0x9a, 0xad, 0x60, 0x18, 0xd7,
    0x42, 0xff, 0xf3, 0x87, 0xff, 0x38, 0x7, 0x55,
    0x4, 0x3, 0xde, 0x1, 0xff, 0xc0, 0x10, 0xf,
    0xff, 0x1d, 0xff, 0xe8, 0xf, 0xfe, 0x70, 0xf,
    0xe6, 0x88, 0xff, 0x90, 0x3, 0xfb, 0x5d, 0xff,
    0xef, 0x90, 0xf, 0xfe, 0x42, 0x38, 0x90, 0x7,
    0xff, 0x21, 0x34, 0x40, 0x3f, 0xf8, 0xe4, 0x2,
    0x1, 0x18, 0x8, 0x7, 0xff, 0x6, 0xcc, 0x3,
    0x9, 0x5c, 0x32, 0xaf, 0xf3, 0x59, 0xc8, 0x7,
    0x7a, 0x34, 0xd5, 0x7f, 0x4b, 0x4a, 0x80,

    /* U+8282 "节" */
    0x0, 0xe4, 0x70, 0xf, 0x41, 0x80, 0x7f, 0xb2,
    0x40, 0x38, 0x5d, 0x40, 0x3f, 0xf9, 0xbd, 0xff,
    0x9c, 0x7f, 0xfb, 0x82, 0x7f, 0xf4, 0xc4, 0x71,
    0x84, 0x47, 0x38, 0x24, 0x46, 0xd6, 0x77, 0xc8,
    0x2e, 0xfd, 0x21, 0xae, 0xf9, 0x0, 0x3f, 0xf9,
    0xb1, 0xc0, 0x1c, 0x3e, 0xc0, 0x1e, 0x67, 0x7f,
    0xfe, 0x19, 0x80, 0x55, 0x11, 0xff, 0xc3, 0x40,
    0xb, 0x3f, 0xf8, 0x23, 0xff, 0xe0, 0xf, 0xff,
    0xf8, 0x7, 0xff, 0x30, 0x40, 0x3f, 0xf8, 0x9b,
    0xb7, 0x81, 0x80, 0x7f, 0xf0, 0x95, 0xdc, 0xd4,
    0x80, 0x1f, 0xfc, 0x28, 0xaa, 0x42, 0x80, 0x7f,
    0xf7, 0xc0,

    /* U+87A2 "螢" */
    0x0, 0xc2, 0xe2, 0x1, 0xf3, 0x18, 0x7, 0x90,
    0x56, 0x0, 0x4, 0x0, 0x41, 0x9, 0x50, 0x1,
    0x0, 0x6, 0xcc, 0x80, 0x4f, 0x48, 0x6c, 0xc8,
    0x8, 0x23, 0xc0, 0x14, 0xa5, 0x88, 0x3d, 0x25,
    0x4a, 0x4a, 0x8, 0xad, 0xe0, 0x63, 0x44, 0xac,
    0xb0, 0xc4, 0x34, 0x52, 0xc, 0x3a, 0x40, 0x74,
    0x78, 0x6f, 0x64, 0x5, 0x49, 0x85, 0x32, 0x81,
    0x0, 0x2d, 0x62, 0xe5, 0x52, 0x20, 0xbb, 0x69,
    0x8d, 0xcf, 0xae, 0x6, 0x17, 0x60, 0x2, 0xe4,
    0xa2, 0xed, 0x0, 0x6, 0xe3, 0x1, 0xd6, 0xff,
    0xf6, 0x77, 0x1f, 0x7f, 0xfa, 0x10, 0x40, 0xf,
    0x77, 0xe5, 0x7b, 0xbf, 0x30, 0x6, 0xd4, 0x4f,
    0x81, 0x13, 0xde, 0x1, 0x18, 0xa2, 0xaf, 0x9,
    0xaa, 0xf2, 0x19, 0x84, 0x58, 0x91, 0x73, 0x38,
    0x16, 0x67, 0x5c, 0xae, 0x0, 0x73, 0xe6, 0x61,
    0x6c, 0xcc, 0xc0, 0x1f, 0xfd, 0x6, 0xff, 0xc2,
    0xff, 0xf9, 0xc0, 0x3e, 0xec, 0xce, 0x5, 0xcc,
    0xa1, 0x38, 0x3, 0xc4, 0x67, 0xc2, 0x46, 0x72,
    0x2f, 0x88, 0x4, 0x46, 0x72, 0x24, 0xa2, 0x6c,
    0xc7, 0x47, 0x3c, 0x10, 0x6, 0x66, 0xbb, 0xa8,
    0x16, 0x2e, 0xe2, 0x43, 0xc1, 0xc, 0xde, 0xeb,
    0xff, 0x77, 0x37, 0x31, 0x76, 0xc6, 0x20,

    /* U+884C "行" */
    0x0, 0xe2, 0x20, 0x7, 0xff, 0x18, 0x73, 0x80,
    0x21, 0x1f, 0xf0, 0x6, 0x1c, 0x3d, 0x0, 0x47,
    0x77, 0xf9, 0x0, 0x5, 0x87, 0x82, 0x0, 0xab,
    0xbf, 0xf2, 0x82, 0xe8, 0x60, 0x80, 0x44, 0x89,
    0xfe, 0x12, 0xa4, 0xd2, 0x6, 0x70, 0xf, 0xfe,
    0x9, 0x5d, 0x80, 0x5, 0x3e, 0x1, 0xff, 0xc2,
    0x40, 0xb, 0xce, 0x0, 0x3f, 0xf8, 0xb6, 0x7a,
    0xf, 0xff, 0xff, 0x70, 0x5, 0x48, 0xc2, 0xb,
    0x55, 0xf0, 0x25, 0x52, 0xc0, 0x16, 0xa0, 0x18,
    0x95, 0x7e, 0x13, 0x55, 0x87, 0x12, 0x84, 0x3,
    0xff, 0x88, 0x47, 0x6a, 0x1, 0xff, 0xc5, 0x3e,
    0x40, 0xf, 0xfe, 0x38, 0x80, 0x7f, 0xff, 0xc0,
    0x3f, 0xfb, 0x8c, 0xd3, 0x8f, 0x80, 0x7f, 0xf0,
    0xf6, 0x66, 0x46, 0x0, 0xfb, 0xe0, 0x3, 0xd7,
    0xfe, 0xeb, 0x10, 0x8,

    /* U+8868 "表" */
    0x0, 0xff, 0x29, 0x0, 0x7f, 0xf2, 0x29, 0x40,
    0x3f, 0xf8, 0x8, 0x9f, 0x28, 0x6a, 0x27, 0xc4,
    0x1, 0xa6, 0xef, 0xd4, 0xb, 0x77, 0xf8, 0x3,
    0x6f, 0xff, 0xc1, 0x1f, 0xff, 0x48, 0x7, 0x9,
    0x17, 0x83, 0x88, 0xbc, 0x20, 0x1e, 0xdd, 0xf8,
    0x1b, 0x77, 0xd0, 0x1, 0xed, 0xee, 0xf0, 0x3f,
    0x77, 0xa4, 0x3, 0xc2, 0x3f, 0x7, 0x88, 0xf8,
    0x3, 0xaf, 0xff, 0xf0, 0x47, 0xff, 0xe4, 0x0,
    0x7d, 0x57, 0x8c, 0x14, 0x1e, 0xab, 0xe5, 0x0,
    0x22, 0xae, 0x4f, 0x39, 0xa3, 0x25, 0x5c, 0x9a,
    0x82, 0x1, 0xe5, 0xf4, 0xb6, 0x8, 0x53, 0x0,
    0x16, 0x31, 0x0, 0x72, 0x65, 0xe, 0x20, 0x1,
    0xf, 0x81, 0x70, 0x7c, 0xc0, 0x26, 0xcb, 0x5,
    0x2, 0x0, 0xdc, 0x7b, 0x53, 0x82, 0x1, 0xad,
    0xf3, 0x1a, 0x1, 0xe2, 0xa2, 0x47, 0x0, 0xf6,
    0xd9, 0x80, 0x7e, 0x14, 0x94, 0xd2, 0x0, 0xff,
    0xe0, 0xb, 0x57, 0xd8, 0x36, 0x1e, 0xc0, 0x80,
    0x7d, 0xa1, 0x9d, 0x23, 0x36, 0x0, 0x3f, 0x57,
    0xe9, 0x0, 0xe1, 0x50, 0x79, 0xeb, 0x61, 0x0,
    0x86, 0xb9, 0xb4, 0x3, 0x86, 0xba, 0xd8, 0x40,
    0x3f, 0xc, 0xa0, 0x0,

    /* U+8981 "要" */
    0x35, 0x5f, 0xfe, 0x30, 0xdd, 0x57, 0xff, 0x19,
    0x63, 0xff, 0x9c, 0xbf, 0xea, 0xf, 0xff, 0x20,
    0x9, 0x16, 0x13, 0x22, 0xc0, 0x45, 0xc0, 0x13,
    0x6e, 0xe6, 0x1d, 0xda, 0x3, 0x77, 0x94, 0x3,
    0x77, 0x4e, 0x3d, 0xd4, 0x86, 0xf7, 0x30, 0x3,
    0x84, 0x70, 0x18, 0x8c, 0x60, 0x42, 0x22, 0x0,
    0xff, 0xe6, 0x8f, 0xfc, 0xe5, 0xff, 0x50, 0x7f,
    0xdc, 0x1, 0x96, 0xef, 0x8c, 0xae, 0xff, 0x90,
    0x0, 0x48, 0x99, 0x8d, 0x51, 0x3f, 0x84, 0x15,
    0x7d, 0x21, 0xca, 0xbf, 0xe3, 0xba, 0xae, 0x40,
    0x9a, 0xaf, 0xf4, 0xf7, 0xfd, 0xc2, 0xbf, 0xfe,
    0x60, 0xef, 0xfa, 0x80, 0x36, 0x9d, 0x0, 0x73,
    0x32, 0x4, 0x3, 0xe9, 0x33, 0x53, 0xa0, 0x2,
    0x64, 0xce, 0x1, 0xfa, 0x72, 0x2, 0xaf, 0xf9,
    0x92, 0x0, 0x3f, 0xc6, 0x98, 0xe2, 0xa, 0x49,
    0xd8, 0xe4, 0x1, 0x35, 0x5e, 0xfe, 0xc8, 0xcf,
    0x5e, 0xf4, 0xb4, 0x6e, 0x9c, 0xc, 0x49, 0x6b,
    0x7e, 0xdc, 0x40, 0x2, 0xd5, 0xf4, 0xc4, 0x0,

    /* U+89E3 "解" */
    0x0, 0xc2, 0x1, 0xff, 0xc9, 0xc9, 0x0, 0xe1,
    0x1f, 0xf0, 0x6, 0x32, 0x14, 0x41, 0x80, 0x2b,
    0xbb, 0xf5, 0x80, 0x6a, 0x6, 0xaa, 0x61, 0x85,
    0x6e, 0x94, 0xb7, 0x63, 0x30, 0x6, 0x77, 0x77,
    0x24, 0xcc, 0x2, 0x44, 0x44, 0x11, 0x42, 0x20,
    0xa, 0x2, 0x40, 0x13, 0x20, 0xc, 0xc3, 0x40,
    0x11, 0xf0, 0x0, 0xdc, 0x73, 0x74, 0x31, 0xa8,
    0x7, 0x26, 0x60, 0x1, 0x9, 0x0, 0x3c, 0x1,
    0xdc, 0x2a, 0xe2, 0x17, 0xc1, 0xd0, 0xcd, 0xd0,
    0xa0, 0x3, 0x60, 0x4c, 0xc0, 0x86, 0x21, 0x67,
    0x82, 0x1f, 0x15, 0xe0, 0x10, 0x90, 0x7, 0xc3,
    0xba, 0xe3, 0xd, 0x5, 0x10, 0xe, 0x1c, 0xc0,
    0x6e, 0x8, 0xa, 0x19, 0x8, 0x8c, 0x3, 0xf7,
    0xf8, 0x27, 0xc0, 0x2e, 0xe, 0xe0, 0x4f, 0xfa,
    0xc0, 0x23, 0x13, 0x30, 0x21, 0x88, 0x1a, 0x4d,
    0xd8, 0x1e, 0xed, 0x20, 0x10, 0x80, 0x7c, 0x3e,
    0xac, 0x88, 0xd, 0x44, 0x10, 0x5, 0xe3, 0x76,
    0xd, 0xb1, 0x17, 0x58, 0x7, 0xfc, 0x25, 0xba,
    0xb, 0xd0, 0x4, 0x77, 0xfc, 0x15, 0xff, 0x20,
    0x0, 0x95, 0x98, 0xc, 0xc1, 0xe, 0xaa, 0xa4,
    0x1a, 0xaa, 0x50, 0x2, 0xe8, 0x7, 0xc8, 0xab,
    0x30, 0x62, 0xac, 0x20, 0x62, 0xe0, 0x1f, 0xfc,
    0x79, 0x42, 0x0, 0x32, 0xa0, 0x80, 0x7f, 0xf0,
    0xb8, 0x2, 0x9c, 0xb3, 0x50, 0xf, 0xfe, 0x5,
    0x28, 0x6, 0x8f, 0xc1, 0x0, 0xef, 0x50, 0xc,

    /* U+89E6 "触" */
    0x0, 0xc8, 0x20, 0x1f, 0x89, 0x80, 0x3f, 0x8a,
    0xdc, 0x3, 0xf2, 0x48, 0x80, 0x7e, 0xa0, 0x2,
    0x20, 0x80, 0x3f, 0xf8, 0x8c, 0x11, 0x57, 0xe0,
    0x1f, 0xfc, 0x35, 0x1c, 0xee, 0x15, 0x80, 0x4,
    0x70, 0x10, 0x8c, 0x1, 0xad, 0x4c, 0x14, 0xd8,
    0x1, 0xdd, 0x40, 0x67, 0x73, 0xc0, 0x29, 0x15,
    0xff, 0x50, 0xff, 0x0, 0x33, 0xe8, 0x3f, 0xd4,
    0x1, 0x1b, 0x3, 0xe4, 0x16, 0x40, 0x7, 0x8,
    0x7, 0xc7, 0x85, 0xc6, 0x42, 0x66, 0x0, 0xff,
    0xe1, 0x18, 0x7, 0xff, 0x2e, 0x7e, 0x8f, 0xec,
    0x3, 0xff, 0x88, 0xfb, 0x5, 0xb2, 0x1, 0x22,
    0x30, 0x11, 0x1a, 0x1, 0xee, 0x22, 0x9, 0x10,
    0x2, 0x8b, 0x70, 0xbb, 0x38, 0x7, 0x18, 0x4,
    0x20, 0x1b, 0xfe, 0x90, 0xef, 0xf7, 0x0, 0x61,
    0x9f, 0xa2, 0xfb, 0x0, 0xfc, 0x6e, 0x1, 0xea,
    0xd9, 0x2d, 0x90, 0xf, 0xcf, 0x2, 0x1, 0x8,
    0x21, 0x18, 0x91, 0x0, 0x3f, 0x21, 0x48, 0x4,
    0x40, 0x20, 0x1f, 0xfc, 0x3, 0x33, 0xb8, 0x2,
    0x44, 0x0, 0x7c, 0x6d, 0x15, 0x61, 0xb8, 0xa0,
    0xa0, 0xb, 0xd0, 0xc, 0x46, 0x13, 0x27, 0x53,
    0x47, 0xad, 0x4e, 0x2, 0x36, 0x0, 0xd5, 0xd,
    0xd3, 0x9d, 0xcb, 0x85, 0x2d, 0x40, 0x2d, 0x0,
    0x97, 0x23, 0xe1, 0x18, 0xc4, 0x3, 0x9b, 0x80,

    /* U+89F8 "觸" */
    0x0, 0x84, 0x3, 0xff, 0x91, 0x74, 0x1, 0x85,
    0x13, 0xfc, 0x20, 0x1, 0x52, 0x44, 0x81, 0x6e,
    0x6a, 0xe6, 0xae, 0xa6, 0xd0, 0x0, 0xe0, 0xd5,
    0x4b, 0x50, 0x1d, 0xc1, 0xdf, 0xe, 0xd1, 0x0,
    0xad, 0xfb, 0x92, 0x6a, 0x1, 0xff, 0xc1, 0x73,
    0x80, 0x28, 0xf0, 0x0, 0xfe, 0x8f, 0xf0, 0x7f,
    0x84, 0xa, 0x7, 0xb9, 0xa1, 0xba, 0x4d, 0x80,
    0xbd, 0xdf, 0x28, 0x29, 0x4d, 0x85, 0xc1, 0x81,
    0x52, 0xa1, 0x17, 0x80, 0xa8, 0xd, 0x5, 0x14,
    0x0, 0xe4, 0xbf, 0xff, 0x30, 0x7, 0xf2, 0xc4,
    0x31, 0xab, 0x33, 0x8, 0x6, 0xbe, 0x1f, 0xc1,
    0xb8, 0x73, 0x41, 0x33, 0xc2, 0x60, 0x15, 0x70,
    0x7e, 0xf, 0xe6, 0xe8, 0xab, 0x74, 0xa0, 0x1e,
    0x10, 0x10, 0x8, 0x5a, 0x30, 0xaf, 0x18, 0xc0,
    0x2, 0x0, 0x30, 0xf, 0xcc, 0x20, 0x22, 0x0,
    0xf8, 0x62, 0x86, 0xfc, 0x2, 0x53, 0x3c, 0xe0,
    0x20, 0xe0, 0x12, 0x90, 0x1b, 0x0, 0x1e, 0xbc,
    0x6b, 0xc0, 0x80, 0x31, 0x4, 0xc0, 0xc4, 0x80,
    0x2b, 0x30, 0x53, 0x12, 0x86, 0x2, 0x8, 0x60,
    0x1f, 0xf0, 0x8a, 0xc0, 0x40, 0xc3, 0x14, 0x3,
    0xcb, 0x9b, 0xc5, 0x56, 0xe, 0xc0, 0x22, 0x5a,
    0x1, 0x52, 0x50, 0x6b, 0x8d, 0xd7, 0xf5, 0x8e,
    0x10, 0x1a, 0x18, 0x2, 0xea, 0x58, 0xdd, 0x4c,
    0x80, 0x1f, 0x2d, 0x60, 0x56, 0x1, 0xa3, 0xe0,
    0x3, 0xeb, 0xde, 0x60,

    /* U+8A02 "訂" */
    0x0, 0xc, 0x0, 0x7f, 0xf2, 0x1a, 0x0, 0x3f,
    0xf8, 0xc3, 0xe, 0x40, 0x1, 0xcc, 0xff, 0x80,
    0x33, 0x39, 0x80, 0x4c, 0xde, 0x31, 0x66, 0x83,
    0x7b, 0xa6, 0xfe, 0xe3, 0xd5, 0x78, 0x56, 0xaa,
    0x8, 0xbb, 0xf9, 0x0, 0x3f, 0xf8, 0xa, 0xbf,
    0x88, 0x3, 0xff, 0x83, 0xdf, 0xfd, 0x60, 0x1f,
    0xfc, 0x2d, 0xcc, 0xe9, 0x0, 0xff, 0xe1, 0x19,
    0xf8, 0x80, 0x3f, 0xf8, 0x5d, 0xff, 0xd4, 0x1,
    0xff, 0xc2, 0xdc, 0xce, 0x80, 0xf, 0xfe, 0x11,
    0x9f, 0x88, 0x3, 0xff, 0x85, 0xff, 0xea, 0x0,
    0xff, 0xe1, 0xbe, 0x64, 0x60, 0x1f, 0xfc, 0x4d,
    0x33, 0x98, 0x3, 0xff, 0xdd, 0x5f, 0xf2, 0x80,
    0x7f, 0xf1, 0x1e, 0xef, 0x48, 0x0, 0x5d, 0xcc,
    0xe3, 0xe0, 0x1e, 0xd4, 0x4c, 0x60, 0x1, 0x98,
    0x99, 0x23, 0x0, 0x77, 0xa8, 0x7, 0xee, 0xff,
    0x75, 0x88, 0x6,

    /* U+8A08 "計" */
    0x0, 0x84, 0x3, 0xff, 0x8f, 0x92, 0x1, 0xf9,
    0x70, 0x3, 0xf4, 0xb2, 0x0, 0x7c, 0x66, 0x10,
    0xf, 0x91, 0xc0, 0x3f, 0xf8, 0x77, 0xdd, 0x35,
    0x77, 0x48, 0x1, 0xfe, 0xfb, 0xbf, 0xca, 0x1,
    0xfe, 0x45, 0x5f, 0xc2, 0x1, 0xff, 0x67, 0xff,
    0x94, 0x3, 0xff, 0x81, 0xd9, 0x9e, 0x4b, 0xee,
    0xa4, 0x3b, 0xb5, 0x1, 0x19, 0xf8, 0x71, 0x12,
    0x30, 0x54, 0x4b, 0x43, 0x3f, 0xfc, 0xaf, 0x55,
    0x82, 0xea, 0xa7, 0xe, 0xcc, 0xf2, 0x0, 0x7f,
    0xf0, 0x8, 0xcf, 0xc2, 0x1, 0xff, 0xc0, 0x9f,
    0xff, 0x28, 0x7, 0xff, 0x5, 0x33, 0x30, 0x7,
    0xff, 0xc, 0x4c, 0xf0, 0x7, 0xff, 0xad, 0x7f,
    0xf0, 0x7, 0xff, 0xc, 0xee, 0xf9, 0x0, 0x3f,
    0xf8, 0x2c, 0x89, 0xc2, 0x1, 0xff, 0x0,

    /* U+8A0A "訊" */
    0x0, 0x13, 0x80, 0x7f, 0xf1, 0xc6, 0x10, 0x2,
    0x45, 0x5f, 0xc8, 0x1, 0xc6, 0xd2, 0x1, 0x45,
    0x57, 0xe8, 0x0, 0xf5, 0xd0, 0x5, 0x9f, 0xe1,
    0x8f, 0xf9, 0x0, 0x36, 0xf7, 0x32, 0x7b, 0xa0,
    0xf, 0xe7, 0x0, 0xa2, 0xef, 0xe0, 0xf, 0xfe,
    0xa, 0xaf, 0xe0, 0xf, 0xfe, 0x17, 0xff, 0x88,
    0x3, 0xff, 0x85, 0x99, 0xe2, 0x0, 0xff, 0xe1,
    0x19, 0xf8, 0x4, 0x60, 0xf1, 0x1c, 0x1, 0xdf,
    0xfe, 0x2e, 0xe8, 0x5f, 0xb9, 0x20, 0x1e, 0xcc,
    0xf1, 0x5d, 0xc0, 0xd7, 0x6a, 0x7, 0x0, 0xc6,
    0x7e, 0x4, 0x48, 0x79, 0x10, 0x46, 0x1, 0xdf,
    0xfe, 0x20, 0xf, 0xe1, 0x0, 0xea, 0xcc, 0x58,
    0x7, 0xf8, 0x4c, 0x3, 0x9c, 0xcc, 0x80, 0x1f,
    0xee, 0x10, 0xf, 0xfe, 0x39, 0x0, 0xc8, 0x7,
    0xff, 0x15, 0x80, 0x90, 0x80, 0x1b, 0xff, 0x0,
    0x7f, 0x88, 0x64, 0xc8, 0x1, 0x37, 0x78, 0x80,
    0x3f, 0xa1, 0x54, 0x1, 0x22, 0x70, 0x7, 0xf9,
    0xb2, 0x80,

    /* U+8A2D "設" */
    0x0, 0x88, 0x3, 0xff, 0x8e, 0x7a, 0x60, 0x1c,
    0x4c, 0xde, 0x0, 0xf1, 0xaf, 0x0, 0x72, 0x4c,
    0xf8, 0x3, 0xeb, 0x62, 0x0, 0xc2, 0x2f, 0xfa,
    0x40, 0x3b, 0x7b, 0x9e, 0xb9, 0xdc, 0x60, 0xf,
    0xfe, 0x4, 0x5d, 0xfc, 0x81, 0x84, 0x1, 0xfc,
    0xab, 0xf8, 0x8d, 0x2c, 0x3, 0xfd, 0xff, 0xe7,
    0x3d, 0x16, 0x0, 0x88, 0x3b, 0x68, 0x1, 0x99,
    0xe4, 0xc1, 0xd1, 0x0, 0x92, 0xe2, 0xf8, 0x0,
    0x67, 0xf4, 0xe9, 0x80, 0x72, 0x33, 0x10, 0x1,
    0x99, 0xe5, 0x35, 0x77, 0xfc, 0x80, 0x15, 0xdf,
    0x9b, 0xa6, 0x26, 0x7d, 0x18, 0x1, 0x3b, 0xf8,
    0xee, 0x43, 0xfb, 0xb4, 0x4, 0x80, 0x5f, 0xfe,
    0x70, 0x71, 0x80, 0x8, 0x61, 0x84, 0x3, 0x46,
    0x64, 0x20, 0x14, 0x32, 0x80, 0x2c, 0x20, 0x3,
    0x8c, 0xf8, 0x2, 0x66, 0x52, 0x52, 0xe8, 0x80,
    0x7f, 0xf0, 0xa5, 0x2d, 0x68, 0xc0, 0x3f, 0xf8,
    0x6a, 0xa0, 0x7, 0x90, 0x7, 0xaf, 0xfe, 0x20,
    0x2, 0xe5, 0x1e, 0xc2, 0xec, 0xa0, 0x6, 0x7b,
    0xbd, 0xfe, 0xa3, 0x5d, 0x27, 0xb1, 0x6b, 0xe0,
    0xb, 0x11, 0x35, 0x2, 0xe5, 0x0, 0x49, 0xd0,
    0x2e, 0x0, 0xf4, 0x0, 0xc5, 0xd4, 0x60, 0x1e,
    0x7e, 0x80,

    /* U+8AA4 "誤" */
    0x0, 0x85, 0x0, 0x3f, 0xf9, 0xf, 0x64, 0x1,
    0x8d, 0x57, 0xf8, 0x3, 0x98, 0xe4, 0x3, 0x5d,
    0x57, 0xf0, 0x7, 0xa0, 0xc0, 0x38, 0xff, 0xfd,
    0x20, 0x10, 0xf7, 0x54, 0xdd, 0xc9, 0x0, 0xff,
    0xe0, 0x8d, 0xdf, 0xd4, 0x1, 0xff, 0xc2, 0x55,
    0xf8, 0xc0, 0x5, 0x77, 0xf0, 0x6, 0x3f, 0xfe,
    0xe0, 0x6, 0xb9, 0x17, 0x91, 0x80, 0x23, 0xcc,
    0xed, 0x0, 0x2c, 0xcf, 0xf0, 0x6, 0x33, 0xf0,
    0x1, 0xdf, 0xfc, 0x80, 0x3, 0xff, 0xee, 0x1,
    0x99, 0xd1, 0x9, 0x9c, 0x60, 0x3, 0xcc, 0xed,
    0x1, 0xee, 0xce, 0x5d, 0xd9, 0xc0, 0x23, 0x3f,
    0x0, 0x78, 0x84, 0x3, 0xe2, 0xdd, 0xf0, 0x33,
    0x73, 0x8b, 0x37, 0x8, 0x9, 0x55, 0xd9, 0x48,
    0x66, 0x78, 0x89, 0x33, 0xca, 0x1, 0x33, 0x56,
    0x3, 0xff, 0xac, 0x1, 0x7f, 0xf9, 0x0, 0x3f,
    0xf8, 0x30, 0x4b, 0x20, 0x1f, 0xfc, 0x5a, 0x38,
    0x81, 0x58, 0x7, 0xdd, 0xfe, 0xc0, 0x8, 0xf5,
    0x59, 0x4a, 0x93, 0xc, 0x3, 0xaa, 0xef, 0x1e,
    0xe1, 0x34, 0x80, 0x16, 0xf, 0x2c, 0x80, 0x24,
    0x4e, 0x30, 0x3b, 0x90, 0xc, 0xf6, 0x4a, 0x40,
    0x7e, 0x20, 0x1d, 0x98, 0x40, 0xf, 0x26, 0xe0,
    0x0,

    /* U+8ABF "調" */
    0x0, 0x84, 0xc0, 0x3f, 0xf8, 0xed, 0xa0, 0x1c,
    0xab, 0xfe, 0x10, 0x9, 0xce, 0x0, 0x21, 0xaa,
    0xff, 0x28, 0x6, 0x80, 0xf, 0x77, 0xfb, 0x31,
    0xff, 0x8, 0xf, 0x75, 0x6d, 0xdc, 0x40, 0xe,
    0xba, 0x0, 0xe1, 0xbb, 0xf9, 0x40, 0x29, 0xa5,
    0x4a, 0xa0, 0x6, 0x55, 0xf8, 0x40, 0x2e, 0xd1,
    0x16, 0xe8, 0x3, 0x1f, 0xff, 0x48, 0x6, 0x77,
    0x22, 0xbb, 0x80, 0x31, 0xe6, 0x75, 0x80, 0x7f,
    0xf0, 0xcc, 0xf8, 0x80, 0xc1, 0x7f, 0xce, 0xdf,
    0xe4, 0x0, 0x8f, 0xff, 0xa4, 0x2, 0x5c, 0xcf,
    0x28, 0x4, 0x79, 0x9d, 0x60, 0x10, 0x99, 0xf8,
    0x40, 0x31, 0x9f, 0x10, 0x8, 0x3, 0x3b, 0xb5,
    0x0, 0x63, 0xff, 0xea, 0x6, 0x10, 0x18, 0xdd,
    0x30, 0x80, 0x7a, 0xf3, 0xa, 0x0, 0x32, 0x0,
    0x29, 0x9b, 0x80, 0x3e, 0x43, 0x31, 0x0, 0x31,
    0x40, 0x3f, 0xf8, 0xe9, 0x80, 0xc, 0xff, 0x48,
    0x7, 0xff, 0x0, 0xc5, 0x0, 0x15, 0xbb, 0x50,
    0x7, 0xbf, 0xe7, 0x8, 0x41, 0xf, 0x52, 0x28,
    0x40, 0x3d, 0x77, 0x81, 0x20, 0x0, 0x40, 0x10,
    0x91, 0x88, 0x6, 0x44, 0xc6, 0xc6, 0x1, 0xe4,
    0xdc, 0x25, 0x3, 0xf0, 0xd, 0x32, 0x0, 0xf9,
    0x77, 0xb4, 0x40,

    /* U+8B49 "證" */
    0x0, 0xc2, 0x1, 0xff, 0xc8, 0x9d, 0x0, 0xc6,
    0xab, 0x30, 0xd3, 0x3, 0x0, 0x7a, 0x49, 0xc0,
    0x24, 0x88, 0xa4, 0xb6, 0xa6, 0xc8, 0x3, 0xd6,
    0x1, 0x97, 0x75, 0x44, 0x6a, 0x66, 0xd0, 0x30,
    0x1e, 0xea, 0xe7, 0xb8, 0x9d, 0xc6, 0x85, 0x2,
    0x46, 0x66, 0xd8, 0xd, 0xdf, 0xcb, 0x8f, 0x23,
    0x0, 0x8, 0x38, 0xb8, 0x0, 0x2a, 0xfc, 0x21,
    0x80, 0xe8, 0x93, 0x98, 0xb8, 0x4, 0x7f, 0xfd,
    0x20, 0xb4, 0xcc, 0xbb, 0xca, 0x5a, 0x80, 0x3,
    0xcc, 0xeb, 0x7a, 0x59, 0xff, 0xe9, 0xc3, 0xb2,
    0x0, 0x19, 0xf1, 0x2c, 0x41, 0x57, 0xe4, 0xcb,
    0x20, 0x3f, 0xfe, 0x92, 0x74, 0xa8, 0x8e, 0xba,
    0x14, 0x0, 0x1e, 0x67, 0x58, 0x4, 0x3b, 0xbd,
    0x60, 0x1e, 0x33, 0xe2, 0x0, 0xff, 0xe1, 0x9f,
    0xff, 0x58, 0x6, 0x33, 0xe2, 0x0, 0xfa, 0xee,
    0x50, 0x8, 0xc7, 0x33, 0xa0, 0x3, 0xe4, 0x4b,
    0x40, 0x25, 0xb7, 0xff, 0xb9, 0x30, 0x3, 0xff,
    0x84, 0x2e, 0x60, 0x7, 0x42, 0x0, 0xff, 0xe1,
    0x28, 0xd0, 0x3, 0x54, 0x40, 0x3d, 0xff, 0x40,
    0x7, 0x22, 0x81, 0x27, 0x0, 0x7d, 0x77, 0xa0,
    0x91, 0x2d, 0x94, 0x81, 0x4, 0x48, 0x3, 0x22,
    0x63, 0x5b, 0xba, 0x2a, 0xd4, 0x6e, 0xf0, 0x0,

    /* U+8B66 "警" */
    0x0, 0x8a, 0x40, 0x7, 0x0, 0x18, 0x64, 0x40,
    0x3e, 0x9a, 0x96, 0xaa, 0x7b, 0xd5, 0x10, 0x25,
    0x4, 0x3, 0xec, 0xf3, 0xc, 0xf5, 0x1f, 0xf3,
    0xb, 0x9e, 0xef, 0x58, 0x1, 0x51, 0xa5, 0x96,
    0x35, 0x54, 0x50, 0x11, 0x32, 0xb2, 0xb8, 0x0,
    0xa4, 0x67, 0xfd, 0xd9, 0xee, 0xe6, 0x3c, 0x44,
    0x79, 0xb1, 0x80, 0x11, 0xeb, 0xbb, 0x8b, 0xe2,
    0x75, 0x14, 0xda, 0x0, 0x21, 0xb1, 0xac, 0xc7,
    0xc0, 0x9e, 0xe9, 0x86, 0xeb, 0x99, 0x0, 0x21,
    0xc6, 0x7d, 0xd3, 0x0, 0x4, 0x44, 0x0, 0x30,
    0x21, 0x0, 0xe3, 0x6, 0xdd, 0x31, 0xb0, 0x29,
    0x4f, 0x45, 0x5a, 0xf4, 0x18, 0x5, 0xb1, 0xba,
    0xe6, 0xb6, 0x91, 0x2b, 0xe5, 0x4d, 0x84, 0x80,
    0x0, 0xa3, 0x88, 0xdb, 0x96, 0xd3, 0x48, 0x23,
    0x9f, 0x68, 0x1, 0x1d, 0xdf, 0x68, 0xaf, 0x77,
    0xe7, 0x0, 0x4f, 0xff, 0xff, 0x19, 0x80, 0x3b,
    0x3b, 0xbf, 0xf8, 0x14, 0x1, 0xfb, 0x7f, 0xff,
    0xf8, 0x14, 0x1, 0xfa, 0xb3, 0x3f, 0xf8, 0x12,
    0x1, 0xfa, 0x7f, 0xff, 0xf8, 0x16, 0x1, 0xfb,
    0x7f, 0xbb, 0xfd, 0x98, 0x0, 0xfe, 0xbc, 0xcf,
    0xf3, 0x0, 0x7f, 0xf5, 0x27, 0xbb, 0xfc, 0xe0,
    0x1c,

    /* U+8B77 "護" */
    0x0, 0x89, 0xc0, 0x3c, 0x34, 0x20, 0x4, 0x80,
    0xf, 0x86, 0x14, 0x0, 0x26, 0x64, 0x54, 0x33,
    0x63, 0x19, 0x88, 0x3, 0x1b, 0x58, 0x1, 0x33,
    0x14, 0x15, 0x98, 0x71, 0xcc, 0x78, 0x7, 0x43,
    0x0, 0x17, 0xfd, 0xa1, 0xbf, 0xe9, 0x2f, 0xf6,
    0x80, 0xf7, 0x5e, 0xdd, 0xc9, 0x6, 0xcc, 0x16,
    0x3b, 0xbc, 0x3, 0xc, 0xcf, 0xd8, 0x14, 0x86,
    0x13, 0x0, 0x40, 0x1c, 0xef, 0xf2, 0xa1, 0xaf,
    0xfa, 0x83, 0xbf, 0xe0, 0x8, 0xb3, 0x3a, 0xc6,
    0x82, 0xbf, 0xe1, 0xaf, 0xf8, 0x2, 0x39, 0x9e,
    0xe8, 0x31, 0xae, 0xe8, 0x6b, 0xb9, 0x20, 0x10,
    0xaa, 0xfa, 0xf8, 0x2b, 0xba, 0x1a, 0xee, 0x48,
    0x4, 0x5f, 0xfd, 0xa4, 0x61, 0x7b, 0xb0, 0xde,
    0xea, 0x0, 0x22, 0xcc, 0xee, 0x0, 0xa3, 0x32,
    0x18, 0xcc, 0x40, 0x6, 0x11, 0xf0, 0x5, 0x75,
    0x50, 0xdd, 0x52, 0xd8, 0x0, 0x5b, 0xbd, 0x80,
    0x5, 0xb8, 0x8b, 0x3a, 0x22, 0x70, 0xd, 0xdf,
    0xe9, 0x0, 0x6b, 0x5f, 0x77, 0xcc, 0x20, 0x1f,
    0x18, 0x2, 0x60, 0x9e, 0x67, 0x31, 0xa0, 0x7,
    0xfc, 0x8b, 0x2b, 0x88, 0x8c, 0x4a, 0x10, 0xf,
    0xfe, 0xb, 0x5b, 0x6e, 0x9b, 0x10, 0x3, 0xdd,
    0xfe, 0xa0, 0xc, 0x46, 0x62, 0x21, 0xa0, 0x80,
    0x7a, 0xae, 0xea, 0x4a, 0xdd, 0x43, 0xee, 0x9a,
    0x3b, 0x24, 0x3, 0x22, 0x70, 0xa8, 0x3e, 0xd1,
    0x12, 0xec, 0xa6, 0x40, 0x2, 0xf1, 0x0, 0xcb,
    0xba, 0x82, 0x0, 0xc9, 0x5f, 0x40,

    /* U+8BA1 "计" */
    0x0, 0xff, 0xe0, 0x88, 0x7, 0xf2, 0x30, 0x7,
    0xe2, 0xe5, 0x0, 0xfc, 0x73, 0x0, 0x1f, 0xfc,
    0x67, 0x97, 0x90, 0xf, 0xfe, 0x33, 0x4b, 0x20,
    0x7, 0xff, 0x19, 0xb1, 0x0, 0x3f, 0xf8, 0xe6,
    0x1, 0xff, 0xc3, 0x77, 0xe0, 0xf, 0x84, 0xc,
    0x3, 0xd3, 0x11, 0x84, 0x33, 0xff, 0x60, 0x4f,
    0xff, 0xf, 0x7f, 0xa4, 0x2, 0x98, 0x8c, 0xe0,
    0xb1, 0x1c, 0x20, 0x1f, 0x2b, 0xbe, 0xa0, 0xf7,
    0x7e, 0x0, 0xff, 0xff, 0x80, 0x7f, 0xf1, 0x58,
    0x3, 0xff, 0x8c, 0x57, 0x26, 0x1, 0xff, 0xc3,
    0x10, 0xc5, 0xb3, 0x0, 0xff, 0xe1, 0xd0, 0x27,
    0xa0, 0x7, 0xff, 0xd, 0xa, 0x2c, 0x40, 0x3f,
    0xf8, 0x89, 0x8e, 0x1, 0xff, 0xc4,

    /* U+8BB0 "记" */
    0x0, 0x4a, 0x80, 0x7f, 0xf2, 0x29, 0x80, 0x2b,
    0xff, 0xfe, 0x80, 0xd, 0x2d, 0x2c, 0x0, 0xd8,
    0x8f, 0xc0, 0x1f, 0x4a, 0x48, 0x83, 0x3b, 0xfe,
    0x10, 0xf, 0xae, 0xc2, 0x1, 0xff, 0xc7, 0x40,
    0xf, 0xfe, 0x1a, 0xb3, 0x60, 0xf, 0xfe, 0x25,
    0xcc, 0xe1, 0x0, 0xff, 0xe1, 0xff, 0x72, 0x40,
    0x31, 0xbb, 0xfe, 0x10, 0x8, 0x46, 0x30, 0xc,
    0xb1, 0x1f, 0x80, 0x3f, 0xf8, 0x5d, 0xff, 0xe3,
    0xf0, 0xf, 0xfe, 0x3e, 0x38, 0x7, 0xff, 0xc8,
    0x88, 0x1, 0xf3, 0x50, 0x7, 0xf9, 0x34, 0x40,
    0x23, 0xa, 0x92, 0x0, 0xff, 0x8, 0x8, 0x5,
    0x80, 0xb7, 0x0, 0x3, 0x0, 0xfb, 0x48, 0x2,
    0x35, 0x3c, 0x40, 0x20, 0x97, 0x66, 0xe8, 0x55,
    0x0, 0x46, 0xf8, 0x40, 0x4, 0x75, 0x89, 0x9e,
    0x65, 0x80,

    /* U+8BBE "设" */
    0x0, 0xa0, 0x40, 0x38, 0x59, 0xbc, 0x60, 0x1c,
    0x2b, 0xe6, 0x1, 0x8a, 0x67, 0xc8, 0x1, 0xc3,
    0x85, 0xa4, 0x1, 0xdb, 0xff, 0x8, 0x7, 0xc3,
    0x87, 0x20, 0x13, 0x81, 0x80, 0x7f, 0xf0, 0x72,
    0x80, 0x23, 0x1, 0x0, 0xff, 0xe0, 0x88, 0x80,
    0x2a, 0x50, 0xf, 0xf3, 0xbe, 0x30, 0x0, 0xd9,
    0x48, 0x6, 0x3a, 0x99, 0x28, 0xc4, 0x64, 0x4,
    0xf4, 0xa3, 0x0, 0xd2, 0xe6, 0x60, 0x1f, 0xf8,
    0x40, 0xc, 0xba, 0xa0, 0x1c, 0x95, 0x52, 0x80,
    0x7c, 0x5e, 0xae, 0xff, 0xc2, 0x1, 0xfd, 0xb1,
    0x9, 0x9f, 0x44, 0x8, 0x3, 0xfa, 0x60, 0x7b,
    0xbc, 0x88, 0x30, 0xf, 0xf3, 0x84, 0x0, 0x65,
    0x48, 0x0, 0xff, 0xe0, 0x43, 0x98, 0x0, 0x6d,
    0xc, 0x3, 0xf8, 0x40, 0xc, 0xba, 0x63, 0x87,
    0x40, 0x1f, 0xc9, 0xec, 0x0, 0xa5, 0xdc, 0x3c,
    0x10, 0xf, 0x86, 0x6d, 0xd8, 0x2, 0xc1, 0x27,
    0x10, 0xf, 0x98, 0x6, 0xa4, 0x0, 0xbb, 0xc,
    0xed, 0xcc, 0x1, 0xea, 0x3d, 0x52, 0xaf, 0xa6,
    0xd9, 0x8d, 0x59, 0xfb, 0x50, 0xb, 0xb0, 0x80,
    0xda, 0x36, 0xc8, 0x0, 0x57, 0xb0, 0xc2,

    /* U+8BEF "误" */
    0x0, 0x13, 0x0, 0x71, 0xaa, 0xff, 0x10, 0x6,
    0x49, 0x90, 0x6, 0x9a, 0xaf, 0xe5, 0x0, 0xcd,
    0x2d, 0x20, 0x19, 0x3f, 0xfe, 0x0, 0xf9, 0xa5,
    0x90, 0x3, 0xff, 0x8e, 0xd8, 0x80, 0x1f, 0xfc,
    0x83, 0x0, 0xc9, 0xff, 0xf0, 0x6, 0x19, 0x9c,
    0x80, 0x14, 0xd5, 0x7f, 0x28, 0x4, 0xef, 0x31,
    0x80, 0x46, 0xab, 0xfc, 0x40, 0x1, 0xee, 0x84,
    0x2, 0x15, 0x5f, 0xf8, 0x3, 0xfc, 0xb5, 0x5f,
    0xf1, 0x0, 0x7f, 0x27, 0xfe, 0x80, 0xff, 0xe2,
    0x0, 0xff, 0xe1, 0x79, 0x0, 0x7f, 0xf0, 0xd9,
    0xb9, 0x1, 0x9b, 0xc0, 0x1f, 0xd3, 0x3c, 0x65,
    0x33, 0xe0, 0xf, 0xef, 0xfd, 0x80, 0x8, 0xff,
    0xe0, 0xf, 0x93, 0x90, 0x2, 0x82, 0x88, 0x10,
    0x7, 0xf0, 0xcd, 0xba, 0x0, 0x21, 0x21, 0xcb,
    0x8, 0x3, 0xe6, 0x0, 0x5c, 0x80, 0xdb, 0xc2,
    0x86, 0x1e, 0x30, 0x7, 0x88, 0xfd, 0x11, 0x7c,
    0xb6, 0xe0, 0x1, 0xc4, 0x9d, 0x70, 0xc, 0x98,
    0x20, 0xc1, 0x5c, 0x80, 0x18, 0x6a, 0xd8, 0x0,

    /* U+8C03 "调" */
    0x0, 0x1c, 0x80, 0x65, 0x5f, 0xfe, 0x0, 0x80,
    0x1d, 0xac, 0x2, 0x8a, 0xaf, 0xf8, 0xc0, 0x9,
    0x69, 0x60, 0x14, 0x7f, 0xdb, 0x5f, 0xf6, 0x80,
    0x72, 0x52, 0x28, 0x7, 0x92, 0x40, 0x3f, 0xcb,
    0x6a, 0x1, 0x8c, 0xdc, 0x26, 0x61, 0x0, 0xfc,
    0x80, 0x1d, 0xfa, 0xe5, 0xba, 0x40, 0xc, 0xab,
    0x88, 0x3, 0xb3, 0xa4, 0xfb, 0x8a, 0x1, 0xd,
    0xdd, 0x4a, 0x1, 0xff, 0xc3, 0x1e, 0xe8, 0x40,
    0x39, 0x7f, 0xd2, 0x7f, 0xee, 0x0, 0xff, 0x8c,
    0x13, 0x77, 0xd8, 0x1, 0xff, 0xc0, 0x11, 0x11,
    0x7c, 0x1, 0xff, 0x8, 0x3, 0x3f, 0xf8, 0x40,
    0x3f, 0xf8, 0x4, 0x3, 0x3b, 0xac, 0x0, 0xff,
    0xe0, 0x18, 0x30, 0x0, 0x8b, 0x0, 0x7f, 0xc2,
    0xa0, 0x60, 0x1f, 0xfc, 0x4d, 0xf8, 0x21, 0x0,
    0x5f, 0xfb, 0x80, 0x3f, 0x8, 0x95, 0x40, 0x80,
    0x14, 0x66, 0x61, 0x0, 0xf3, 0x2, 0xf8, 0xe8,
    0x3, 0x1c, 0xcf, 0x0, 0x7d, 0x4d, 0x5c, 0x48,
    0x0, 0x10, 0xc, 0xab, 0x1, 0x80, 0x5f, 0x20,
    0x70, 0x1, 0xfa, 0x2a, 0x58, 0x40, 0x22, 0x0,
    0x4a, 0x80, 0x7e, 0xdf, 0xe9, 0x0,

    /* U+8CC7 "資" */
    0x0, 0xfe, 0x27, 0x0, 0xff, 0x46, 0xc1, 0x80,
    0x6e, 0xb0, 0xf, 0xf4, 0xda, 0x66, 0x8, 0x1c,
    0xcd, 0xff, 0xf8, 0xc0, 0x5b, 0x30, 0xa7, 0x10,
    0x9c, 0xc1, 0xc6, 0x64, 0x48, 0x60, 0x18, 0xe4,
    0x9a, 0x98, 0xd4, 0xf0, 0xcd, 0x47, 0x40, 0x19,
    0x27, 0x9b, 0x94, 0x1e, 0x60, 0x70, 0xaf, 0x4,
    0x16, 0xfe, 0xce, 0xd4, 0xdf, 0xa6, 0xde, 0xa9,
    0xb2, 0xe0, 0xd, 0xa, 0xfa, 0x51, 0xdd, 0x57,
    0x20, 0x1, 0xb4, 0xef, 0xca, 0x2d, 0x77, 0x6c,
    0x37, 0x9d, 0xde, 0xf5, 0xac, 0x20, 0x8, 0x97,
    0xff, 0xfd, 0x24, 0x6, 0x1, 0xde, 0x45, 0xfe,
    0x70, 0xf, 0xd1, 0xff, 0xfe, 0xc0, 0xf, 0xd1,
    0xff, 0xfe, 0xd0, 0xf, 0xdc, 0x67, 0xfe, 0x70,
    0xf, 0xcf, 0xff, 0xfe, 0x80, 0xf, 0xd3, 0x99,
    0xfe, 0xf0, 0xf, 0xd1, 0xff, 0xfe, 0xd0, 0xf,
    0xbf, 0xd8, 0xb3, 0xdf, 0xf5, 0xad, 0x77, 0xa0,
    0x6, 0x27, 0xcc, 0x2, 0x8, 0x4, 0xe7, 0x7d,
    0x48, 0x0, 0x6e, 0xda, 0xbe, 0xa2, 0x0, 0xc7,
    0x3d, 0x61, 0x7c, 0x8d, 0x1b, 0xa7, 0x10, 0xf,
    0xe4, 0xae, 0xb4,

    /* U+8CFC "購" */
    0x0, 0xff, 0x89, 0x40, 0x23, 0x30, 0x6, 0x17,
    0x7f, 0x0, 0x49, 0x60, 0x14, 0xc8, 0x3, 0x1c,
    0x55, 0x53, 0x0, 0x88, 0xf0, 0x44, 0x99, 0x88,
    0x81, 0x0, 0xbf, 0x75, 0x60, 0x33, 0x27, 0x19,
    0x98, 0xcd, 0x32, 0x70, 0xf, 0xc3, 0xba, 0x81,
    0xdd, 0x95, 0x5b, 0xa6, 0x0, 0x9c, 0xcc, 0x40,
    0x6, 0xbb, 0xd, 0xdc, 0x88, 0xbb, 0x0, 0x6a,
    0xcc, 0x40, 0x1, 0x79, 0xc7, 0xba, 0x22, 0x77,
    0x0, 0x36, 0xff, 0xa8, 0x4, 0x4e, 0x40, 0xef,
    0xf1, 0x0, 0x7e, 0x8d, 0xd3, 0x8e, 0xec, 0x88,
    0xdd, 0x60, 0x4, 0xab, 0x60, 0x4f, 0xfe, 0xe0,
    0xcf, 0xfd, 0xc0, 0x15, 0xf7, 0x14, 0x0, 0x9f,
    0xf7, 0x6, 0x7f, 0xd2, 0x1, 0xba, 0xed, 0x20,
    0x1b, 0x37, 0x2, 0xb7, 0x46, 0x60, 0xf, 0xfe,
    0x1, 0x91, 0x1, 0x88, 0x8e, 0x1, 0xc2, 0x31,
    0x80, 0x6f, 0xf7, 0x6, 0x7f, 0x90, 0x3, 0xb3,
    0xb9, 0x20, 0x1b, 0x7b, 0x2, 0xbb, 0x86, 0x1,
    0x16, 0x56, 0xea, 0xf4, 0x44, 0x1, 0x8, 0x6,
    0x70, 0x10, 0x3, 0x51, 0x9a, 0xde, 0xe8, 0x37,
    0xb4, 0x2b, 0xb8, 0x8b, 0xc0, 0xe, 0x41, 0x13,
    0x45, 0x50, 0x3b, 0xff, 0xc8, 0xbe, 0x6, 0x9c,
    0x0, 0x82, 0x41, 0x1, 0x0, 0xff, 0x79, 0xa8,
    0x0, 0x5c, 0x3, 0xe2, 0x33, 0x31, 0x80, 0xbf,
    0x0, 0x68, 0x40, 0xf, 0x26, 0x68, 0xd0, 0x0,

    /* U+8D25 "败" */
    0x0, 0xff, 0xe1, 0x8, 0x7, 0xf2, 0xaf, 0xe0,
    0x9, 0xb8, 0x3, 0xfa, 0xab, 0xeb, 0x0, 0xb0,
    0xc0, 0x3f, 0xd9, 0xff, 0xa8, 0x3, 0x22, 0x0,
    0x3f, 0xf8, 0x6, 0x40, 0x1c, 0x62, 0x26, 0x6f,
    0x0, 0x7b, 0xe8, 0x3, 0x90, 0x1a, 0x67, 0xc0,
    0x1f, 0xfc, 0x1a, 0x6f, 0xfc, 0x15, 0xe0, 0x1f,
    0xfc, 0x4, 0x2a, 0x0, 0x84, 0x1c, 0x3, 0xff,
    0x83, 0x20, 0x1c, 0xa0, 0x40, 0x1f, 0xfc, 0x6,
    0x21, 0xa0, 0x8, 0xcc, 0x1, 0xf8, 0x40, 0x33,
    0xba, 0x1c, 0x2, 0xc4, 0x0, 0xfe, 0xf0, 0x8,
    0x61, 0x85, 0x40, 0x53, 0x0, 0x3f, 0x18, 0x80,
    0x79, 0xa0, 0x18, 0x50, 0x3, 0xf0, 0x90, 0x7,
    0xa0, 0x9a, 0x9c, 0x3, 0xf2, 0x2, 0x80, 0xc,
    0x2, 0x17, 0x92, 0xb0, 0xf, 0x79, 0xe1, 0x9,
    0xae, 0x80, 0x69, 0x2, 0x20, 0x7, 0xc2, 0xf6,
    0x98, 0x80, 0x1d, 0x40, 0x52, 0x1, 0xf5, 0x93,
    0x23, 0xd9, 0x0, 0x50, 0x99, 0x2d, 0x0, 0x1d,
    0xb, 0x20, 0x8, 0x3e, 0x1, 0xa7, 0xa3, 0x69,
    0x7b, 0x10, 0x5, 0xbd, 0x20, 0x5, 0xc4, 0xbe,
    0x96, 0xa0, 0x6, 0xa5, 0xf2, 0xe, 0xc5, 0x0,
    0xc5, 0xcb, 0x3e, 0x80, 0x19, 0x7e, 0x48,

    /* U+8D2D "购" */
    0x0, 0xff, 0xe0, 0x1a, 0x0, 0x7f, 0x8, 0xfc,
    0x1, 0x44, 0x80, 0x7e, 0x2e, 0xef, 0x80, 0x2,
    0x94, 0x1, 0xfe, 0xcc, 0xd2, 0x1, 0x38, 0x28,
    0x7, 0xf8, 0xcf, 0x28, 0x5, 0x41, 0xbf, 0xfe,
    0x60, 0xc, 0x7c, 0x1, 0x90, 0xda, 0x67, 0xc0,
    0x1f, 0x8, 0x6, 0x82, 0x96, 0x6f, 0x0, 0x7f,
    0xce, 0x72, 0x54, 0x20, 0x1c, 0x60, 0x1f, 0xc6,
    0xe8, 0x85, 0x10, 0x8, 0x40, 0x3f, 0xe4, 0x80,
    0xc4, 0x0, 0xf0, 0x80, 0x7f, 0xf0, 0x13, 0x46,
    0x80, 0x6, 0xe, 0x1, 0xff, 0x18, 0xb8, 0xba,
    0x80, 0x80, 0x79, 0xc0, 0x3d, 0x48, 0x21, 0x52,
    0x1, 0x8, 0x6, 0x12, 0x0, 0xe6, 0xf1, 0x4e,
    0x32, 0x70, 0x30, 0xd, 0xae, 0x1, 0xa4, 0x2f,
    0xac, 0x88, 0xa2, 0x2, 0x5, 0xa0, 0x9a, 0x7,
    0xc1, 0xcb, 0x3b, 0xf7, 0x5e, 0x40, 0x18, 0x8c,
    0xc9, 0xcc, 0x20, 0xf4, 0xc4, 0x0, 0x78, 0xf1,
    0x0, 0xd0, 0xa7, 0x32, 0x30, 0xf, 0xe3, 0x20,
    0x9, 0x92, 0x1, 0xd7, 0x80, 0x3f, 0x95, 0x40,
    0x7, 0x9a, 0x20, 0x5, 0x9c, 0x0, 0x65, 0x76,
    0x91, 0xc0, 0x6, 0xd2, 0x80, 0x43, 0x52, 0x1,
    0x8e, 0x25, 0xd9, 0x40, 0x14, 0xa0, 0x1c, 0x82,
    0x1, 0x9b, 0xfd, 0xd2, 0x0,

    /* U+8DEF "路" */
    0x0, 0xff, 0xe0, 0xa8, 0x80, 0x7f, 0x44, 0x7c,
    0x1, 0x25, 0x28, 0x7, 0xf3, 0xaa, 0x24, 0xae,
    0x1, 0x78, 0xb1, 0x16, 0x0, 0xf4, 0x66, 0x52,
    0x1, 0x12, 0xe, 0xef, 0x10, 0x7, 0xff, 0x6,
    0x3, 0x3b, 0xa4, 0x32, 0x0, 0xff, 0xe0, 0x2a,
    0x81, 0x4, 0x46, 0x92, 0x1, 0xe3, 0x11, 0x88,
    0xe, 0xd6, 0xa0, 0x82, 0x49, 0x40, 0x3d, 0x3d,
    0xd4, 0x87, 0x1d, 0x2a, 0x73, 0x27, 0x0, 0x7b,
    0x76, 0x17, 0xdd, 0x67, 0x80, 0x28, 0xa5, 0xcc,
    0x3, 0xc4, 0x50, 0x71, 0x10, 0x48, 0x0, 0x40,
    0x1, 0x0, 0xfa, 0x8c, 0x3, 0xf2, 0xe2, 0x5b,
    0xe0, 0x80, 0x72, 0xb8, 0x3, 0x62, 0x4, 0x4a,
    0xa4, 0x52, 0x60, 0xfb, 0x80, 0x7e, 0x64, 0x59,
    0xd5, 0x74, 0x33, 0xc, 0x84, 0x68, 0x7, 0xd7,
    0x9a, 0xe, 0xf, 0x99, 0xac, 0x52, 0x0, 0x3f,
    0xd7, 0x1, 0x1d, 0xdc, 0x38, 0xa0, 0x1f, 0xfc,
    0x11, 0x1f, 0x0, 0x7f, 0x85, 0x21, 0x40, 0x3f,
    0xf8, 0x79, 0x23, 0x16, 0xa0, 0x1f, 0xfc, 0x2e,
    0x7, 0x72, 0xd7, 0x6a, 0x80, 0x3d, 0x57, 0x84,
    0x3, 0x3c, 0xef, 0x52, 0x88, 0x6, 0x6a, 0xae,
    0x0, 0xe9, 0x62, 0x0, 0xfd, 0x3f, 0xfc, 0x40,
    0x10,

    /* U+8F09 "載" */
    0x0, 0xe2, 0x20, 0x7, 0x10, 0x80, 0x7f, 0xf0,
    0x26, 0x0, 0x3b, 0x64, 0x1e, 0x80, 0x3a, 0xb7,
    0x64, 0x5d, 0xda, 0x80, 0x40, 0xa, 0x9a, 0x40,
    0x17, 0x44, 0x44, 0x71, 0x17, 0x0, 0x4, 0xb,
    0xc3, 0x4, 0x0, 0x8a, 0xb3, 0x31, 0x56, 0x40,
    0xe, 0x1f, 0x81, 0x4, 0x55, 0xce, 0xca, 0xbc,
    0x4, 0xab, 0x39, 0xa0, 0x7d, 0xde, 0x22, 0x5d,
    0xf0, 0xa5, 0xdf, 0x48, 0x5f, 0x76, 0x54, 0xee,
    0xe4, 0x47, 0x75, 0xfd, 0xa0, 0x5f, 0xf9, 0x17,
    0xff, 0x11, 0x18, 0x2, 0xaa, 0x0, 0xb, 0x77,
    0x1a, 0x6e, 0xe2, 0xe3, 0x0, 0xa, 0x78, 0x4,
    0x67, 0x80, 0x6, 0x78, 0x4, 0x40, 0x6, 0x15,
    0x0, 0xaf, 0xf7, 0x44, 0xbb, 0xaf, 0xb0, 0x20,
    0x30, 0xa7, 0x0, 0xe6, 0xcc, 0x3b, 0x66, 0x18,
    0x0, 0xa0, 0xac, 0x56, 0x1, 0xcf, 0xba, 0x67,
    0xdd, 0x38, 0x0, 0x4b, 0xe1, 0x88, 0x3, 0x9f,
    0x74, 0xcf, 0xba, 0x70, 0x9, 0xd8, 0x20, 0x3,
    0xcf, 0xdc, 0x67, 0xee, 0x38, 0x4, 0x41, 0x2,
    0x0, 0x30, 0x5, 0x7f, 0x71, 0x5b, 0xb9, 0xf4,
    0x8, 0xe0, 0x20, 0x1, 0xc2, 0x7e, 0xec, 0xad,
    0xdd, 0xa6, 0xd1, 0x68, 0x0, 0x60, 0x4b, 0x55,
    0x8d, 0x2a, 0xa4, 0x62, 0xa9, 0x27, 0x7, 0x10,
    0x24, 0x4c, 0xc4, 0x88, 0x15, 0x2f, 0x13, 0x68,
    0xa8, 0x40, 0xf, 0xf3, 0xa6, 0x10, 0x2, 0x5d,
    0x2, 0x0,

    /* U+8F2F "輯" */
    0x0, 0xe6, 0x20, 0xf, 0xfe, 0x44, 0x20, 0x6,
    0x5f, 0xff, 0xb8, 0x2, 0x22, 0xc2, 0x22, 0x28,
    0x2, 0xcd, 0xdc, 0xc2, 0x1, 0x7e, 0xec, 0x11,
    0xbb, 0x18, 0x0, 0xc8, 0xb7, 0x0, 0x69, 0xbb,
    0x81, 0xae, 0xe2, 0x0, 0x19, 0xf7, 0x0, 0x64,
    0x4c, 0x3e, 0x89, 0x8, 0x3, 0x33, 0x98, 0x40,
    0x23, 0xfe, 0xe0, 0xcf, 0x7e, 0x2, 0xff, 0xfd,
    0xc0, 0x18, 0x7b, 0x85, 0x7d, 0x43, 0x3d, 0xdf,
    0xe2, 0x0, 0xff, 0x5c, 0x8d, 0xd5, 0x64, 0xa,
    0x20, 0x0, 0xe6, 0xa, 0x72, 0x0, 0x8c, 0x11,
    0x3b, 0x4d, 0x0, 0x32, 0x20, 0x5d, 0x18, 0x3,
    0x22, 0x76, 0x80, 0x70, 0xc4, 0xf, 0xa3, 0x80,
    0x35, 0xd5, 0x65, 0x0, 0xe1, 0x44, 0x1e, 0x26,
    0x80, 0x6f, 0xee, 0xd0, 0x1, 0xc5, 0x32, 0x16,
    0x95, 0x60, 0x8, 0x84, 0x77, 0x80, 0x63, 0xdd,
    0x86, 0x37, 0x56, 0x1, 0x67, 0x76, 0x70, 0xc,
    0xab, 0x87, 0x15, 0x63, 0x0, 0x6f, 0xfe, 0x70,
    0x8, 0x6a, 0xb0, 0x2d, 0x54, 0x80, 0x3, 0x0,
    0xe3, 0x30, 0xf, 0xfe, 0x19, 0xff, 0x70, 0x70,
    0x55, 0xef, 0x7b, 0x8e, 0x10, 0x7, 0xfa, 0x5c,
    0xc4, 0x96, 0x69, 0x47, 0x88, 0x3, 0xf8, 0x7b,
    0x72, 0xa6, 0x1d, 0x74, 0xc4, 0x3, 0xff, 0xa1,
    0xcc, 0x1, 0xff, 0x3e, 0x80, 0x0,

    /* U+8F38 "輸" */
    0x0, 0xc6, 0xc0, 0x1f, 0x85, 0x0, 0x3f, 0xc9,
    0x60, 0x1f, 0xaa, 0x80, 0x1f, 0xf1, 0x80, 0x7d,
    0x2a, 0x58, 0x1, 0xec, 0xff, 0x40, 0xff, 0xc6,
    0x0, 0x97, 0xcc, 0x6, 0x8, 0x6, 0xfc, 0xc3,
    0xe, 0x64, 0x65, 0x89, 0xe4, 0x18, 0xfe, 0xe0,
    0x11, 0x9d, 0xc6, 0x7a, 0x35, 0x74, 0x40, 0x2b,
    0x89, 0xd2, 0x5, 0xff, 0x41, 0x7f, 0xb3, 0x24,
    0xff, 0xf4, 0xe5, 0x90, 0x0, 0xba, 0xf, 0xa0,
    0x10, 0xfb, 0x33, 0xe2, 0x60, 0x8, 0x44, 0x40,
    0x22, 0x0, 0x9, 0x16, 0x33, 0xc4, 0x20, 0x11,
    0xdc, 0x15, 0xd8, 0x1, 0xdb, 0x54, 0xe0, 0x97,
    0x9, 0x60, 0x8, 0xb9, 0xf, 0x90, 0x2, 0xeb,
    0xa0, 0xf, 0xf0, 0xae, 0xa, 0xf8, 0x4, 0xaa,
    0x70, 0xf, 0xf0, 0xae, 0xa, 0xf8, 0x5, 0x7d,
    0xa0, 0x1f, 0xc2, 0x29, 0x72, 0x95, 0x50, 0x3,
    0xae, 0x80, 0x3f, 0x93, 0x31, 0x25, 0x98, 0x90,
    0x2, 0x1a, 0x80, 0x7f, 0x33, 0x58, 0x6c, 0xd0,
    0x84, 0xed, 0x80, 0x7f, 0x5d, 0xca, 0x37, 0x71,
    0x6, 0xf7, 0x0, 0x3f, 0xb7, 0x69, 0x2d, 0xd8,
    0xc0, 0x3d, 0x6c, 0x1, 0xff, 0xc8, 0x21, 0x0,
    0xff, 0xe2, 0xa, 0x80, 0x44, 0x46, 0x0, 0xff,
    0xe1, 0x25, 0x28, 0x3, 0xf4, 0x14, 0x3, 0x9b,
    0xc0, 0x36, 0x92, 0xf5, 0x0, 0x37, 0xf4, 0x80,

    /* U+8F7D "载" */
    0x0, 0xe1, 0x40, 0xe, 0x23, 0x0, 0xff, 0xe0,
    0x25, 0x80, 0x72, 0xe0, 0x2d, 0x0, 0x74, 0x6e,
    0xd6, 0x1b, 0xb8, 0x3, 0x3b, 0xb4, 0x40, 0x2b,
    0x88, 0x9c, 0x2e, 0x22, 0x0, 0xc5, 0x87, 0xa0,
    0x11, 0xaa, 0xd8, 0xc, 0xab, 0x0, 0x80, 0x43,
    0x9c, 0x0, 0x34, 0x4d, 0xa0, 0x89, 0xdc, 0x8,
    0x93, 0x30, 0xc2, 0x2e, 0xf3, 0x85, 0xdf, 0x38,
    0x5d, 0xf6, 0x85, 0xff, 0xcc, 0xbf, 0xfe, 0xb0,
    0xdf, 0xfd, 0xc0, 0x18, 0x58, 0x80, 0x3c, 0xc0,
    0x20, 0x9, 0x90, 0x1, 0xbf, 0xdc, 0xf, 0xff,
    0xda, 0x60, 0xc0, 0x6, 0xe0, 0x3, 0xdd, 0x3,
    0x5d, 0xfa, 0x44, 0xc, 0x14, 0x18, 0x0, 0x28,
    0x43, 0x8, 0x26, 0x89, 0x80, 0xb8, 0x39, 0x4,
    0x2, 0x28, 0x60, 0x1c, 0xa1, 0x18, 0x0, 0xc6,
    0x64, 0xe0, 0xd, 0x60, 0xfd, 0xc6, 0x2e, 0xe9,
    0x80, 0xd6, 0x9, 0x40, 0x35, 0xdb, 0x32, 0x52,
    0xcc, 0x9c, 0x34, 0x52, 0x0, 0x38, 0x90, 0xcf,
    0x9, 0x9c, 0x20, 0x80, 0x4a, 0x0, 0x10, 0xf,
    0x11, 0x93, 0xcd, 0x58, 0x30, 0x38, 0x0, 0x7c,
    0x57, 0x37, 0xfd, 0xaa, 0x32, 0x82, 0x66, 0x81,
    0x51, 0x3, 0x11, 0x3, 0xa4, 0x4d, 0xa9, 0x76,
    0xdd, 0x69, 0xe0, 0x40, 0x30, 0x82, 0xdc, 0xbb,
    0x21, 0x88, 0x0, 0xb0, 0xf4, 0xa1, 0xaa, 0x10,
    0x3, 0xfe, 0x42, 0xc1, 0x7, 0x84, 0x18, 0x0,
    0xfa, 0x70, 0x0, 0xd8, 0x20, 0x13, 0xf6, 0x90,
    0x0,

    /* U+8F91 "辑" */
    0x0, 0xcc, 0xa0, 0x1f, 0xfc, 0x8b, 0xf0, 0xc,
    0xbf, 0xff, 0x9c, 0x3, 0xc5, 0xa0, 0x1e, 0xcd,
    0xde, 0x10, 0xd, 0xbd, 0xe1, 0x1d, 0xd0, 0x4,
    0x64, 0x5c, 0x1, 0xca, 0xe6, 0xc, 0xef, 0x0,
    0x46, 0x7e, 0x10, 0xd, 0x12, 0xcb, 0x33, 0x80,
    0x2c, 0xcf, 0x0, 0x7c, 0xb8, 0x1, 0xcb, 0xff,
    0xf9, 0xc0, 0x31, 0x83, 0xc6, 0x0, 0x27, 0xbb,
    0xfd, 0xa0, 0x15, 0x20, 0x80, 0x6a, 0x81, 0x9b,
    0xbe, 0x17, 0x90, 0x9, 0xb8, 0x3, 0x8d, 0xc1,
    0x15, 0x78, 0x31, 0x0, 0x10, 0x15, 0xee, 0x7f,
    0xc0, 0x12, 0x99, 0xf0, 0x7, 0x62, 0xbb, 0x8c,
    0x5d, 0x80, 0x29, 0xdd, 0xe0, 0xe, 0x4a, 0x88,
    0x21, 0x44, 0x0, 0x2c, 0xee, 0xe0, 0xf, 0xfe,
    0x22, 0x99, 0xf0, 0x7, 0xe2, 0x32, 0xbe, 0x50,
    0x4, 0xe6, 0x70, 0x7, 0x4e, 0x7e, 0xa0, 0x8a,
    0x50, 0x1, 0x9f, 0xfc, 0x1, 0xca, 0xee, 0xa5,
    0x3a, 0x71, 0x0, 0xfe, 0x23, 0x0, 0x65, 0xc2,
    0x90, 0x4, 0xd2, 0x11, 0x79, 0xbf, 0xe0, 0x8c,
    0x0, 0xff, 0x4b, 0x10, 0xa, 0xd4, 0xd0, 0x47,
    0x0, 0x7f, 0xbf, 0xb6, 0xea, 0x5d, 0x94, 0x8,
    0x40, 0x3f, 0xfa, 0x11, 0x80, 0x1f, 0xf7, 0x28,
    0x0,

    /* U+8F93 "输" */
    0x0, 0x89, 0xc0, 0x3f, 0x9c, 0x80, 0x3f, 0x92,
    0x0, 0x3f, 0x34, 0x20, 0x7, 0xf7, 0x18, 0x7,
    0xc7, 0x25, 0x28, 0x1, 0xee, 0xf7, 0x3f, 0xf8,
    0x2, 0x3c, 0x5d, 0x7b, 0x50, 0xe, 0x89, 0x6,
    0x99, 0x80, 0xb, 0x8b, 0x41, 0xf, 0x52, 0x20,
    0x13, 0x20, 0x5b, 0x34, 0x33, 0x51, 0x40, 0x14,
    0x53, 0x73, 0x80, 0x48, 0x24, 0x20, 0x3e, 0xe7,
    0x1f, 0xfd, 0x4a, 0x94, 0x20, 0xc, 0x71, 0xe2,
    0x1d, 0xee, 0x66, 0x7d, 0x17, 0xa2, 0x0, 0x4d,
    0x0, 0xc6, 0x66, 0x77, 0x80, 0xce, 0x2a, 0x20,
    0x2, 0xa, 0x98, 0x8, 0x3, 0x6e, 0xa9, 0x7a,
    0x1a, 0x60, 0xa2, 0x0, 0xf0, 0xed, 0xc, 0xf0,
    0x5, 0xf7, 0x28, 0x0, 0x60, 0x1e, 0xfa, 0xba,
    0x9, 0xb0, 0x1, 0x9c, 0x40, 0x1f, 0xc8, 0xa8,
    0x80, 0x44, 0x0, 0x23, 0x75, 0x0, 0x1f, 0xfc,
    0x21, 0x20, 0x5, 0xf7, 0x28, 0x3, 0xfe, 0x39,
    0xc, 0xd0, 0x1, 0x8, 0x8c, 0x3, 0xfa, 0xff,
    0x1c, 0x23, 0x40, 0x13, 0xdc, 0x90, 0xf, 0xe3,
    0x8c, 0xe0, 0x52, 0x0, 0x57, 0xfa, 0x80, 0x3f,
    0xa1, 0xcc, 0x3, 0xc2, 0x1, 0xdc, 0x60, 0x1f,
    0xfd, 0xa3, 0x20, 0x1, 0x1a, 0x0, 0x80, 0x7f,
    0xf0, 0x76, 0x18, 0x13, 0x29, 0x48, 0x3, 0x87,
    0xc8, 0x1, 0xc8, 0x1d, 0xf0, 0xd, 0xfd, 0x40,
    0x0,

    /* U+8FA6 "辦" */
    0x0, 0xfe, 0x43, 0x0, 0xf0, 0x80, 0x78, 0x7d,
    0x0, 0x34, 0x20, 0x7, 0x5d, 0x80, 0x3c, 0x29,
    0xe0, 0x1f, 0xf7, 0x28, 0x80, 0x65, 0x62, 0x47,
    0x63, 0x0, 0xf2, 0x39, 0x5, 0x3b, 0x0, 0x3a,
    0xd0, 0xaa, 0xd4, 0x3, 0xd9, 0x76, 0x37, 0xbd,
    0x0, 0x52, 0xee, 0xa2, 0x99, 0x47, 0x55, 0x45,
    0xb, 0xb9, 0x87, 0x90, 0x0, 0xb9, 0x7, 0xf8,
    0xa8, 0x96, 0xa8, 0xa0, 0x4e, 0x4, 0x84, 0x1,
    0x1a, 0x2, 0x59, 0x79, 0x57, 0x90, 0x3, 0x30,
    0x8, 0x80, 0xc, 0x86, 0x60, 0x30, 0x1, 0x88,
    0x0, 0x40, 0xc0, 0x1b, 0xa0, 0xb, 0x9a, 0xf0,
    0x7a, 0x0, 0x5c, 0x2, 0xa9, 0x7d, 0x48, 0xd1,
    0xb, 0xb3, 0x85, 0x5d, 0x80, 0x2, 0x1, 0x74,
    0x40, 0x96, 0xe0, 0x41, 0x55, 0x80, 0xaa, 0x31,
    0x2, 0x3, 0x4, 0x55, 0x6, 0x2a, 0x80, 0x3f,
    0x94, 0x40, 0x23, 0x0, 0xfe, 0x79, 0x90, 0x4c,
    0x88, 0xa0, 0xc, 0x28, 0x80, 0xf4, 0x40, 0x3,
    0xcc, 0x0, 0x66, 0xe, 0x50, 0x0, 0x89, 0x2e,
    0xc0, 0xd7, 0x40, 0x8, 0xab, 0x2a, 0xa1, 0x27,
    0x80, 0x65, 0xff, 0x4, 0xff, 0x0, 0x6d, 0x70,
    0x0, 0x9b, 0x80, 0x4e, 0x1, 0xff, 0x26, 0x0,
    0x10, 0x84, 0x4, 0x4, 0x3, 0xfc, 0xa2, 0xe0,
    0x9, 0x50, 0x1, 0x1, 0x80, 0x7f, 0xc, 0x40,
    0x41, 0xe, 0x48, 0xe8, 0x44, 0x1, 0xfc, 0xce,
    0xe0, 0x6, 0x38, 0xa6, 0x34, 0x0, 0x7f, 0x9e,
    0x80, 0x28, 0x80, 0x37, 0xf9, 0x80, 0x37, 0xb0,
    0x4,

    /* U+8FD9 "这" */
    0x0, 0xff, 0xe0, 0x29, 0x0, 0x7f, 0x90, 0x3,
    0xfa, 0xe4, 0x3, 0xf9, 0x2e, 0x40, 0x3f, 0x42,
    0x20, 0x3, 0xf2, 0x4b, 0x48, 0x7, 0xcc, 0x38,
    0x1, 0xfc, 0xd0, 0xce, 0xbf, 0xfe, 0x17, 0xff,
    0xee, 0x0, 0xce, 0xe5, 0x78, 0x8f, 0xe3, 0x8,
    0x88, 0x3, 0xa0, 0x88, 0xef, 0xfc, 0x28, 0xee,
    0x60, 0xf, 0xcb, 0xec, 0x1, 0xc8, 0x5e, 0x1,
    0xc4, 0x58, 0x41, 0x5a, 0x68, 0x3, 0x78, 0xa0,
    0x7, 0x66, 0xec, 0xc0, 0x9, 0xb4, 0xe3, 0x5,
    0x4b, 0x0, 0xf6, 0xe6, 0x0, 0x39, 0x3c, 0xb2,
    0x2d, 0x14, 0x3, 0xc6, 0x70, 0x7, 0x87, 0x1d,
    0xc3, 0x0, 0x1f, 0xfc, 0x52, 0x50, 0x7, 0x10,
    0x7, 0xff, 0xd, 0x30, 0xf3, 0x43, 0x54, 0x3,
    0xff, 0x80, 0x75, 0x65, 0xe6, 0x58, 0x74, 0xe0,
    0x1f, 0xc5, 0x78, 0x91, 0x82, 0x0, 0x1c, 0x58,
    0x90, 0xf, 0xc6, 0xd1, 0xce, 0x1, 0xea, 0x6f,
    0x0, 0xc3, 0x61, 0xb, 0xae, 0x1, 0xfd, 0x2c,
    0x1, 0xe, 0x2d, 0xbd, 0xb8, 0x7, 0xff, 0x0,
    0x40, 0x1a, 0x5a, 0x91, 0x51, 0xd5, 0xe, 0xcc,
    0x77, 0x44, 0xde, 0xf0, 0x83, 0xc1, 0x80, 0x17,
    0x99, 0xa8, 0x99, 0x44, 0x1d, 0x90, 0xcc, 0x21,
    0x4e, 0x1, 0x86, 0x33, 0xbf, 0xbb, 0x7f, 0xdd,
    0x80,

    /* U+8FDB "进" */
    0x0, 0xff, 0xe5, 0xd, 0xa0, 0x7, 0xa7, 0x40,
    0x25, 0xf2, 0x0, 0xc2, 0x2b, 0x40, 0xf, 0xfe,
    0x35, 0x2d, 0x98, 0x7, 0xff, 0x1a, 0x8f, 0x41,
    0x59, 0x8a, 0x6c, 0xd6, 0x2, 0xb3, 0x0, 0x3b,
    0x74, 0x13, 0x31, 0x8c, 0xcc, 0xc1, 0x13, 0x20,
    0xe, 0x13, 0xc, 0xff, 0x31, 0x7f, 0xd4, 0x1b,
    0xfe, 0x0, 0xff, 0xe5, 0xbb, 0xe4, 0x0, 0xff,
    0xe2, 0x4c, 0xd1, 0x80, 0x18, 0xc4, 0x3, 0xfd,
    0xdd, 0x8, 0x3, 0x7b, 0x8a, 0x7d, 0xd5, 0x86,
    0x77, 0x18, 0x3, 0xea, 0x66, 0x1, 0xb3, 0x48,
    0xe, 0xcc, 0x50, 0xf, 0x9e, 0x28, 0x2a, 0x22,
    0xf0, 0xb8, 0x81, 0x80, 0x7f, 0x28, 0x20, 0x7,
    0xff, 0x14, 0x64, 0xc8, 0x3, 0xff, 0x8b, 0x43,
    0xc0, 0x1f, 0xfc, 0x14, 0x12, 0x4, 0x45, 0x10,
    0x7, 0xff, 0x2, 0x6d, 0x53, 0x1f, 0x94, 0x3,
    0x92, 0xc8, 0x3, 0x53, 0x55, 0x39, 0xb3, 0x10,
    0xca, 0x89, 0x85, 0x9e, 0x20, 0xf, 0xa, 0x0,
    0xad, 0x55, 0x4d, 0x5d, 0xd5, 0x49, 0x86, 0x0,
    0x63, 0x80, 0x62, 0x8d, 0xff, 0x77, 0x5f, 0xfb,
    0xa0,

    /* U+8FDE "连" */
    0x0, 0xff, 0x88, 0xc0, 0x3f, 0xec, 0xa0, 0xf,
    0xa7, 0x40, 0x3f, 0xe8, 0x58, 0x0, 0x8, 0xc4,
    0x88, 0x11, 0xf8, 0x3, 0x25, 0x3a, 0x86, 0x77,
    0x34, 0x17, 0xbb, 0xe3, 0x0, 0xca, 0xd6, 0x1f,
    0xba, 0x23, 0xdd, 0xfc, 0x60, 0x1d, 0x3e, 0x4,
    0x46, 0x2f, 0x21, 0xe1, 0x22, 0xc0, 0x1f, 0x8,
    0x5, 0x8, 0x60, 0xe6, 0x1, 0xf8, 0x47, 0x0,
    0x4a, 0x70, 0x1, 0xff, 0xc0, 0xee, 0xcc, 0x3,
    0x41, 0xbd, 0xcb, 0xc, 0xee, 0xa4, 0x2, 0xbb,
    0x50, 0x4, 0x2c, 0xf3, 0x33, 0x3, 0x4c, 0xda,
    0x1, 0x22, 0x14, 0x3, 0x4c, 0x3b, 0xda, 0x14,
    0xef, 0x20, 0x7, 0xff, 0x4d, 0x13, 0xc6, 0x8,
    0x9c, 0x40, 0x1f, 0xae, 0xfd, 0x1, 0x17, 0x7a,
    0x0, 0x3f, 0x6e, 0xfa, 0x82, 0xb7, 0x75, 0x80,
    0x7e, 0x22, 0xf0, 0x83, 0x11, 0x61, 0x0, 0xc6,
    0x2, 0x1, 0xff, 0xc6, 0x5c, 0x18, 0x50, 0xf,
    0xfe, 0x21, 0x52, 0xf4, 0xd4, 0x80, 0x72, 0x69,
    0x80, 0x61, 0x10, 0x78, 0xd0, 0x35, 0x37, 0xdc,
    0x3b, 0x31, 0x1e, 0x26, 0xf7, 0x8c, 0x6, 0xc0,
    0x25, 0xe7, 0x7a, 0x26, 0x68, 0x76, 0x42, 0x12,
    0xd, 0x50, 0xc, 0x31, 0x9f, 0xee, 0xed, 0xff,
    0xb8, 0x0,

    /* U+9001 "送" */
    0x0, 0xfe, 0x12, 0x0, 0xf1, 0x88, 0x7, 0x6c,
    0x0, 0x75, 0x70, 0x7, 0xe, 0x58, 0x7, 0x5b,
    0xc0, 0x6, 0x93, 0x60, 0xd, 0x21, 0x60, 0x1c,
    0xd0, 0xea, 0x1, 0x13, 0x40, 0x4, 0x2f, 0x2,
    0x1, 0xe7, 0x4a, 0x11, 0x19, 0xb1, 0x90, 0xcd,
    0x62, 0x67, 0x0, 0x7a, 0xb0, 0x57, 0x31, 0x4f,
    0x79, 0x85, 0x1b, 0xcc, 0x10, 0x7, 0x9, 0x82,
    0x77, 0x70, 0x3f, 0x77, 0x10, 0x7, 0xf0, 0x8f,
    0x7, 0x88, 0xf0, 0x5, 0x9b, 0xb2, 0x80, 0x7f,
    0xf1, 0x51, 0x22, 0x30, 0x66, 0xf0, 0x63, 0x37,
    0x28, 0x2, 0x26, 0x40, 0x14, 0xcf, 0x81, 0x26,
    0x7c, 0x1, 0xfb, 0xff, 0xa8, 0x17, 0xff, 0xb0,
    0x3, 0xff, 0x83, 0x24, 0x96, 0x1, 0xff, 0xc5,
    0x63, 0x8c, 0x5c, 0x10, 0xf, 0xfe, 0x13, 0x4b,
    0x29, 0x61, 0x60, 0x80, 0x7f, 0xc3, 0x32, 0x69,
    0x0, 0x16, 0x1e, 0x8, 0x7, 0x18, 0x4, 0xdc,
    0xf3, 0x20, 0xc, 0x58, 0x74, 0x1, 0x97, 0x6,
    0x51, 0xe3, 0x98, 0x3, 0xc5, 0xb4, 0x1, 0x1d,
    0x37, 0x45, 0xb3, 0x80, 0x7f, 0x18, 0x80, 0x7,
    0x4e, 0x41, 0xe6, 0x3a, 0xa1, 0xd9, 0x59, 0x8f,
    0x13, 0x7a, 0x60, 0xf, 0x0, 0x9b, 0x59, 0xdd,
    0x13, 0x53, 0x28, 0x76, 0x43, 0x30, 0xf9, 0x80,
    0x62, 0x8d, 0xfe, 0xee, 0xff, 0xdc, 0x0,

    /* U+9009 "选" */
    0x0, 0xff, 0xe0, 0x22, 0x0, 0x3e, 0x17, 0x0,
    0xf1, 0x50, 0x87, 0x40, 0x7, 0xc5, 0x18, 0x20,
    0x1a, 0xd4, 0x40, 0x3f, 0xc7, 0x85, 0xa0, 0x19,
    0xcd, 0x54, 0xc2, 0xab, 0xc0, 0x11, 0xe9, 0xd0,
    0x1, 0xc4, 0xea, 0x86, 0x55, 0x5a, 0xc0, 0x31,
    0xd7, 0x81, 0x43, 0x7f, 0xca, 0x7f, 0xfb, 0x80,
    0x39, 0x54, 0x8, 0x30, 0x1, 0xff, 0xc6, 0x6e,
    0x10, 0xf, 0xfe, 0x35, 0x5d, 0xf2, 0x1d, 0xdf,
    0x50, 0x5f, 0xfc, 0xe0, 0x64, 0x52, 0x33, 0xb2,
    0x39, 0x16, 0xf, 0xaa, 0x0, 0x53, 0x34, 0x5,
    0xcc, 0x82, 0xa6, 0x68, 0x4, 0x55, 0x0, 0x79,
    0x41, 0x40, 0x3f, 0xf8, 0xdc, 0x26, 0x1, 0xff,
    0xc5, 0x35, 0x90, 0xf, 0x93, 0x0, 0x3f, 0x16,
    0x93, 0x80, 0x61, 0x0, 0x9, 0x80, 0x78, 0x63,
    0x43, 0x0, 0x3a, 0xdd, 0xa4, 0xc0, 0x3c, 0x4e,
    0xee, 0x10, 0xc, 0xe5, 0x12, 0x50, 0x1, 0x28,
    0x42, 0xfc, 0x0, 0x7a, 0x3b, 0xfd, 0xc8, 0x0,
    0x7a, 0x6a, 0x89, 0x10, 0xf, 0xfe, 0xb, 0x43,
    0xca, 0xfa, 0x7d, 0x3b, 0x22, 0x4a, 0xcc, 0x8a,
    0xc1, 0xc5, 0x80, 0x0, 0xec, 0x34, 0xca, 0xee,
    0xa9, 0x93, 0xa8, 0x8a, 0xa8, 0x1, 0xcd, 0x9d,
    0xfd, 0xdd, 0xff, 0x68, 0x0,

    /* U+9019 "這" */
    0x0, 0xff, 0xe0, 0x33, 0x80, 0x7f, 0x84, 0x3,
    0xf8, 0x61, 0x40, 0x3f, 0x17, 0x50, 0x80, 0x7c,
    0xe7, 0x20, 0x1f, 0x8a, 0x93, 0xd0, 0x7f, 0xfc,
    0x66, 0xff, 0xec, 0x0, 0x97, 0xca, 0xd7, 0x33,
    0xff, 0x83, 0xe0, 0x18, 0x72, 0x10, 0xcf, 0xff,
    0x84, 0x1, 0xe7, 0x0, 0xb7, 0xff, 0xf6, 0x0,
    0x7f, 0xf0, 0x3f, 0x77, 0xf7, 0x0, 0x69, 0xbb,
    0x94, 0x2, 0x22, 0xff, 0x0, 0x61, 0x19, 0x8,
    0x2, 0xdf, 0xff, 0xd8, 0x1, 0xa2, 0xa8, 0x1,
    0xd9, 0xdd, 0xfb, 0x40, 0x3f, 0xfa, 0xa5, 0xdd,
    0xfe, 0x0, 0xff, 0xe0, 0xdf, 0xff, 0xa0, 0x3,
    0xff, 0x84, 0xe0, 0x1e, 0x10, 0xf, 0xfe, 0x13,
    0x80, 0x78, 0x40, 0x3f, 0xbc, 0x3, 0x5f, 0xff,
    0xa0, 0x3, 0xc3, 0x80, 0xec, 0x5, 0xdd, 0xfe,
    0x0, 0xed, 0x1e, 0xb8, 0x90, 0x11, 0xff, 0x0,
    0x69, 0x3f, 0x14, 0xc4, 0xea, 0x76, 0x44, 0x95,
    0x4d, 0x13, 0x60, 0x5, 0x92, 0x0, 0x16, 0xc0,
    0xcc, 0xae, 0xea, 0xa4, 0xbb, 0x0, 0x5a, 0xc0,
    0x1c, 0xd7, 0xdf, 0xdd, 0xbf, 0xf5, 0x80,

    /* U+9023 "連" */
    0x0, 0xff, 0xe0, 0xb9, 0x0, 0x7f, 0x6c, 0x80,
    0x7e, 0x18, 0x70, 0xf, 0xe8, 0x68, 0x1, 0x66,
    0xf0, 0x63, 0x37, 0x20, 0x4, 0xae, 0xe5, 0x3a,
    0xaf, 0x3, 0xd5, 0x76, 0x0, 0x68, 0x3b, 0x3c,
    0xcf, 0x5, 0xe6, 0x74, 0x0, 0x77, 0x68, 0x84,
    0x47, 0x7, 0x44, 0x64, 0x0, 0xf1, 0x18, 0x1,
    0xcc, 0x3, 0xf3, 0x98, 0x7, 0xfd, 0xf1, 0x10,
    0x74, 0x44, 0x20, 0x1b, 0xff, 0x30, 0x5, 0xf3,
    0x28, 0xe, 0x99, 0x84, 0x3, 0x4c, 0xc0, 0x1c,
    0x23, 0x0, 0x4, 0x70, 0x7, 0x33, 0x40, 0x1d,
    0xd1, 0x10, 0x7c, 0x44, 0x20, 0x1f, 0xfc, 0xf,
    0x99, 0x58, 0x74, 0xcc, 0x20, 0x1f, 0xf3, 0x98,
    0x88, 0xc0, 0x2, 0x33, 0x98, 0x7, 0xfa, 0x23,
    0x83, 0xa2, 0x32, 0x0, 0x7e, 0x6c, 0xce, 0xd0,
    0x8c, 0xcf, 0x0, 0x7c, 0x57, 0x7c, 0x80, 0xf7,
    0x7e, 0x0, 0xc8, 0x0, 0x47, 0x7e, 0x90, 0xf7,
    0x7f, 0x0, 0x4b, 0x63, 0x6, 0x1, 0xff, 0xc4,
    0x3a, 0x7e, 0x6c, 0x60, 0xc, 0x3e, 0xa0, 0x1f,
    0xe, 0x9c, 0x4, 0x4c, 0xb6, 0x5d, 0x95, 0x4c,
    0xc7, 0x74, 0xd6, 0xb8, 0x1f, 0x0, 0x4d, 0xaa,
    0x91, 0x35, 0x49, 0x94, 0x41, 0x94, 0xd0, 0x70,
    0x80, 0x31, 0x46, 0xff, 0x77, 0x7f, 0xee, 0x30,

    /* U+9031 "週" */
    0x0, 0x20, 0x6, 0x14, 0x4f, 0xf8, 0xc0, 0x24,
    0xba, 0x0, 0x8a, 0xef, 0xfe, 0x90, 0x9, 0x2d,
    0x6c, 0x3, 0x6f, 0xfc, 0x7b, 0xff, 0x20, 0x7,
    0x25, 0xa5, 0x0, 0x61, 0x23, 0x33, 0x91, 0x0,
    0x3f, 0x24, 0xf8, 0x6, 0xad, 0xc0, 0xad, 0xd1,
    0x0, 0x7e, 0x65, 0x0, 0xd7, 0xfe, 0xc, 0xff,
    0x10, 0x7, 0xff, 0x8, 0x88, 0x60, 0xc4, 0x41,
    0x0, 0xff, 0x9c, 0xf, 0x75, 0x81, 0x5b, 0xa7,
    0x0, 0xeb, 0xff, 0x9c, 0x4, 0x1, 0xff, 0xf3,
    0x0, 0x75, 0x6e, 0x80, 0x23, 0x1, 0x5f, 0xfe,
    0x90, 0xf, 0x9, 0x10, 0x2, 0x11, 0x0, 0xb,
    0x76, 0x50, 0xf, 0xfe, 0xf, 0x10, 0x0, 0x48,
    0xa3, 0x0, 0xff, 0xe0, 0xa2, 0x0, 0x3f, 0xf8,
    0xe2, 0x5a, 0x0, 0x3f, 0xf9, 0x80, 0x3f, 0xf8,
    0x12, 0xa, 0xb, 0xbb, 0xd0, 0x1, 0xff, 0x2b,
    0x80, 0x44, 0x58, 0x5d, 0x98, 0x60, 0x1c, 0x81,
    0x31, 0x20, 0x1f, 0x3d, 0xd9, 0xac, 0x3, 0x45,
    0xc5, 0x5b, 0x0, 0x7c, 0x9b, 0xab, 0x20, 0x9,
    0xdd, 0x2e, 0x9f, 0x7d, 0x2c, 0xa8, 0x68, 0x85,
    0x53, 0xcd, 0x88, 0x6a, 0xb0, 0x0, 0x72, 0xca,
    0x2a, 0xf2, 0xed, 0x54, 0x86, 0x71, 0xa, 0xa0,
    0x7, 0x2d, 0xf7, 0xfb, 0xba, 0xff, 0xd8, 0x0,

    /* U+9032 "進" */
    0x0, 0xff, 0x18, 0x7, 0xff, 0x1, 0x74, 0xc0,
    0x38, 0xb1, 0x2, 0x38, 0x3, 0xf2, 0x6, 0x28,
    0x6, 0x82, 0x40, 0xb1, 0x80, 0xf, 0x87, 0xe,
    0x90, 0x0, 0x4b, 0x60, 0x3, 0x46, 0x0, 0xfc,
    0x3a, 0x52, 0x0, 0x80, 0x9f, 0xf9, 0x7, 0xff,
    0x38, 0x6, 0x1f, 0xc0, 0x45, 0xa, 0xac, 0xd,
    0x55, 0x94, 0x3, 0x88, 0x45, 0x40, 0x2a, 0xb8,
    0x7d, 0x57, 0x10, 0x7, 0x87, 0xd, 0x84, 0xcf,
    0xf, 0x99, 0xc4, 0x1, 0xf8, 0x7f, 0x83, 0x33,
    0x3, 0x66, 0x5c, 0x1, 0x57, 0xfc, 0xd8, 0x40,
    0x3f, 0xf8, 0x67, 0xfe, 0xc0, 0xb, 0xa6, 0x40,
    0x1f, 0xfc, 0x74, 0x66, 0x0, 0x70, 0xaa, 0xe1,
    0xc5, 0x59, 0x0, 0x3f, 0xf8, 0x11, 0x18, 0x12,
    0x22, 0xe0, 0xf, 0xf8, 0x77, 0x70, 0xc6, 0xed,
    0x40, 0x1f, 0xfd, 0x51, 0xff, 0xc3, 0x3f, 0xfb,
    0x80, 0x3d, 0xe0, 0x5, 0xbb, 0xff, 0xa8, 0x3,
    0x58, 0x3c, 0x1, 0x22, 0x7f, 0xf0, 0x0, 0x2c,
    0x4a, 0x97, 0xb2, 0x0, 0xff, 0xe1, 0x51, 0xca,
    0xb6, 0x36, 0xe4, 0xc3, 0xb3, 0x1d, 0xd1, 0x59,
    0xe4, 0x4, 0x8c, 0x0, 0x3d, 0x97, 0x7a, 0x26,
    0x51, 0x7, 0x53, 0x22, 0x4, 0x50, 0x7, 0x35,
    0xf7, 0xfb, 0xba, 0xff, 0xda, 0x0,

    /* U+9072 "遲" */
    0x2, 0xb1, 0x0, 0xab, 0x33, 0xff, 0x80, 0x40,
    0x3, 0x6c, 0x20, 0x3, 0x33, 0xff, 0xfa, 0x8c,
    0x2, 0x1c, 0xf, 0x10, 0x1, 0x19, 0xff, 0x28,
    0x7, 0xf, 0x95, 0x80, 0x1f, 0xff, 0xfb, 0x0,
    0x3c, 0x55, 0x20, 0x6, 0xb5, 0xce, 0xe3, 0x57,
    0x6b, 0x30, 0x80, 0x39, 0x4c, 0x4, 0x4a, 0x18,
    0x82, 0xe6, 0x30, 0x94, 0x1, 0xff, 0xd, 0x48,
    0x8, 0x1, 0xb, 0x4c, 0x2, 0x11, 0xc0, 0x17,
    0x93, 0x6d, 0x38, 0xc, 0xab, 0x88, 0x5, 0x5d,
    0xd3, 0x1, 0x86, 0x56, 0xf3, 0x5a, 0xec, 0xe7,
    0x30, 0x2, 0x2e, 0xc0, 0x10, 0x97, 0x46, 0x88,
    0x5a, 0x2, 0x5e, 0x38, 0x0, 0xd1, 0x0, 0x1,
    0x6, 0x8, 0x67, 0x70, 0xe3, 0xbe, 0x10, 0xf,
    0x94, 0xd, 0x8d, 0xf7, 0x40, 0xdb, 0xb1, 0x80,
    0x7e, 0x32, 0x8, 0x9a, 0xa8, 0x2a, 0xb3, 0x80,
    0x7e, 0xb4, 0x64, 0xf9, 0x98, 0x2a, 0x67, 0x38,
    0x7, 0xbc, 0xe8, 0xc8, 0x47, 0x3, 0x88, 0xf0,
    0x7, 0xca, 0x6b, 0x11, 0xc1, 0xb1, 0x19, 0x80,
    0x34, 0x3, 0x68, 0x7, 0xff, 0x16, 0x9e, 0xb2,
    0xa4, 0x3, 0xdc, 0xc0, 0x1f, 0x42, 0xd2, 0x9e,
    0x2f, 0x4b, 0x2a, 0x1a, 0xa2, 0xb3, 0xce, 0x8,
    0x13, 0x28, 0x0, 0x72, 0xca, 0xea, 0xf2, 0xed,
    0x53, 0xc, 0x2, 0x15, 0x20, 0x1c, 0xb7, 0xbf,
    0xee, 0xeb, 0xff, 0x60, 0x0,

    /* U+9078 "選" */
    0x0, 0x20, 0x6, 0x44, 0xe3, 0x4, 0x4f, 0x0,
    0x49, 0x74, 0x1, 0x5c, 0x7f, 0xaa, 0x2, 0xa7,
    0xfd, 0x16, 0x20, 0x4, 0xb5, 0xc0, 0xa, 0x2e,
    0xce, 0x1, 0x4d, 0xdb, 0x80, 0x39, 0x2c, 0xe8,
    0x1, 0x7f, 0xe6, 0x0, 0xaf, 0xfd, 0xa0, 0x1e,
    0x4a, 0xf0, 0x5, 0x77, 0x52, 0x0, 0xae, 0xeb,
    0x4c, 0x3, 0x95, 0x40, 0x24, 0x60, 0x78, 0x60,
    0x46, 0x0, 0x4f, 0x0, 0xfc, 0xf3, 0xbd, 0xaa,
    0x6d, 0x3b, 0xdc, 0x8b, 0x0, 0x9, 0x14, 0x21,
    0x3d, 0xe5, 0x36, 0x10, 0x8b, 0xfe, 0xe6, 0x0,
    0x56, 0xec, 0xc0, 0x18, 0xc4, 0x2, 0x11, 0x0,
    0x7b, 0xea, 0x80, 0x15, 0xff, 0x86, 0x3f, 0xe4,
    0x47, 0xfc, 0x1, 0x22, 0xa8, 0x2, 0xad, 0xd0,
    0xbe, 0xec, 0x87, 0xbb, 0x0, 0x7f, 0x9, 0x10,
    0x38, 0x8a, 0x7, 0x22, 0x80, 0x3f, 0x4f, 0x74,
    0x33, 0xdd, 0x22, 0x3b, 0xac, 0x0, 0xfa, 0xea,
    0xa9, 0x5b, 0xaa, 0x24, 0xd5, 0x5e, 0x1, 0xf1,
    0x22, 0x2, 0x1, 0x51, 0x46, 0x71, 0x50, 0xc0,
    0x3f, 0x15, 0x5b, 0x50, 0x0, 0x6b, 0x17, 0xd0,
    0x3, 0x9c, 0x21, 0xa9, 0xb2, 0x0, 0x38, 0xf5,
    0xe4, 0x40, 0x29, 0x88, 0x5c, 0xe, 0x98, 0x7,
    0xe9, 0xd1, 0x0, 0x43, 0x4b, 0xa7, 0xaf, 0xcb,
    0x2a, 0x1a, 0x21, 0x54, 0xf3, 0x62, 0x4, 0xac,
    0x0, 0x1c, 0xb2, 0x8a, 0xbc, 0xbb, 0x55, 0x21,
    0x9c, 0x42, 0xa8, 0x1, 0xcb, 0x7d, 0xfe, 0xee,
    0xbf, 0xf6, 0x0,

    /* U+914D "配" */
    0x69, 0x9f, 0xe0, 0x67, 0x7f, 0x88, 0x38, 0x88,
    0x8e, 0xac, 0x45, 0x4, 0x47, 0xe4, 0x8, 0xbb,
    0x53, 0x60, 0x5d, 0xc1, 0xdf, 0xfe, 0x0, 0xff,
    0xe6, 0xaa, 0xb4, 0xd4, 0x15, 0x46, 0x1, 0xff,
    0x15, 0x51, 0x52, 0x82, 0xea, 0x80, 0x1f, 0xfc,
    0x1f, 0xa7, 0xd4, 0xe5, 0x0, 0xff, 0xe5, 0xb3,
    0xbf, 0x80, 0x3c, 0x5c, 0x1, 0xeb, 0x88, 0xf0,
    0x7, 0xb5, 0x41, 0xc0, 0x39, 0xbf, 0xf8, 0x3,
    0x95, 0x8c, 0xc5, 0x88, 0x1, 0xfd, 0x8, 0x1,
    0x67, 0x0, 0xf7, 0x14, 0x3, 0xf9, 0xc8, 0x2,
    0x92, 0x0, 0x88, 0x40, 0x3f, 0xf8, 0x5d, 0xbb,
    0xca, 0x1, 0xff, 0xc2, 0xae, 0xee, 0x40, 0xf,
    0xe2, 0x91, 0x0, 0x21, 0x9f, 0x8, 0x7, 0xf0,
    0xb1, 0x0, 0x8, 0x47, 0x80, 0x3f, 0xce, 0x4,
    0x0, 0xde, 0xee, 0x50, 0xf, 0xe2, 0x1, 0x0,
    0x6f, 0x77, 0x28, 0x1, 0x9d, 0x9b, 0xad, 0x0,
    0x22, 0x11, 0xe2, 0x10, 0xf3, 0x99, 0xe0, 0x90,
    0x2e, 0x0, 0xf4, 0x40, 0x13, 0x7f, 0xfb, 0x48,
    0x0,

    /* U+91CD "重" */
    0x0, 0xff, 0xe1, 0x89, 0x80, 0x70, 0x91, 0xa2,
    0x15, 0x9e, 0x26, 0xf7, 0xfb, 0x10, 0x3, 0x7e,
    0xe5, 0xd4, 0x5c, 0x31, 0x9a, 0xeb, 0x3d, 0x0,
    0x37, 0xfe, 0xed, 0xd1, 0xa5, 0x43, 0x29, 0x80,
    0x63, 0x54, 0x55, 0xf0, 0xb2, 0xaf, 0xe4, 0xab,
    0xbf, 0xc4, 0x77, 0x7f, 0xbe, 0x7b, 0xbf, 0x1a,
    0xf7, 0x7e, 0xb0, 0x3, 0xff, 0xf8, 0xd7, 0xff,
    0xd4, 0x1, 0xee, 0xee, 0x24, 0xee, 0xe2, 0x0,
    0xf8, 0x47, 0xc0, 0x23, 0xe0, 0xf, 0xbf, 0xf8,
    0xd3, 0xff, 0x8c, 0x3, 0xef, 0xfe, 0x34, 0xff,
    0xe3, 0x0, 0xf8, 0x8b, 0x84, 0x8, 0xb8, 0x40,
    0x3e, 0xdd, 0xe2, 0x4d, 0xde, 0x20, 0xe, 0x7f,
    0xff, 0x1a, 0xff, 0xfa, 0x80, 0x31, 0x9f, 0xc2,
    0xc6, 0x7f, 0x10, 0x0, 0xb3, 0x3e, 0x23, 0xcc,
    0xfa, 0x80, 0x5, 0xff, 0xf1, 0xaf, 0xff, 0xd0,
    0x4, 0x67, 0xf8, 0x58, 0xcf, 0xfa, 0x73, 0x3f,
    0x11, 0xe6, 0x7e, 0xd0,

    /* U+9304 "錄" */
    0x0, 0xe8, 0x10, 0xe, 0x62, 0x0, 0xff, 0xe0,
    0x43, 0x80, 0x7a, 0x58, 0x3, 0xfe, 0x27, 0xd,
    0x10, 0x9, 0x2, 0xff, 0xf7, 0x0, 0x7b, 0x93,
    0x43, 0xcc, 0x1, 0x87, 0x77, 0x94, 0xc0, 0x3b,
    0xa, 0x8b, 0x13, 0xc, 0x16, 0x91, 0x30, 0x20,
    0x6, 0xc3, 0xd1, 0x0, 0x53, 0x11, 0x63, 0x3c,
    0x98, 0x1, 0x88, 0xf3, 0xff, 0x68, 0xa8, 0x5e,
    0x66, 0x14, 0x0, 0xdf, 0xd4, 0xe3, 0x54, 0x50,
    0x7f, 0xfe, 0x92, 0x10, 0xc, 0x24, 0xba, 0xa,
    0xa1, 0x34, 0x4f, 0x6b, 0x22, 0xc, 0x3, 0xfd,
    0xf7, 0x7e, 0x44, 0x5d, 0xb4, 0x1, 0x5f, 0xea,
    0x1f, 0xf7, 0x6e, 0xbb, 0xa1, 0x6e, 0xeb, 0x3c,
    0x1, 0x37, 0x67, 0x1b, 0xb5, 0xe, 0x38, 0x88,
    0x1c, 0x44, 0x58, 0x40, 0x3, 0x4, 0xd0, 0x41,
    0x0, 0x54, 0x98, 0x0, 0x58, 0xf1, 0xcc, 0x2,
    0xb0, 0xd, 0xc4, 0x8, 0xfe, 0x0, 0x38, 0xc9,
    0x80, 0xc, 0x68, 0x1, 0x2a, 0x0, 0x23, 0x8c,
    0x64, 0xd9, 0x80, 0x1c, 0xa6, 0x0, 0x33, 0x10,
    0x5, 0x58, 0x3, 0x2c, 0x60, 0x1d, 0xdc, 0x0,
    0x3d, 0x0, 0x13, 0x57, 0x4, 0x11, 0x74, 0x80,
    0x33, 0xc8, 0x0, 0x7a, 0xea, 0xd7, 0x4c, 0x2,
    0xa3, 0xc3, 0x0, 0x1b, 0x55, 0x8d, 0x16, 0x65,
    0x0, 0x1e, 0xc3, 0xe0, 0x4, 0x48, 0xce, 0x7d,
    0xbb, 0x19, 0x95, 0x42, 0xe0, 0x1, 0xdf, 0x0,
    0x57, 0xdb, 0x98, 0x7, 0x25, 0x51, 0xc, 0x3,
    0x10, 0x0,

    /* U+932F "錯" */
    0x0, 0xe5, 0x0, 0xf2, 0x98, 0x4, 0xc6, 0x1,
    0xf3, 0x51, 0x0, 0x74, 0x20, 0x5, 0x8, 0x1,
    0xe1, 0x90, 0xb0, 0xf, 0xfe, 0x35, 0xd, 0x3e,
    0x8, 0x2a, 0x8f, 0x55, 0x60, 0xd5, 0x20, 0xa,
    0xd3, 0x57, 0xc3, 0xca, 0xe8, 0x56, 0xaa, 0x15,
    0xa7, 0x0, 0x5a, 0x51, 0x80, 0xe2, 0xb7, 0x79,
    0x47, 0xfc, 0x31, 0xea, 0x2, 0x85, 0xd7, 0x7a,
    0x10, 0x3, 0xff, 0x80, 0x39, 0xd8, 0x29, 0x98,
    0x10, 0x11, 0x7, 0x88, 0xc1, 0xe2, 0x20, 0x1,
    0x99, 0xf8, 0x5d, 0xc4, 0xdd, 0xc2, 0x7e, 0xe8,
    0x5f, 0xb8, 0x1, 0xc2, 0x1, 0x9f, 0x33, 0xfe,
    0x0, 0x5f, 0xfa, 0x87, 0xfe, 0x13, 0x3f, 0xf8,
    0x1, 0x17, 0x68, 0x1b, 0xb8, 0x1, 0xff, 0xfa,
    0x80, 0x22, 0x14, 0x30, 0x41, 0x10, 0x4, 0xf5,
    0x5c, 0x60, 0x1d, 0x40, 0x1b, 0xc8, 0x2, 0xc5,
    0x5e, 0x60, 0xc, 0x24, 0x60, 0x13, 0xa0, 0x4,
    0x67, 0xe1, 0x0, 0xe7, 0x50, 0x1, 0x19, 0x80,
    0x28, 0xcc, 0xe4, 0x0, 0xed, 0x10, 0xa, 0x0,
    0x35, 0xff, 0xf2, 0x80, 0x73, 0xb8, 0x0, 0x99,
    0xa0, 0x1f, 0xfc, 0x24, 0x7b, 0xa1, 0x81, 0xa0,
    0xb, 0x15, 0x79, 0x80, 0x34, 0x48, 0xc6, 0xf5,
    0xb8, 0x4, 0xd7, 0x7c, 0x60, 0x1b, 0x7a, 0x98,
    0x80, 0x3d, 0x5d, 0xdc, 0xa0, 0x10,

    /* U+9418 "鐘" */
    0x0, 0xc4, 0x40, 0xf, 0x89, 0x0, 0x3f, 0xdf,
    0x0, 0x1f, 0x2d, 0x88, 0x7, 0xe7, 0x24, 0x30,
    0x1, 0xa2, 0x44, 0x16, 0x89, 0x84, 0x0, 0x51,
    0x7, 0xc5, 0xd, 0xbb, 0xa8, 0x16, 0xef, 0x38,
    0x16, 0x2b, 0xcd, 0x51, 0x7b, 0xce, 0x3f, 0xed,
    0xb, 0xf6, 0x2c, 0x3b, 0x0, 0x2d, 0x80, 0x57,
    0x20, 0x14, 0x1a, 0x0, 0x46, 0x1d, 0xff, 0x70,
    0x6e, 0xa4, 0x77, 0x65, 0x2d, 0xd6, 0x16, 0xfe,
    0x1b, 0xe4, 0x3c, 0x42, 0xea, 0x22, 0xab, 0x88,
    0x48, 0x0, 0x8d, 0xf8, 0xc8, 0x8a, 0x89, 0xfc,
    0xaa, 0x0, 0xfe, 0x4e, 0xef, 0xec, 0x0, 0x66,
    0xe9, 0x23, 0x74, 0x60, 0xf, 0xf8, 0x2f, 0xfc,
    0xc0, 0x16, 0xe6, 0xe, 0x73, 0x6, 0x0, 0xee,
    0x82, 0xbb, 0x8c, 0x1, 0x12, 0xb, 0x88, 0x58,
    0x5, 0xff, 0x4, 0x7f, 0x98, 0x2, 0x7e, 0x0,
    0x95, 0x80, 0x3e, 0x30, 0xf, 0x22, 0x0, 0x2c,
    0xb0, 0xb, 0xba, 0xa, 0xee, 0x33, 0x80, 0x44,
    0x40, 0x2, 0xa8, 0x13, 0xff, 0x5, 0x7f, 0xd6,
    0x1, 0x50, 0x5, 0x6, 0x11, 0xff, 0x82, 0xbf,
    0xf0, 0x4, 0xe4, 0x1b, 0x3c, 0x93, 0xbb, 0x82,
    0x37, 0x70, 0x0, 0x5b, 0x11, 0x6, 0xac, 0x24,
    0x58, 0x8, 0xb8, 0x1, 0xd2, 0x6b, 0x5f, 0x46,
    0x45, 0xc0, 0x45, 0xc2, 0xd, 0x5f, 0x4a, 0x0,
    0x6d, 0xde, 0x8, 0xdd, 0xd8,

    /* U+949F "钟" */
    0x0, 0xff, 0xe1, 0x9, 0x0, 0x7e, 0x5f, 0x10,
    0xf, 0xd3, 0x80, 0x1f, 0xa1, 0x44, 0x3, 0xff,
    0x8a, 0xa4, 0xbf, 0xf8, 0x40, 0x3f, 0xf8, 0x3,
    0x69, 0x33, 0xc2, 0x1, 0xff, 0xc0, 0xd3, 0xb6,
    0x6e, 0x2d, 0xdc, 0xc3, 0xbb, 0x98, 0x7, 0x80,
    0x3e, 0x26, 0x77, 0x18, 0x3b, 0xc4, 0x21, 0x97,
    0xff, 0xd2, 0x0, 0x8a, 0xa2, 0x8d, 0x54, 0x20,
    0x1, 0xba, 0x50, 0xaa, 0x80, 0x3f, 0xf8, 0x46,
    0xba, 0xa, 0xa3, 0x0, 0xff, 0xeb, 0x34, 0xca,
    0xc2, 0x66, 0x10, 0xf, 0xfe, 0x7, 0x2a, 0x84,
    0x15, 0x67, 0xc, 0xff, 0x38, 0xff, 0xc2, 0x0,
    0x8c, 0xc5, 0x6, 0x64, 0xc0, 0xd1, 0x4, 0x8,
    0x88, 0x3, 0xff, 0x80, 0x34, 0xee, 0x31, 0x77,
    0x90, 0x40, 0x3f, 0x8b, 0x8c, 0x3, 0xeb, 0x60,
    0xf, 0xc8, 0x1, 0xff, 0xc6, 0x3b, 0xb1, 0x80,
    0x7f, 0xf0, 0xf0, 0x31, 0xf0, 0xc0, 0x3f, 0xf8,
    0x4a, 0x83, 0x58, 0x60, 0x1f, 0xfc, 0x34, 0x7e,
    0x50, 0xf, 0xfe, 0x10,

    /* U+9519 "错" */
    0x0, 0x8c, 0x3, 0xe6, 0x30, 0x1, 0x38, 0x7,
    0x93, 0xc, 0x3, 0xd6, 0x80, 0x7, 0x80, 0xf,
    0x79, 0x98, 0x3, 0xff, 0x8a, 0x68, 0x35, 0x54,
    0x82, 0xa8, 0xf5, 0x55, 0x80, 0xca, 0x60, 0xe,
    0x16, 0x11, 0x88, 0x6a, 0x82, 0xb5, 0x46, 0x9,
    0xa9, 0x9, 0x2c, 0xbb, 0xe1, 0xff, 0x14, 0x7f,
    0xa8, 0x3f, 0xd4, 0x7, 0x44, 0x1, 0xff, 0xc6,
    0xad, 0xee, 0xe8, 0x11, 0x8f, 0xc4, 0x46, 0x4,
    0x22, 0x0, 0x5d, 0x9c, 0x62, 0xed, 0x1d, 0xc1,
    0x7e, 0xe4, 0x86, 0xf7, 0x8, 0xd, 0x70, 0x19,
    0x4e, 0xf3, 0x3f, 0xe2, 0x0, 0xfc, 0x46, 0x7f,
    0xf0, 0x1b, 0x33, 0x1, 0x9a, 0x4, 0xcc, 0xfd,
    0x0, 0x4, 0x99, 0x30, 0x4c, 0xc2, 0x23, 0xbb,
    0xf0, 0x90, 0x1, 0xff, 0xd4, 0x1f, 0xf0, 0x80,
    0x1d, 0xfc, 0xc0, 0x1f, 0xfc, 0x23, 0x3f, 0x38,
    0x7, 0xff, 0xb, 0x33, 0xc6, 0x1, 0xfe, 0x40,
    0xb, 0xff, 0xc6, 0x1, 0xf9, 0xba, 0x0, 0x3f,
    0x9c, 0x3, 0xde, 0x12, 0xfa, 0x1, 0x2a, 0xf9,
    0x80, 0x38, 0xd4, 0xb2, 0x44, 0x2, 0xbb, 0xf1,
    0x0, 0x71, 0xce, 0x98, 0x7, 0x77, 0x79, 0x4c,
    0x0,

    /* U+9580 "門" */
    0x44, 0xfc, 0x0, 0x44, 0xfc, 0x15, 0x77, 0xea,
    0x0, 0x5d, 0xfe, 0x0, 0x3f, 0xfe, 0x80, 0xd,
    0x3f, 0xfa, 0x40, 0x3f, 0xf8, 0x22, 0x1, 0x84,
    0x2, 0x7f, 0xfd, 0x0, 0x1a, 0x3f, 0xf4, 0x0,
    0x4d, 0xdd, 0x9c, 0x3, 0x47, 0x76, 0x80, 0x8,
    0x47, 0xbc, 0x3, 0x8, 0xf8, 0x2, 0x6d, 0xdd,
    0x20, 0x1a, 0x37, 0x74, 0x0, 0x4b, 0x77, 0xa2,
    0xc0, 0x13, 0x17, 0x79, 0x0, 0x23, 0x66, 0xe5,
    0x0, 0x33, 0x7b, 0x0, 0x3f, 0xff, 0xe0, 0x1f,
    0xff, 0xf0, 0x10, 0xf, 0xfe, 0x11, 0xc3, 0xba,
    0xc0, 0x3f, 0xf8, 0x44, 0xf1, 0x1, 0x90, 0xe8,
    0x0, 0xff, 0xf, 0xfd, 0xac, 0x0,

    /* U+9589 "閉" */
    0x44, 0xfc, 0x0, 0x34, 0x4f, 0x82, 0xed, 0x55,
    0xd6, 0x41, 0xf7, 0x55, 0xd6, 0x21, 0x1d, 0xdb,
    0x40, 0x32, 0xf7, 0x68, 0x0, 0xb8, 0x8b, 0x30,
    0x6, 0x12, 0x2d, 0xc0, 0x13, 0x6e, 0xea, 0x0,
    0xc9, 0xbb, 0x9c, 0x2, 0x8f, 0xfd, 0x80, 0x19,
    0x7f, 0xf4, 0x80, 0x5c, 0x45, 0x98, 0x3, 0x84,
    0x78, 0x2, 0x6d, 0xdd, 0x40, 0x19, 0x7b, 0xb4,
    0x0, 0x51, 0xff, 0xe2, 0xc, 0xff, 0xe9, 0x0,
    0xff, 0xe0, 0x41, 0x80, 0x7f, 0x85, 0x13, 0xcf,
    0x68, 0x90, 0x7, 0xc9, 0x77, 0xe0, 0x7b, 0xb4,
    0x80, 0x7c, 0xbf, 0xfb, 0x84, 0x2b, 0xfd, 0xa0,
    0x1f, 0xfc, 0xd, 0x20, 0xf, 0xfe, 0x26, 0xe,
    0x80, 0x7f, 0xf0, 0x8b, 0xb, 0x4, 0x3, 0xff,
    0x82, 0xda, 0x38, 0x20, 0x1f, 0xfc, 0x1a, 0x94,
    0xc2, 0x0, 0xff, 0xe1, 0x45, 0x58, 0x88, 0xd0,
    0x2, 0x77, 0xa8, 0x4, 0x2, 0x25, 0x0, 0x1e,
    0x5a, 0x20, 0x32, 0x20, 0x32, 0x1e, 0xe0, 0x1c,
    0x5f, 0xeb, 0x10, 0xbf, 0xf6, 0xb0, 0x0,

    /* U+958B "開" */
    0x44, 0xf8, 0xc0, 0x8, 0x9f, 0x82, 0xed, 0x55,
    0xaf, 0x40, 0x17, 0x55, 0xeb, 0x10, 0x8e, 0xed,
    0x20, 0x1a, 0x3b, 0xb5, 0x80, 0x5e, 0x45, 0xb8,
    0x3, 0x71, 0x17, 0x0, 0x4f, 0x99, 0x9c, 0x3,
    0x36, 0x66, 0x90, 0xa, 0x3b, 0xb4, 0x80, 0x68,
    0xee, 0xd6, 0x1, 0x71, 0x9e, 0xf0, 0xd, 0xc6,
    0x78, 0x80, 0x26, 0xdd, 0xce, 0x1, 0x9f, 0x33,
    0x40, 0x5, 0x1d, 0xde, 0x0, 0x7f, 0xfa, 0x80,
    0x39, 0xfb, 0xbf, 0xce, 0x1, 0xf2, 0xd5, 0x8c,
    0xd5, 0x1c, 0x2a, 0x8a, 0x1, 0xf1, 0x22, 0x81,
    0xa2, 0x38, 0x11, 0x4, 0x1, 0xff, 0xce, 0xef,
    0xf0, 0x5f, 0xfa, 0x7, 0xfd, 0xc0, 0x1f, 0x55,
    0x24, 0x22, 0xa8, 0xa3, 0x54, 0xb0, 0xf, 0x91,
    0x48, 0x1d, 0x55, 0xa0, 0xab, 0x0, 0x7f, 0x72,
    0x0, 0x7f, 0xf1, 0xd, 0x7c, 0x3, 0xff, 0x86,
    0x5c, 0xa8, 0x1, 0xe3, 0x77, 0x70, 0x8, 0x4,
    0xed, 0x40, 0x1f, 0x3c, 0x41, 0x5c, 0x3d, 0xc1,
    0x6c, 0x3, 0x9f, 0x81, 0x3f, 0xdd, 0x0,

    /* U+9593 "間" */
    0x44, 0xf8, 0xc0, 0x8, 0x9f, 0x82, 0xed, 0x55,
    0xaf, 0x40, 0x17, 0x55, 0xeb, 0x10, 0x8e, 0xed,
    0x0, 0x1a, 0x3b, 0xb4, 0x0, 0x5c, 0x45, 0xbc,
    0x3, 0x71, 0x16, 0xe0, 0x9, 0xb7, 0x73, 0x80,
    0x67, 0xdd, 0xce, 0x1, 0x47, 0xfe, 0x80, 0xd,
    0x3f, 0xfa, 0x40, 0x2e, 0x22, 0xde, 0x1, 0x84,
    0x7c, 0x1, 0x36, 0xee, 0x70, 0xd, 0x1d, 0xda,
    0x0, 0x28, 0xff, 0xee, 0x0, 0x7f, 0xfa, 0x40,
    0x3e, 0x33, 0xfc, 0x1, 0xfe, 0x1c, 0xcf, 0xc0,
    0x1f, 0xfc, 0xc, 0xff, 0xd4, 0x1, 0xff, 0xd4,
    0xcf, 0xfd, 0x40, 0x1f, 0xfc, 0x19, 0xcc, 0xd0,
    0x1, 0xff, 0xc1, 0x53, 0x3c, 0x40, 0x1f, 0xfc,
    0x14, 0x4e, 0xd0, 0xf, 0xfe, 0xc, 0xd5, 0x66,
    0x10, 0xf, 0xf8, 0xb7, 0xbb, 0xce, 0xf5, 0x0,
    0x80, 0x61, 0xd3, 0x0, 0xf6, 0xc4, 0x6, 0x43,
    0xdc, 0x3, 0xfe, 0xaf, 0xf6, 0xb0, 0x0,

    /* U+95DC "關" */
    0x4, 0x4f, 0x8c, 0x0, 0x68, 0x9f, 0x0, 0x2e,
    0xa6, 0x75, 0x68, 0x3, 0x6a, 0x67, 0x55, 0x98,
    0x2, 0xf7, 0x74, 0x0, 0x69, 0xdd, 0xe0, 0xd,
    0x7b, 0xba, 0x0, 0x34, 0xee, 0xf0, 0x6, 0x9f,
    0xfc, 0xc0, 0x19, 0xff, 0xf4, 0x0, 0x62, 0x2e,
    0xe0, 0xd, 0xc4, 0x59, 0x40, 0x35, 0x7f, 0xe9,
    0x0, 0xd1, 0xff, 0xb0, 0x3, 0x46, 0xec, 0x57,
    0x80, 0xc, 0x2a, 0xdd, 0xa8, 0x3, 0x11, 0x4a,
    0xc8, 0x20, 0x4, 0x15, 0x12, 0x23, 0x0, 0x79,
    0xa6, 0x1f, 0x81, 0x66, 0x1b, 0x44, 0x3, 0xf6,
    0x96, 0xcf, 0x87, 0x1d, 0x4e, 0x8, 0x7, 0xeb,
    0x90, 0xa8, 0xb, 0x80, 0xa8, 0x0, 0xfe, 0x8a,
    0x7c, 0x53, 0x7b, 0x4d, 0x53, 0x0, 0xfc, 0x88,
    0x1e, 0x79, 0xd4, 0x2f, 0x7a, 0x0, 0xfd, 0xab,
    0xc, 0x91, 0x2f, 0xe, 0xd6, 0x1, 0xff, 0xc0,
    0x20, 0x1, 0x0, 0x46, 0x1, 0xfc, 0x3f, 0xe1,
    0x0, 0xf, 0xf8, 0x40, 0x3f, 0x87, 0xfc, 0xe2,
    0x40, 0x3f, 0xe5, 0x0, 0xff, 0x9d, 0xd0, 0x1,
    0xd4, 0xf1, 0x20, 0x20, 0x1c, 0x97, 0x66, 0x0,
    0xf7, 0x33, 0xb8, 0x80,

    /* U+95E8 "门" */
    0x1, 0x0, 0xff, 0xe2, 0xe5, 0x0, 0x5, 0xdf,
    0xff, 0x80, 0x10, 0xae, 0x7, 0x11, 0xff, 0xc0,
    0x5, 0x78, 0x32, 0xff, 0xff, 0x40, 0x5, 0x5,
    0xc0, 0x1f, 0xfc, 0x1b, 0x60, 0xfe, 0x0, 0xff,
    0xe0, 0xaf, 0x1, 0x18, 0x7, 0xff, 0xfc, 0x3,
    0xff, 0xfe, 0x1, 0xff, 0xff, 0x0, 0xff, 0xe2,
    0x23, 0x35, 0x62, 0x1, 0xff, 0xc0, 0x29, 0x98,
    0x6c,

    /* U+95ED "闭" */
    0x0, 0xff, 0xe3, 0x2f, 0x18, 0x4, 0x67, 0xff,
    0xc0, 0x52, 0xd2, 0x2, 0xcc, 0xff, 0xe0, 0x6,
    0x87, 0x81, 0x6e, 0xff, 0x9c, 0x0, 0x34, 0x80,
    0x2, 0x2f, 0xf7, 0x82, 0x12, 0x48, 0x7, 0xa7,
    0x80, 0x3d, 0x6a, 0x1, 0xff, 0xc7, 0x23, 0x3f,
    0x80, 0xce, 0x0, 0xf7, 0x66, 0x79, 0x47, 0x32,
    0x10, 0xe, 0xed, 0xde, 0x30, 0x1d, 0xd8, 0x40,
    0x38, 0x8b, 0x9c, 0xc4, 0x8, 0xa0, 0xf, 0xf1,
    0xd2, 0xb8, 0x7, 0xff, 0x4, 0xf0, 0xe8, 0x3,
    0xff, 0x82, 0xb8, 0x78, 0x1, 0xff, 0xc1, 0x9a,
    0x6c, 0x0, 0xff, 0xe0, 0x27, 0x3d, 0xc8, 0x7,
    0xff, 0x5, 0x9f, 0xd0, 0x3, 0xff, 0x84, 0x52,
    0x20, 0x6, 0x77, 0x21, 0x80, 0x7f, 0xf0, 0x7a,
    0x64, 0x32, 0x1, 0xff, 0xc1, 0x8e, 0xe6, 0x20,
    0xa, 0xb6, 0x8, 0x7, 0xff, 0xa, 0xa5, 0xa3,
    0xdc, 0x3, 0xfe, 0x1f, 0xf6, 0xb0,

    /* U+95F4 "间" */
    0x0, 0xff, 0xe3, 0x27, 0x18, 0x4, 0x45, 0xff,
    0xc0, 0x42, 0xd2, 0x3, 0xdd, 0xff, 0xe0, 0x6,
    0x87, 0x81, 0xe6, 0x7f, 0x94, 0x0, 0x34, 0xe0,
    0x3, 0x3f, 0xf1, 0x2, 0x12, 0x50, 0x7, 0xff,
    0xa, 0xac, 0x2, 0x11, 0xfc, 0x1, 0xfc, 0x3d,
    0xdf, 0x84, 0x3, 0xfd, 0x7d, 0xda, 0x40, 0x3f,
    0xf8, 0xe, 0x23, 0x88, 0x3, 0xff, 0xa5, 0x9f,
    0xfa, 0xc0, 0x3f, 0xf8, 0x13, 0x77, 0xa0, 0x3,
    0xff, 0x80, 0xa8, 0x98, 0xc0, 0x3f, 0xfa, 0x48,
    0x9d, 0x80, 0x1f, 0xfc, 0x8, 0xbb, 0xce, 0x1,
    0xfe, 0x1f, 0xff, 0xc2, 0x1, 0xff, 0xd8, 0x55,
    0x18, 0x80, 0x7f, 0xf0, 0xa6, 0x96, 0x40,

    /* U+95F9 "闹" */
    0x0, 0xff, 0xe3, 0xf4, 0x80, 0x44, 0x5f, 0xfc,
    0x0, 0xb6, 0x70, 0x1d, 0xdf, 0xfe, 0x0, 0x2b,
    0xc1, 0x8e, 0x67, 0xf9, 0x80, 0x28, 0x36, 0x3,
    0xa, 0x33, 0xfb, 0x82, 0xc, 0x31, 0x40, 0x4,
    0xf0, 0x1, 0xf9, 0xd4, 0x3, 0x86, 0x50, 0x3,
    0xfe, 0xff, 0xe8, 0x3f, 0xfe, 0x10, 0xe, 0xcc,
    0xe3, 0x4c, 0xce, 0x10, 0xe, 0x33, 0xe6, 0x13,
    0x3e, 0x0, 0xf9, 0x57, 0x33, 0x15, 0x70, 0x7,
    0xea, 0xbb, 0x8c, 0xd7, 0x75, 0x0, 0x7f, 0x57,
    0x71, 0x55, 0xdc, 0xa0, 0xf, 0xff, 0xd6, 0x51,
    0x0, 0x7e, 0x95, 0x0, 0xed, 0xcd, 0x0, 0xfc,
    0xc2, 0x1, 0xc2, 0x40, 0x1f, 0xfc, 0x19, 0x90,
    0x4, 0xac, 0xcc, 0x20, 0xf, 0xc6, 0x60, 0xb,
    0xe6, 0x4d, 0x0,

    /* U+9632 "防" */
    0x0, 0xff, 0xe0, 0x88, 0x7, 0xcc, 0xdc, 0xa0,
    0x1d, 0x38, 0x1, 0xe2, 0x99, 0xea, 0x50, 0xd,
    0x44, 0x80, 0x1f, 0x67, 0xfa, 0x5, 0x40, 0x31,
    0x91, 0x80, 0x7f, 0xa9, 0xb7, 0xbb, 0x8a, 0x7b,
    0xb6, 0x80, 0x63, 0x29, 0xb9, 0x93, 0x8b, 0xc4,
    0xcf, 0x58, 0x6, 0x95, 0x16, 0x77, 0x68, 0x5b,
    0xbf, 0x98, 0x2, 0x15, 0xe0, 0xc, 0x20, 0x60,
    0x1f, 0xe1, 0x2d, 0x0, 0xc6, 0x2, 0x1, 0xff,
    0x7b, 0x28, 0x4, 0x21, 0xff, 0xe8, 0x0, 0xe2,
    0x68, 0x0, 0xb8, 0x66, 0x78, 0x3, 0xf6, 0x90,
    0x80, 0x15, 0x4c, 0xdc, 0x1, 0xf9, 0x41, 0x40,
    0x6, 0x60, 0xf, 0x78, 0x7, 0x8c, 0x1c, 0x8,
    0x34, 0x3, 0xc2, 0x1, 0x91, 0xa4, 0xc, 0x14,
    0x14, 0x3, 0x8, 0x18, 0x6, 0xc8, 0x6b, 0x0,
    0x52, 0x80, 0x71, 0x80, 0x80, 0x68, 0xed, 0x40,
    0x62, 0xe0, 0xe, 0x60, 0x70, 0xf, 0xc5, 0xa,
    0x80, 0x1c, 0x40, 0x40, 0x1f, 0xf, 0x85, 0x80,
    0x7b, 0x80, 0x40, 0x3c, 0x9e, 0x18, 0x20, 0x3,
    0x66, 0x3b, 0x20, 0x7, 0xe5, 0xc2, 0x0, 0x9e,
    0x65, 0x7, 0x20, 0x2, 0xf3, 0x0, 0x25, 0x88,
    0x6, 0x4f, 0xfb, 0x48, 0x0,

    /* U+9664 "除" */
    0x0, 0xff, 0xe0, 0x90, 0x80, 0x78, 0x59, 0xb8,
    0x80, 0x38, 0x72, 0x0, 0x3c, 0x53, 0x3d, 0xc0,
    0x1d, 0x42, 0x82, 0x1, 0xf7, 0x7f, 0x4, 0x80,
    0x6a, 0x5c, 0x1c, 0x10, 0xf, 0xcc, 0x2a, 0x1,
    0x5a, 0x61, 0xe3, 0x79, 0x80, 0x7d, 0x30, 0x0,
    0x3d, 0x5d, 0x20, 0x5, 0xa6, 0x48, 0x80, 0x65,
    0x6, 0x9, 0xc6, 0xf3, 0x0, 0xd5, 0x2d, 0xe6,
    0x1, 0x72, 0x80, 0xe, 0x87, 0xfb, 0xbd, 0x7d,
    0x26, 0x1, 0x4a, 0x28, 0x52, 0xfc, 0x44, 0x29,
    0x10, 0xb1, 0x70, 0xc, 0x53, 0x62, 0x0, 0x56,
    0x68, 0x31, 0x9a, 0x0, 0xf9, 0x81, 0x80, 0x3f,
    0xf8, 0xe9, 0x8a, 0xcd, 0xc1, 0x8c, 0xdc, 0x1,
    0xe3, 0x7e, 0x99, 0xe0, 0x59, 0x9e, 0x0, 0xf2,
    0xb5, 0xff, 0xf0, 0x4f, 0xff, 0x0, 0x4b, 0xbe,
    0x72, 0x0, 0x96, 0x0, 0xec, 0x50, 0xe, 0x5b,
    0x9e, 0x30, 0x36, 0x20, 0xe, 0xba, 0x20, 0xe,
    0x66, 0x8, 0x3, 0xcd, 0x0, 0x39, 0xcf, 0xc0,
    0x3f, 0x9c, 0xfc, 0x3, 0xee, 0x28, 0x0, 0xf8,
    0xe1, 0xcc, 0x3, 0xe2, 0x77, 0x8, 0x7, 0x8e,
    0x20, 0xa, 0x8a, 0x6, 0x1, 0x46, 0x8, 0x7,
    0xce, 0x0, 0x9b, 0xa3, 0x40, 0xc, 0x60, 0x7e,
    0x20, 0x1f, 0x67, 0xfb, 0x4, 0x3, 0xc0,

    /* U+967D "陽" */
    0x16, 0x6e, 0x30, 0x17, 0x7f, 0xe1, 0x0, 0x14,
    0xcf, 0x70, 0x14, 0x66, 0xef, 0x64, 0x28, 0x6,
    0xdf, 0xf0, 0xd8, 0x5, 0x35, 0x5d, 0x20, 0x1f,
    0x90, 0x58, 0x2, 0xfc, 0xce, 0xf0, 0xf, 0xdc,
    0xc0, 0x1a, 0xe2, 0x3a, 0xc0, 0x3e, 0x15, 0xa0,
    0xc, 0x89, 0xf0, 0x7, 0xcc, 0x26, 0x1, 0xb3,
    0x77, 0xb0, 0x3, 0xe6, 0x6, 0x0, 0x15, 0xd4,
    0xcf, 0x55, 0xa8, 0x7, 0xd, 0xc8, 0x80, 0xa2,
    0x7f, 0x8, 0x7, 0x94, 0x6f, 0xff, 0xff, 0x82,
    0x20, 0x1c, 0x83, 0xba, 0x70, 0xcd, 0xdf, 0xc2,
    0x1, 0xc4, 0xe4, 0x6e, 0xa0, 0x23, 0xf1, 0x80,
    0x79, 0x18, 0x28, 0x17, 0x33, 0xf2, 0x80, 0x6c,
    0xe3, 0xfb, 0x5d, 0xf3, 0x6f, 0xa0, 0xfd, 0x7,
    0x0, 0xd3, 0x19, 0x29, 0x44, 0xe5, 0x21, 0x2e,
    0x2, 0x2, 0x1, 0x95, 0x8e, 0xb1, 0xa, 0x2c,
    0x10, 0xe8, 0x18, 0x8, 0x3, 0xe6, 0x31, 0xf4,
    0x50, 0x85, 0x20, 0x31, 0x0, 0xfe, 0x2f, 0xb,
    0x7, 0x38, 0x0, 0x79, 0x0, 0x7f, 0x61, 0x60,
    0x34, 0x51, 0xa2, 0x1d, 0x40, 0x3f, 0xab, 0x4,
    0x6, 0x14, 0x2e, 0xc7, 0x60, 0x3, 0xf2, 0x0,
    0xc8, 0x1, 0x3b, 0x80, 0x7f, 0xda, 0x40, 0x0,

    /* U+96E2 "離" */
    0x0, 0xc4, 0x1, 0xff, 0xc7, 0xc6, 0x0, 0xf3,
    0xe8, 0x59, 0x80, 0x48, 0x99, 0x6d, 0x13, 0x0,
    0x2e, 0x80, 0x60, 0x2, 0x9b, 0xb9, 0xa, 0xef,
    0x9, 0x1b, 0x4, 0x21, 0x0, 0x36, 0x7b, 0x7f,
    0xd7, 0xb3, 0xc3, 0x48, 0x46, 0x2a, 0xe6, 0x60,
    0x82, 0xab, 0x59, 0x9, 0x21, 0x74, 0xcc, 0x96,
    0xb3, 0xc0, 0x28, 0x2a, 0x82, 0x0, 0x58, 0x47,
    0x72, 0x7, 0xb9, 0xa0, 0x7, 0x72, 0x54, 0x28,
    0x32, 0x80, 0x8e, 0x1, 0x18, 0x3, 0x62, 0xfb,
    0x83, 0x60, 0x80, 0x7f, 0xa6, 0xb3, 0x7f, 0xc0,
    0x3, 0x9, 0xff, 0x48, 0xff, 0x84, 0x2a, 0x64,
    0x87, 0x32, 0xb2, 0x0, 0x35, 0xd9, 0x86, 0xec,
    0x20, 0x89, 0x1a, 0x26, 0x10, 0x7, 0xa2, 0x3c,
    0x11, 0x1, 0x5f, 0xf2, 0xab, 0xfe, 0xe0, 0xf,
    0xf9, 0x72, 0x47, 0x32, 0x80, 0xb, 0xd5, 0x5e,
    0xa, 0xa0, 0x1, 0x9b, 0xdc, 0x64, 0xcc, 0x1,
    0x35, 0x51, 0x86, 0xa8, 0x1, 0xb, 0x59, 0x39,
    0x0, 0x69, 0xff, 0x48, 0xff, 0x80, 0x28, 0xe,
    0xe1, 0x40, 0x7, 0xff, 0xb, 0x62, 0x1f, 0xe6,
    0x10, 0xf, 0xfe, 0xa, 0x3a, 0x8, 0x60, 0x80,
    0x53, 0xfe, 0x91, 0xff, 0x50, 0x7, 0x84, 0x8c,
    0x2, 0x59, 0x9f, 0x70, 0x7, 0x93, 0x65, 0x80,
    0x18, 0xcd, 0xe4, 0xb8, 0x0, 0xcb, 0xfd, 0x1,
    0x8e, 0x1, 0xf0,

    /* U+96FB "電" */
    0x0, 0x19, 0xff, 0xf1, 0x0, 0x3b, 0x77, 0xec,
    0xc6, 0xef, 0xc0, 0x1d, 0xdd, 0xf1, 0x37, 0x77,
    0xc0, 0x12, 0x7f, 0xfe, 0x26, 0xff, 0xfc, 0x80,
    0x15, 0xee, 0xf8, 0x57, 0x77, 0xd6, 0x1, 0xca,
    0x2, 0x38, 0x8c, 0xc4, 0x23, 0x81, 0x40, 0x3d,
    0x51, 0x18, 0x2, 0x18, 0x8c, 0xa0, 0x19, 0x6c,
    0x62, 0xef, 0x0, 0x43, 0x77, 0x9c, 0x6d, 0x40,
    0x50, 0xbb, 0xb8, 0x2, 0x1e, 0xee, 0x34, 0x10,
    0x8, 0xbb, 0xb8, 0x17, 0x7, 0xbb, 0x8c, 0x3,
    0x97, 0xff, 0xcf, 0x5f, 0xfe, 0x70, 0xf, 0xb3,
    0x77, 0xb, 0x6e, 0xf0, 0x7, 0xf1, 0x19, 0xe0,
    0x13, 0x3e, 0x0, 0xfe, 0xee, 0xe1, 0x7e, 0xee,
    0x0, 0xfe, 0xff, 0xe1, 0x8f, 0xfe, 0x0, 0xfe,
    0x44, 0xe1, 0xd4, 0x4e, 0x0, 0xfe, 0x99, 0xe0,
    0x49, 0x9e, 0x21, 0x3d, 0x0, 0x85, 0x37, 0x78,
    0x5b, 0x77, 0xcc, 0xc2, 0x0, 0x92, 0xc0, 0x38,
    0xd4, 0xcf, 0xe9, 0x40, 0xf, 0xf4, 0x86, 0x67,
    0xc3, 0x0,

    /* U+96FE "雾" */
    0x0, 0xff, 0xe6, 0x17, 0xff, 0xff, 0x10, 0xc0,
    0x31, 0x7f, 0xfc, 0x2f, 0xff, 0xf1, 0x80, 0x49,
    0xdd, 0xf8, 0x5f, 0xbb, 0xf2, 0x0, 0x43, 0x9f,
    0xfe, 0x16, 0xff, 0xf6, 0x88, 0x7, 0x1d, 0x7f,
    0xd8, 0x20, 0x21, 0x99, 0xa8, 0x80, 0x3e, 0xbe,
    0xeb, 0x40, 0x21, 0xdd, 0xd6, 0x1, 0xc9, 0xe3,
    0x9d, 0xd6, 0x80, 0x43, 0xbb, 0xac, 0x7d, 0x0,
    0x3b, 0x3b, 0x97, 0x80, 0x10, 0xee, 0xeb, 0x0,
    0xfe, 0x1c, 0xa5, 0x2c, 0xa2, 0x2f, 0x0, 0x7e,
    0x5f, 0x22, 0x4f, 0xff, 0xb3, 0x74, 0x80, 0x1c,
    0xdb, 0x44, 0x71, 0xbb, 0xeb, 0x33, 0x6a, 0x0,
    0x7a, 0xff, 0x27, 0xb9, 0x4c, 0xf9, 0xfe, 0xec,
    0x20, 0xe, 0x22, 0x1b, 0xc7, 0x0, 0x16, 0xac,
    0x85, 0x62, 0x62, 0xe, 0xc2, 0x19, 0x71, 0x64,
    0x4e, 0xcd, 0xac, 0xef, 0xf6, 0xf0, 0xe, 0xf8,
    0x87, 0x7e, 0xe5, 0x42, 0x95, 0x40, 0x0, 0x4d,
    0x9e, 0x26, 0xa4, 0x2, 0x1f, 0xff, 0x38, 0xff,
    0xfc, 0x80, 0x1c, 0x3b, 0xbb, 0xc, 0xb3, 0x77,
    0xa4, 0x18, 0x3, 0xc4, 0x50, 0x41, 0x79, 0x91,
    0x70, 0x0, 0x80, 0x3c, 0x4b, 0x5a, 0x1e, 0x40,
    0x11, 0x91, 0x28, 0xc0, 0x3d, 0xba, 0x82, 0xdb,
    0x10, 0xd, 0xbb, 0x14, 0x0, 0x7b, 0x3b, 0x60,
    0x80, 0x3d, 0xdf, 0xee, 0x40, 0xc,

    /* U+9727 "霧" */
    0x0, 0xb7, 0x7f, 0xf8, 0x80, 0x1e, 0x99, 0xf8,
    0x9e, 0x67, 0xe0, 0xe, 0x15, 0x5f, 0x84, 0x95,
    0x7e, 0x10, 0x8, 0xfb, 0xff, 0xe1, 0x7f, 0xff,
    0xb8, 0xc0, 0x37, 0xf7, 0xfe, 0xe1, 0x8e, 0xff,
    0xec, 0x0, 0xfa, 0x37, 0x71, 0x0, 0x7, 0x77,
    0x40, 0x7, 0x14, 0xf, 0x3b, 0xe0, 0x8, 0x5d,
    0xf0, 0x9c, 0x10, 0x0, 0x5c, 0x1e, 0x23, 0x14,
    0x98, 0x6e, 0x44, 0x28, 0x5c, 0x40, 0x26, 0x63,
    0xaa, 0xe3, 0x74, 0x29, 0xe3, 0x31, 0x8, 0x7,
    0x66, 0x76, 0xcd, 0x81, 0x78, 0x37, 0xfd, 0xd2,
    0x1, 0xaa, 0xe, 0xe1, 0xdd, 0xd, 0xa0, 0xbf,
    0xf2, 0xa4, 0x80, 0x71, 0x66, 0x53, 0x0, 0x79,
    0xb9, 0xb1, 0xd9, 0x60, 0x1a, 0xbb, 0x96, 0x63,
    0x7d, 0xc4, 0x33, 0x79, 0x98, 0x75, 0x8c, 0x2,
    0xbc, 0xc3, 0x88, 0xb2, 0xcd, 0xbb, 0x83, 0x51,
    0xc7, 0x79, 0xa0, 0x1, 0x21, 0x64, 0x2, 0xca,
    0x4a, 0xc9, 0x8b, 0x9, 0xcc, 0x78, 0x4, 0x3c,
    0xbc, 0x0, 0x46, 0x4b, 0xee, 0x1b, 0xf7, 0x52,
    0x40, 0x2, 0xc0, 0xa0, 0xb, 0x45, 0xff, 0xce,
    0x3f, 0xf2, 0x18, 0x5, 0xe3, 0x80, 0x1f, 0x91,
    0xec, 0x2, 0x6f, 0x0, 0xbb, 0x4, 0x44, 0x1,
    0x8a, 0x6e, 0x14, 0x85, 0x9, 0x40, 0x23, 0x5,
    0xe9, 0x60, 0x3, 0x69, 0xe3, 0x87, 0x72, 0x9c,
    0xc0, 0x39, 0x7f, 0xa0, 0x0, 0xdf, 0x46, 0x0,
    0xcf, 0xe8, 0x0, 0x80,

    /* U+9762 "面" */
    0x7f, 0xff, 0xfe, 0x37, 0x24, 0x47, 0xe0, 0x28,
    0x8f, 0xe3, 0x77, 0xf9, 0x42, 0x9d, 0xff, 0x30,
    0x7, 0xe4, 0x5, 0x0, 0xff, 0x1b, 0x37, 0xa8,
    0x15, 0x9b, 0xe5, 0x0, 0x24, 0xcf, 0x8c, 0x22,
    0x67, 0xe8, 0x0, 0x87, 0xfe, 0x46, 0xff, 0xd0,
    0x5f, 0xf2, 0x80, 0x7f, 0xf4, 0x5b, 0x77, 0x48,
    0x7, 0xff, 0x8, 0xe2, 0x32, 0x0, 0x7f, 0xf0,
    0x95, 0x7b, 0x40, 0x3f, 0xfa, 0xcd, 0xff, 0xa0,
    0x3, 0xff, 0x84, 0x97, 0x79, 0x40, 0x3f, 0xf8,
    0x44, 0x89, 0xb4, 0x3, 0xff, 0xa2, 0x3f, 0xf2,
    0x37, 0xfe, 0x82, 0xff, 0x94, 0x3, 0xa6, 0x7f,
    0xf8, 0x46, 0x1, 0x85, 0x9b, 0xff, 0x86, 0x0,

    /* U+9805 "項" */
    0x0, 0xfc, 0x4a, 0xbf, 0xfc, 0x0, 0xf, 0xe4,
    0xaa, 0xff, 0xe0, 0x0, 0x33, 0x77, 0xc3, 0xff,
    0xb0, 0x27, 0xff, 0x80, 0x15, 0x76, 0x26, 0xbb,
    0x20, 0x6, 0x40, 0x70, 0xf, 0x99, 0xa0, 0x36,
    0x61, 0xa7, 0xfd, 0x1, 0xdf, 0xf8, 0x80, 0x3f,
    0xf8, 0x15, 0x99, 0xe8, 0x0, 0xff, 0xe1, 0x21,
    0x9f, 0xc0, 0x1f, 0xfc, 0x25, 0x22, 0xf8, 0x3,
    0xff, 0x85, 0x7b, 0xbe, 0x90, 0xf, 0xfe, 0x17,
    0x7f, 0xfa, 0xc0, 0x3f, 0xfa, 0x84, 0xc0, 0xe,
    0xff, 0xf5, 0x80, 0x7e, 0x4c, 0xd8, 0x0, 0x5e,
    0xef, 0xa4, 0x3, 0xb, 0x58, 0x1b, 0xd7, 0x0,
    0x14, 0x8b, 0xe0, 0x8, 0xba, 0x5a, 0x3a, 0xd4,
    0x2, 0x75, 0x5f, 0x60, 0x4, 0x4f, 0x9a, 0xe2,
    0x1, 0x39, 0x5c, 0x47, 0x94, 0x80, 0x28, 0x30,
    0xf, 0x1e, 0xcd, 0x6e, 0xd1, 0xd, 0xd1, 0x0,
    0x7f, 0x8a, 0xaf, 0x44, 0x1, 0xb5, 0x86, 0x1,
    0xfc, 0xb7, 0xaf, 0x74, 0x20, 0x8, 0xd7, 0xc8,
    0x0, 0xfd, 0x83, 0x9a, 0x80, 0x1c, 0x57, 0x26,
    0x20,

    /* U+9810 "預" */
    0x3, 0x55, 0xf8, 0x55, 0x7f, 0xe0, 0x4, 0xd5,
    0x7d, 0x37, 0x7a, 0xa9, 0x77, 0xa0, 0x1, 0x5f,
    0xfb, 0x45, 0x63, 0xbb, 0x30, 0x77, 0x6d, 0x0,
    0x95, 0x0, 0x7c, 0xe8, 0x3, 0x91, 0x40, 0x3f,
    0x65, 0xdb, 0x43, 0x0, 0xb, 0xff, 0x12, 0xff,
    0xe3, 0x0, 0xa7, 0x18, 0xec, 0x40, 0x35, 0xe6,
    0x75, 0x0, 0x78, 0xf5, 0x65, 0x80, 0x32, 0x19,
    0xf3, 0x0, 0x66, 0x6d, 0x85, 0x4c, 0xa6, 0xe,
    0xfe, 0xa0, 0x8, 0x66, 0x78, 0x8e, 0x68, 0xc3,
    0x37, 0x78, 0x80, 0x21, 0xff, 0xa4, 0x3f, 0xca,
    0xc0, 0xb, 0xaa, 0xe8, 0x0, 0xff, 0xa, 0xd0,
    0x0, 0x40, 0x3f, 0xf8, 0x8c, 0x66, 0x0, 0x77,
    0xff, 0x60, 0x7, 0xf8, 0xfc, 0x2, 0xde, 0xee,
    0xb0, 0xf, 0xf2, 0x18, 0x4, 0x42, 0x3c, 0xe0,
    0x1f, 0xfc, 0x3d, 0xdf, 0x70, 0x7, 0xff, 0x5,
    0x2a, 0x23, 0xea, 0x20, 0xf, 0xf8, 0x57, 0x30,
    0xaa, 0x69, 0x65, 0x10, 0xf, 0xf8, 0xb1, 0xb8,
    0x0, 0x41, 0x8e, 0x1, 0xb, 0x33, 0x4, 0x0,
    0x33, 0xa3, 0x6e, 0x0, 0x1c, 0x78, 0x90, 0x0,
    0xcc, 0x92, 0x40, 0xe, 0xe9, 0xd4, 0x0, 0xe8,
    0x94, 0x20, 0x7, 0xfb, 0x9c, 0x0, 0xdc, 0xc0,
    0x1f, 0x9b, 0x48,

    /* U+986F "顯" */
    0x0, 0x2a, 0xff, 0xa, 0x2a, 0xfc, 0x60, 0x15,
    0x4f, 0xff, 0x75, 0x14, 0xd5, 0x7d, 0x0, 0x1a,
    0x2a, 0xbc, 0x0, 0xdf, 0xf4, 0xf, 0xfd, 0x60,
    0x1a, 0x2a, 0xbc, 0x1, 0xdc, 0xa0, 0x1f, 0xaf,
    0xbb, 0xc0, 0x4, 0xff, 0x32, 0x7f, 0xc8, 0x1,
    0x8d, 0x13, 0xc0, 0x1b, 0x33, 0x80, 0x3d, 0x7f,
    0xfd, 0xc0, 0x18, 0xcf, 0x84, 0x3, 0x58, 0xd6,
    0x64, 0x8d, 0x86, 0x0, 0x33, 0xe1, 0x0, 0xc6,
    0xaa, 0x33, 0x12, 0x51, 0x0, 0x5b, 0xbc, 0x1,
    0x8a, 0x64, 0x9c, 0x34, 0xc7, 0x8e, 0x0, 0xee,
    0xe1, 0x0, 0xb8, 0x72, 0xec, 0x88, 0x6f, 0x17,
    0x0, 0xff, 0xbb, 0x49, 0x91, 0x7a, 0x47, 0xc8,
    0x1, 0xff, 0xc2, 0x1, 0x14, 0x35, 0x68, 0x24,
    0x62, 0xc8, 0x3, 0xbb, 0x84, 0x2, 0xa5, 0x6e,
    0x38, 0xa1, 0xc8, 0x4c, 0x1, 0x1e, 0x0, 0xdf,
    0x5f, 0x93, 0xb7, 0xb9, 0x89, 0x10, 0xdd, 0xe1,
    0x0, 0x97, 0x5c, 0x8d, 0x3c, 0x93, 0xda, 0x2a,
    0x23, 0xa9, 0x40, 0x27, 0x6, 0x91, 0x65, 0x60,
    0x61, 0x48, 0x25, 0x9, 0x41, 0x0, 0x30, 0xa3,
    0x18, 0x2f, 0x84, 0xa, 0x78, 0x30, 0x2b, 0xf9,
    0x0, 0x22, 0x40, 0x40, 0x17, 0x80, 0xbf, 0x6f,
    0xa2, 0x0, 0xb2, 0xc0, 0x5, 0x38, 0x17, 0x1,
    0xb0, 0x2, 0xb2, 0x40, 0x3b, 0x68, 0x0,

    /* U+9879 "项" */
    0x0, 0xfc, 0x8c, 0xdf, 0xfc, 0x0, 0xf, 0xee,
    0x99, 0xff, 0xe0, 0x0, 0x33, 0x3e, 0xaf, 0xfc,
    0xc1, 0xdf, 0xfc, 0x0, 0xbb, 0x21, 0xb5, 0xd8,
    0x3, 0x99, 0x82, 0x1, 0xf3, 0xba, 0x43, 0xdd,
    0xc1, 0xbd, 0xcf, 0x6, 0xee, 0xce, 0x1, 0xff,
    0x1a, 0xc4, 0xcd, 0x11, 0xf, 0x80, 0x7f, 0xf0,
    0x31, 0x98, 0xe4, 0xcd, 0x0, 0x7f, 0xf1, 0x52,
    0xc8, 0x3, 0xff, 0xfe, 0x1, 0x8c, 0x3, 0xe3,
    0x0, 0xfe, 0x30, 0x9e, 0xc2, 0x0, 0xc4, 0x2,
    0x1, 0xe1, 0x6a, 0xd0, 0x19, 0xd2, 0x0, 0xda,
    0x20, 0x1f, 0x1c, 0xbb, 0xb7, 0x4e, 0x41, 0x8,
    0x2, 0xae, 0x1, 0x55, 0x80, 0xb, 0x36, 0x8,
    0x3, 0x31, 0x85, 0xc, 0x43, 0x91, 0x4c, 0x2,
    0x30, 0xf, 0xc5, 0x89, 0x43, 0x29, 0x72, 0x1,
    0xff, 0x1c, 0xe8, 0xe2, 0x0, 0xd5, 0x1b, 0x48,
    0x3, 0xf4, 0xe2, 0x4e, 0x98, 0x6, 0x5d, 0xf,
    0x0, 0xfd, 0x19, 0xac, 0x1, 0xf1, 0x67, 0x80,

    /* U+9884 "预" */
    0x3, 0x55, 0xf8, 0x15, 0xdf, 0xfc, 0x0, 0x9a,
    0xaf, 0x93, 0xe6, 0x74, 0x42, 0x67, 0x0, 0x2b,
    0xff, 0x70, 0xb2, 0x57, 0x75, 0x81, 0x3d, 0xd8,
    0x2, 0x32, 0x1, 0xd2, 0x90, 0xe, 0x50, 0x60,
    0xf, 0xa3, 0x5f, 0x3, 0x0, 0x2e, 0xff, 0x40,
    0x7f, 0xe2, 0x0, 0xad, 0xe0, 0xb8, 0x3, 0xa,
    0xd5, 0x73, 0x80, 0x7a, 0x2c, 0x71, 0x0, 0x36,
    0x2a, 0xf6, 0x0, 0x64, 0x48, 0x20, 0x65, 0x10,
    0x1, 0x8b, 0xcc, 0x3, 0x86, 0xef, 0x48, 0x15,
    0xd8, 0x3, 0xff, 0x80, 0x3f, 0xf4, 0x7, 0xf9,
    0x54, 0x1, 0xff, 0xc4, 0x10, 0x0, 0xac, 0x80,
    0x7f, 0xf1, 0xd8, 0xcc, 0x1, 0xff, 0xc7, 0x3f,
    0x0, 0xe6, 0x1, 0x0, 0xff, 0xe0, 0x21, 0x80,
    0x71, 0x1, 0x80, 0x7f, 0xf1, 0x21, 0x43, 0x4c,
    0x41, 0x60, 0xc0, 0x3f, 0xf8, 0xe, 0x64, 0x95,
    0x30, 0x2e, 0x20, 0x1f, 0xfc, 0x11, 0xf2, 0x6e,
    0x79, 0x0, 0xff, 0xe1, 0x27, 0x87, 0x83, 0xcb,
    0x50, 0x4, 0x2c, 0xcc, 0x10, 0x9, 0x2e, 0xc9,
    0x84, 0x0, 0x6a, 0x5a, 0x0, 0xc, 0xc9, 0x24,
    0x2, 0x20, 0xca, 0x10, 0xc, 0xb2, 0x40,

    /* U+989C "颜" */
    0x0, 0xe3, 0x20, 0xf, 0xfe, 0x44, 0xc8, 0x3,
    0x84, 0x7f, 0x80, 0x2, 0x67, 0x6a, 0x29, 0x9d,
    0x5d, 0xdf, 0xb0, 0x0, 0xd9, 0x94, 0x5, 0x66,
    0x36, 0xfb, 0xa7, 0x2e, 0xeb, 0x0, 0xf, 0xef,
    0x5f, 0xf4, 0xbf, 0x8, 0xe4, 0xb1, 0x1c, 0x1,
    0xbe, 0xc0, 0x28, 0xe0, 0x18, 0x88, 0xfe, 0x22,
    0x10, 0xc, 0xe0, 0x60, 0xe6, 0xc0, 0x7, 0x21,
    0x60, 0x12, 0x70, 0xd, 0xfe, 0x1c, 0xf8, 0x2f,
    0xc0, 0x4, 0x4d, 0xe4, 0xc0, 0x7, 0x9e, 0xef,
    0x4c, 0xbc, 0x3, 0x24, 0x80, 0x7e, 0xd4, 0x48,
    0xa7, 0xc, 0x3, 0xff, 0x88, 0xdb, 0x32, 0xa0,
    0xf, 0xfe, 0x1e, 0x7c, 0x2f, 0x31, 0x0, 0x70,
    0xb8, 0x7, 0xec, 0xbe, 0x81, 0xac, 0x10, 0xd,
    0xe2, 0x1, 0xf8, 0x50, 0x13, 0x5f, 0x4, 0x3,
    0x11, 0x0, 0x3c, 0x20, 0xeb, 0x96, 0x9a, 0x40,
    0x1c, 0xdc, 0x1, 0xe3, 0xa, 0xa3, 0x6c, 0x8f,
    0x40, 0x4, 0x26, 0x80, 0x1, 0x0, 0x98, 0x27,
    0x68, 0x8f, 0xe, 0x47, 0xc9, 0x88, 0x8a, 0x5c,
    0x20, 0x3, 0x20, 0x21, 0x8c, 0x6c, 0x10, 0x1,
    0xc4, 0xe, 0xe8, 0x3, 0x63, 0x94, 0xf3, 0x4d,
    0x88, 0x1, 0xb1, 0x94, 0xf1, 0xf0, 0x40, 0x53,
    0x39, 0xe3, 0x98, 0x6, 0x3a, 0x26, 0x40, 0x2,
    0xd0, 0xd0, 0x18, 0x7c, 0xe7, 0x0, 0x84, 0x57,
    0xcc, 0x1, 0xdb, 0x40,

    /* U+98FD "飽" */
    0x0, 0xe2, 0x60, 0xf, 0x28, 0x7, 0xff, 0x7,
    0xe0, 0x3, 0x96, 0x88, 0x3, 0xfe, 0xb3, 0xd,
    0x20, 0xb, 0x88, 0x80, 0x1f, 0xc3, 0x6b, 0x9e,
    0x38, 0x60, 0x28, 0x5f, 0xfe, 0xa0, 0x2, 0x7a,
    0x68, 0x9e, 0x16, 0x13, 0x4, 0xd5, 0x71, 0x80,
    0x6, 0xcf, 0x4e, 0x2c, 0x32, 0xe, 0x55, 0x95,
    0x79, 0xc0, 0x3, 0x38, 0x41, 0xac, 0x20, 0xf0,
    0x3e, 0x45, 0x80, 0x3c, 0xcf, 0xfe, 0x90, 0xef,
    0x76, 0x1a, 0xdd, 0xca, 0x1, 0xf0, 0xf7, 0x60,
    0x2c, 0x81, 0xff, 0x84, 0x3, 0xff, 0x86, 0x60,
    0x1f, 0x9c, 0xc0, 0x30, 0xf7, 0x60, 0xf, 0xfe,
    0x28, 0xff, 0xe0, 0xf, 0xf8, 0x40, 0x3f, 0xf8,
    0x43, 0x99, 0x8, 0x0, 0xc4, 0x3, 0xf, 0xfe,
    0x0, 0xea, 0xaa, 0x5c, 0x87, 0x80, 0x30, 0xee,
    0xd7, 0xa8, 0x0, 0x16, 0x6a, 0xf3, 0x41, 0x0,
    0x38, 0x88, 0x16, 0x62, 0x1, 0xee, 0xba, 0xe2,
    0x0, 0xf8, 0x8e, 0x0, 0x3e, 0x35, 0x50, 0xa8,
    0x7, 0xce, 0x4c, 0x20, 0x1f, 0xc5, 0x44, 0x0,
    0xe1, 0x7e, 0x86, 0x16, 0x0, 0xfe, 0x60, 0x20,
    0x26, 0x9, 0x97, 0x43, 0x48, 0x10, 0xb2, 0x27,
    0x79, 0x80, 0x4, 0x27, 0x9c, 0x42, 0xa8, 0x8,
    0xb1, 0x77, 0xcb, 0x0, 0x3, 0xe6, 0x0, 0xc4,
    0x80, 0xa, 0xef, 0xfe, 0xe4, 0x0,

    /* U+9971 "饱" */
    0x0, 0x8c, 0x80, 0x3c, 0x46, 0x1, 0xff, 0xc0,
    0xf8, 0x0, 0xf4, 0xf8, 0x7, 0xff, 0x0, 0xf4,
    0x3, 0x85, 0x28, 0x3, 0xfe, 0x30, 0x40, 0xe,
    0x90, 0x9e, 0xef, 0x58, 0x6, 0x50, 0xcf, 0xf9,
    0xc1, 0x96, 0x62, 0x38, 0x9c, 0x3, 0x61, 0xd5,
    0x24, 0xe, 0x2, 0x99, 0xbc, 0xa0, 0x1c, 0xb4,
    0xaa, 0x1, 0x77, 0x40, 0x7, 0xff, 0x1, 0x81,
    0xc0, 0x14, 0xdc, 0x91, 0xff, 0xca, 0x1, 0xe8,
    0x60, 0x93, 0x79, 0x95, 0x3, 0x66, 0x40, 0x1f,
    0x9, 0x58, 0x33, 0xd8, 0xa0, 0x87, 0x19, 0xc0,
    0x11, 0x80, 0x43, 0x84, 0x1, 0xff, 0xc4, 0x70,
    0xf, 0xfe, 0xbd, 0x56, 0x0, 0x98, 0x40, 0x3f,
    0xf8, 0x22, 0x45, 0x3b, 0x80, 0x88, 0x1, 0xff,
    0xc1, 0xb8, 0x88, 0xb7, 0xc7, 0x0, 0x3f, 0x8c,
    0x3, 0xe8, 0xaa, 0x6a, 0x0, 0x7e, 0x7c, 0x0,
    0xf8, 0x95, 0x44, 0x50, 0x7, 0xbe, 0x1c, 0x3,
    0xfe, 0x7d, 0x0, 0xca, 0x9, 0x10, 0x0, 0xff,
    0x88, 0x40, 0x36, 0x84, 0xb8, 0x4, 0x54, 0xaa,
    0x44, 0xcb, 0x28, 0x1, 0x8a, 0x58, 0x3, 0x78,
    0xd5, 0x2e, 0xf5, 0x14, 0x0, 0x6b, 0x60, 0xe,
    0x3c, 0xff, 0xfb, 0x8, 0x0,

    /* U+9AD4 "體" */
    0x0, 0xff, 0xe0, 0x51, 0x5, 0x10, 0x6, 0xad,
    0xde, 0x40, 0xc, 0xa2, 0xa, 0x20, 0x18, 0x5e,
    0x22, 0x21, 0xb, 0xff, 0x6, 0x78, 0x67, 0xf8,
    0x40, 0x1a, 0xab, 0x8, 0x4, 0xfa, 0x75, 0xa1,
    0x98, 0x0, 0xd1, 0xfa, 0x1, 0xdc, 0x40, 0xc4,
    0x4, 0x40, 0xd, 0x1a, 0x1, 0xe9, 0xf3, 0xcf,
    0xe, 0xe0, 0x6, 0x13, 0x0, 0xf4, 0x71, 0xd7,
    0x6, 0xe8, 0x1, 0x49, 0x7a, 0x58, 0x31, 0x21,
    0xe4, 0x26, 0x40, 0xcc, 0x0, 0x3b, 0x44, 0xd4,
    0xd3, 0x28, 0xaf, 0x5, 0xf1, 0x4c, 0x88, 0x1,
    0xce, 0xfc, 0x21, 0x5b, 0xbf, 0xc3, 0x98, 0xdd,
    0xee, 0xff, 0xff, 0xa8, 0x44, 0xdf, 0xf0, 0x0,
    0xf7, 0x7f, 0xd0, 0x0, 0x32, 0x28, 0x2, 0x3b,
    0xbf, 0xce, 0x40, 0x5, 0xdd, 0x80, 0x33, 0x7,
    0x77, 0x3e, 0x0, 0x4d, 0xff, 0x0, 0x75, 0xbb,
    0xf1, 0x0, 0x63, 0x22, 0x80, 0x3a, 0x99, 0xb8,
    0x40, 0x32, 0xee, 0xc0, 0x19, 0x4b, 0x33, 0x53,
    0xf8, 0x4, 0xdf, 0xf0, 0x4, 0x34, 0xff, 0x55,
    0x16, 0xb0, 0x7, 0xff, 0x1, 0xfc, 0x0, 0x82,
    0xc0, 0x1e, 0x58, 0x0, 0x9, 0x13, 0x54, 0xcb,
    0x8c, 0xc4, 0x40, 0xc, 0x48, 0xa8, 0xdb, 0xa8,
    0xc, 0xd5, 0x3d, 0xd6, 0x0,

    /* U+9B27 "鬧" */
    0xd6, 0x23, 0x3e, 0x2, 0x33, 0xe1, 0x7d, 0x31,
    0xae, 0xdc, 0xef, 0x5, 0xed, 0xce, 0xe2, 0x79,
    0x80, 0x23, 0x59, 0x77, 0x1, 0xf7, 0x41, 0xba,
    0x50, 0xd, 0x1e, 0xeb, 0xf6, 0xd, 0xf8, 0x1f,
    0xe3, 0x0, 0xd3, 0xac, 0x9b, 0x40, 0xdb, 0x41,
    0xba, 0x30, 0xc, 0x60, 0x18, 0xc0, 0x40, 0xc0,
    0x21, 0x0, 0xd1, 0x8e, 0xb9, 0x80, 0x8c, 0x81,
    0xcc, 0x30, 0x6, 0xae, 0xed, 0xf5, 0x1d, 0xdc,
    0xe0, 0x1c, 0x45, 0x8d, 0x20, 0x8b, 0x80, 0x38,
    0xb7, 0x78, 0x5b, 0x77, 0x80, 0x38, 0xbf, 0xf8,
    0xa3, 0xff, 0x80, 0x3e, 0x44, 0xc7, 0xa8, 0x98,
    0x3, 0xe1, 0xb9, 0x88, 0xa, 0x44, 0x2a, 0x0,
    0x3f, 0xbf, 0x30, 0x53, 0x98, 0x90, 0xf, 0xff,
    0x38, 0xae, 0x0, 0x7f, 0x19, 0x80, 0x30, 0xf0,
    0xc0, 0x7, 0xc3, 0x82, 0x1, 0xd7, 0x4c, 0xaa,
    0x33, 0x0, 0x7f, 0xf0, 0x5a, 0xa8, 0xd1, 0xce,
    0x1, 0xed, 0x70, 0x9, 0x3f, 0xda, 0xa0,

    /* U+9EDE "點" */
    0x0, 0xff, 0xe1, 0xa9, 0x80, 0x7d, 0xbb, 0xf9,
    0xc0, 0x35, 0xd8, 0x3, 0xe2, 0x99, 0x3b, 0xa6,
    0x43, 0xe0, 0x1f, 0xfc, 0x22, 0x62, 0x22, 0x9b,
    0x80, 0x7f, 0xf0, 0xc5, 0x0, 0x9, 0xc0, 0x1f,
    0xfc, 0x44, 0xc0, 0x6, 0x68, 0x7, 0xc6, 0xcd,
    0x88, 0x2, 0x26, 0x0, 0x2a, 0x0, 0x7c, 0x93,
    0x39, 0x80, 0x37, 0x0, 0xf8, 0x80, 0x7c, 0xff,
    0xf9, 0x0, 0x2e, 0xd7, 0x6c, 0xe4, 0x0, 0xff,
    0xe1, 0x7f, 0xca, 0xaf, 0xfa, 0x0, 0x3f, 0xf8,
    0x2, 0xcd, 0xf9, 0x0, 0x3f, 0xf8, 0x7, 0x77,
    0x19, 0xae, 0xed, 0x5f, 0xf8, 0x5f, 0xfe, 0x70,
    0x1, 0x6e, 0xca, 0xad, 0xda, 0x40, 0x11, 0x55,
    0xc0, 0x1c, 0x24, 0x6c, 0xd3, 0xbc, 0x0, 0x65,
    0x5e, 0x0, 0xd5, 0xdb, 0x86, 0x57, 0x6c, 0xf0,
    0xf, 0xfe, 0x4, 0x66, 0xf7, 0xf6, 0xf7, 0xc0,
    0x7, 0xff, 0x0, 0xa4, 0x68, 0xe2, 0x7, 0x44,
    0x1, 0xff, 0xc1, 0x41, 0x24, 0xa6, 0x18, 0x90,
    0xf, 0xfe, 0x1, 0x89, 0x77, 0x8, 0xd1, 0x84,
    0x1, 0xdd, 0xe0, 0xd, 0x2a, 0x4, 0x0, 0xe5,
    0xa, 0x0, 0x44, 0x78, 0x3, 0x1c, 0x82, 0xc8,
    0x18, 0x80, 0x66, 0x6f, 0x8, 0x80, 0x12, 0x60,
    0x1f, 0x97, 0xc4, 0x3, 0xb9, 0x80,

    /* U+FF01 "！" */
    0x3, 0x30, 0x87, 0xe2, 0x0, 0x7f, 0x38, 0x8,
    0x8, 0x38, 0x18, 0x8, 0x7, 0x8, 0x18, 0x78,
    0x8, 0x8, 0x4, 0x62, 0x0, 0x5e, 0x0, 0xf2,
    0x40, 0x85, 0x3b, 0x2, 0x1, 0x85, 0x7a, 0x0,

    /* U+FF08 "（" */
    0x0, 0xcc, 0xc0, 0x9, 0x24, 0x2, 0x1b, 0x66,
    0x0, 0x2c, 0x64, 0x0, 0x6b, 0x0, 0x15, 0xb,
    0x0, 0x4e, 0xc0, 0x11, 0x8d, 0x80, 0x4c, 0x4,
    0x1, 0x10, 0x8, 0x5, 0xe2, 0x1, 0xbc, 0x40,
    0x30, 0x80, 0x71, 0x1, 0x0, 0x48, 0xa, 0x1,
    0x92, 0xc0, 0x37, 0x19, 0x80, 0x25, 0x3f, 0x0,
    0xde, 0x6c, 0x1, 0x1b, 0xc9, 0x80, 0x50, 0x94,
    0x1, 0xae, 0x40,

    /* U+FF09 "）" */
    0x66, 0x0, 0x74, 0xa0, 0x4, 0xcc, 0xb1, 0x0,
    0xa4, 0x6c, 0x3, 0x42, 0x98, 0x4, 0xc3, 0x40,
    0x19, 0xdc, 0x1, 0xb4, 0x4c, 0x2, 0x50, 0x60,
    0x8, 0x40, 0x80, 0x30, 0xf8, 0x6, 0x1f, 0x0,
    0xe1, 0x0, 0x88, 0x8, 0x2, 0x50, 0x40, 0xa,
    0xd4, 0x2, 0x33, 0x78, 0x5, 0xe6, 0xa0, 0x6,
    0x3f, 0x0, 0x1c, 0xb9, 0x80, 0x29, 0x60, 0x2,
    0x9a, 0x0, 0xc0,

    /* U+FF1A "：" */
    0x6, 0xc6, 0x0, 0x49, 0xc8, 0x1, 0x1, 0x0,
    0x17, 0xb6, 0x1, 0x10, 0x7, 0xff, 0x56, 0x3e,
    0x0, 0xe, 0xe, 0x0, 0x70, 0x70, 0x4, 0x7c,
    0x0,

    /* U+FF1F "？" */
    0x0, 0x89, 0xe5, 0xd0, 0x3, 0xa7, 0x61, 0xe2,
    0xf0, 0x0, 0x38, 0xd1, 0xdc, 0xf6, 0x3a, 0x1,
    0xbc, 0x71, 0x0, 0x49, 0x28, 0x1, 0xcc, 0x3,
    0x98, 0x4, 0x3, 0xf2, 0x88, 0x80, 0x3e, 0xa1,
    0xb0, 0xf, 0xa9, 0x65, 0x40, 0x3c, 0xeb, 0xc,
    0x1, 0xe3, 0x86, 0x70, 0xf, 0xa8, 0x20, 0x3,
    0xf0, 0x90, 0x80, 0x7e, 0x8d, 0x0, 0xff, 0xe4,
    0x24, 0x0, 0x7f, 0x5b, 0xb0, 0x7, 0xe4, 0x5,
    0x0, 0xfd, 0x7e, 0x60, 0x18
};


/*---------------------
 *  GLYPH DESCRIPTION
 *--------------------*/

static const lv_font_fmt_txt_glyph_dsc_t glyph_dsc[] = {
    {.bitmap_index = 0, .adv_w = 0, .box_w = 0, .box_h = 0, .ofs_x = 0, .ofs_y = 0} /* id = 0 reserved */,
    {.bitmap_index = 0, .adv_w = 352, .box_w = 8, .box_h = 8, .ofs_x = 0, .ofs_y = -2},
    {.bitmap_index = 31, .adv_w = 352, .box_w = 22, .box_h = 3, .ofs_x = 0, .ofs_y = 7},
    {.bitmap_index = 44, .adv_w = 352, .box_w = 20, .box_h = 18, .ofs_x = 1, .ofs_y = -1},
    {.bitmap_index = 104, .adv_w = 352, .box_w = 20, .box_h = 20, .ofs_x = 1, .ofs_y = -1},
    {.bitmap_index = 152, .adv_w = 352, .box_w = 21, .box_h = 19, .ofs_x = 1, .ofs_y = -2},
    {.bitmap_index = 254, .adv_w = 352, .box_w = 20, .box_h = 20, .ofs_x = 1, .ofs_y = -1},
    {.bitmap_index = 384, .adv_w = 352, .box_w = 18, .box_h = 21, .ofs_x = 2, .ofs_y = -2},
    {.bitmap_index = 447, .adv_w = 352, .box_w = 22, .box_h = 21, .ofs_x = 0, .ofs_y = -2},
    {.bitmap_index = 604, .adv_w = 352, .box_w = 20, .box_h = 21, .ofs_x = 1, .ofs_y = -2},
    {.bitmap_index = 738, .adv_w = 352, .box_w = 20, .box_h = 16, .ofs_x = 1, .ofs_y = 0},
    {.bitmap_index = 772, .adv_w = 352, .box_w = 20, .box_h = 18, .ofs_x = 1, .ofs_y = -1},
    {.bitmap_index = 879, .adv_w = 352, .box_w = 21, .box_h = 21, .ofs_x = 1, .ofs_y = -2},
    {.bitmap_index = 1006, .adv_w = 352, .box_w = 20, .box_h = 22, .ofs_x = 1, .ofs_y = -3},
    {.bitmap_index = 1140, .adv_w = 352, .box_w = 22, .box_h = 21, .ofs_x = 0, .ofs_y = -2},
    {.bitmap_index = 1266, .adv_w = 352, .box_w = 22, .box_h = 21, .ofs_x = 0, .ofs_y = -2},
    {.bitmap_index = 1408, .adv_w = 352, .box_w = 21, .box_h = 22, .ofs_x = 0, .ofs_y = -3},
    {.bitmap_index = 1569, .adv_w = 352, .box_w = 22, .box_h = 21, .ofs_x = 0, .ofs_y = -2},
    {.bitmap_index = 1719, .adv_w = 352, .box_w = 22, .box_h = 21, .ofs_x = 0, .ofs_y = -2},
    {.bitmap_index = 1872, .adv_w = 352, .box_w = 21, .box_h = 22, .ofs_x = 0, .ofs_y = -3},
    {.bitmap_index = 2021, .adv_w = 352, .box_w = 21, .box_h = 21, .ofs_x = 0, .ofs_y = -2},
    {.bitmap_index = 2173, .adv_w = 352, .box_w = 22, .box_h = 21, .ofs_x = 0, .ofs_y = -2},
    {.bitmap_index = 2294, .adv_w = 352, .box_w = 22, .box_h = 21, .ofs_x = 0, .ofs_y = -2},
    {.bitmap_index = 2434, .adv_w = 352, .box_w = 22, .box_h = 21, .ofs_x = 0, .ofs_y = -2},
    {.bitmap_index = 2557, .adv_w = 352, .box_w = 22, .box_h = 21, .ofs_x = 0, .ofs_y = -2},
    {.bitmap_index = 2701, .adv_w = 352, .box_w = 21, .box_h = 22, .ofs_x = 0, .ofs_y = -3},
    {.bitmap_index = 2828, .adv_w = 352, .box_w = 22, .box_h = 21, .ofs_x = 0, .ofs_y = -2},
    {.bitmap_index = 2974, .adv_w = 352, .box_w = 22, .box_h = 22, .ofs_x = 0, .ofs_y = -3},
    {.bitmap_index = 3138, .adv_w = 352, .box_w = 21, .box_h = 22, .ofs_x = 0, .ofs_y = -3},
    {.bitmap_index = 3268, .adv_w = 352, .box_w = 21, .box_h = 22, .ofs_x = 0, .ofs_y = -3},
    {.bitmap_index = 3442, .adv_w = 352, .box_w = 22, .box_h = 21, .ofs_x = 0, .ofs_y = -2},
    {.bitmap_index = 3612, .adv_w = 352, .box_w = 22, .box_h = 21, .ofs_x = 0, .ofs_y = -2},
    {.bitmap_index = 3783, .adv_w = 352, .box_w = 21, .box_h = 22, .ofs_x = 1, .ofs_y = -3},
    {.bitmap_index = 3939, .adv_w = 352, .box_w = 22, .box_h = 22, .ofs_x = 0, .ofs_y = -3},
    {.bitmap_index = 4088, .adv_w = 352, .box_w = 22, .box_h = 20, .ofs_x = 0, .ofs_y = -2},
    {.bitmap_index = 4218, .adv_w = 352, .box_w = 21, .box_h = 21, .ofs_x = 1, .ofs_y = -2},
    {.bitmap_index = 4340, .adv_w = 352, .box_w = 21, .box_h = 21, .ofs_x = 1, .ofs_y = -2},
    {.bitmap_index = 4476, .adv_w = 352, .box_w = 21, .box_h = 21, .ofs_x = 0, .ofs_y = -2},
    {.bitmap_index = 4643, .adv_w = 352, .box_w = 22, .box_h = 22, .ofs_x = 0, .ofs_y = -3},
    {.bitmap_index = 4803, .adv_w = 352, .box_w = 18, .box_h = 21, .ofs_x = 2, .ofs_y = -2},
    {.bitmap_index = 4880, .adv_w = 352, .box_w = 20, .box_h = 21, .ofs_x = 1, .ofs_y = -2},
    {.bitmap_index = 4966, .adv_w = 352, .box_w = 21, .box_h = 22, .ofs_x = 1, .ofs_y = -3},
    {.bitmap_index = 5122, .adv_w = 352, .box_w = 20, .box_h = 22, .ofs_x = 1, .ofs_y = -3},
    {.bitmap_index = 5261, .adv_w = 352, .box_w = 20, .box_h = 22, .ofs_x = 1, .ofs_y = -3},
    {.bitmap_index = 5398, .adv_w = 352, .box_w = 21, .box_h = 22, .ofs_x = 0, .ofs_y = -3},
    {.bitmap_index = 5577, .adv_w = 352, .box_w = 21, .box_h = 22, .ofs_x = 0, .ofs_y = -3},
    {.bitmap_index = 5714, .adv_w = 352, .box_w = 20, .box_h = 22, .ofs_x = 0, .ofs_y = -3},
    {.bitmap_index = 5847, .adv_w = 352, .box_w = 20, .box_h = 22, .ofs_x = 1, .ofs_y = -3},
    {.bitmap_index = 5978, .adv_w = 352, .box_w = 20, .box_h = 21, .ofs_x = 1, .ofs_y = -3},
    {.bitmap_index = 6095, .adv_w = 352, .box_w = 19, .box_h = 22, .ofs_x = 1, .ofs_y = -3},
    {.bitmap_index = 6217, .adv_w = 352, .box_w = 21, .box_h = 21, .ofs_x = 1, .ofs_y = -3},
    {.bitmap_index = 6379, .adv_w = 352, .box_w = 21, .box_h = 22, .ofs_x = 0, .ofs_y = -3},
    {.bitmap_index = 6527, .adv_w = 352, .box_w = 20, .box_h = 22, .ofs_x = 1, .ofs_y = -3},
    {.bitmap_index = 6689, .adv_w = 352, .box_w = 21, .box_h = 22, .ofs_x = 0, .ofs_y = -3},
    {.bitmap_index = 6894, .adv_w = 352, .box_w = 21, .box_h = 20, .ofs_x = 0, .ofs_y = -2},
    {.bitmap_index = 7024, .adv_w = 352, .box_w = 20, .box_h = 21, .ofs_x = 1, .ofs_y = -2},
    {.bitmap_index = 7118, .adv_w = 352, .box_w = 21, .box_h = 21, .ofs_x = 0, .ofs_y = -3},
    {.bitmap_index = 7270, .adv_w = 352, .box_w = 22, .box_h = 21, .ofs_x = 0, .ofs_y = -2},
    {.bitmap_index = 7444, .adv_w = 352, .box_w = 22, .box_h = 21, .ofs_x = 0, .ofs_y = -3},
    {.bitmap_index = 7615, .adv_w = 352, .box_w = 20, .box_h = 19, .ofs_x = 1, .ofs_y = -2},
    {.bitmap_index = 7687, .adv_w = 352, .box_w = 22, .box_h = 22, .ofs_x = 0, .ofs_y = -3},
    {.bitmap_index = 7818, .adv_w = 352, .box_w = 20, .box_h = 20, .ofs_x = 1, .ofs_y = -2},
    {.bitmap_index = 7904, .adv_w = 352, .box_w = 20, .box_h = 21, .ofs_x = 1, .ofs_y = -3},
    {.bitmap_index = 8042, .adv_w = 352, .box_w = 20, .box_h = 22, .ofs_x = 0, .ofs_y = -3},
    {.bitmap_index = 8165, .adv_w = 352, .box_w = 21, .box_h = 19, .ofs_x = 1, .ofs_y = -2},
    {.bitmap_index = 8322, .adv_w = 352, .box_w = 20, .box_h = 21, .ofs_x = 0, .ofs_y = -3},
    {.bitmap_index = 8452, .adv_w = 352, .box_w = 20, .box_h = 21, .ofs_x = 0, .ofs_y = -2},
    {.bitmap_index = 8584, .adv_w = 352, .box_w = 20, .box_h = 21, .ofs_x = 0, .ofs_y = -2},
    {.bitmap_index = 8718, .adv_w = 352, .box_w = 22, .box_h = 22, .ofs_x = 0, .ofs_y = -3},
    {.bitmap_index = 8903, .adv_w = 352, .box_w = 20, .box_h = 20, .ofs_x = 1, .ofs_y = -2},
    {.bitmap_index = 9026, .adv_w = 352, .box_w = 20, .box_h = 21, .ofs_x = 1, .ofs_y = -3},
    {.bitmap_index = 9178, .adv_w = 352, .box_w = 22, .box_h = 20, .ofs_x = 0, .ofs_y = -2},
    {.bitmap_index = 9326, .adv_w = 352, .box_w = 19, .box_h = 19, .ofs_x = 1, .ofs_y = -2},
    {.bitmap_index = 9429, .adv_w = 352, .box_w = 20, .box_h = 20, .ofs_x = 1, .ofs_y = -2},
    {.bitmap_index = 9498, .adv_w = 352, .box_w = 20, .box_h = 20, .ofs_x = 1, .ofs_y = -2},
    {.bitmap_index = 9636, .adv_w = 352, .box_w = 20, .box_h = 20, .ofs_x = 1, .ofs_y = -2},
    {.bitmap_index = 9753, .adv_w = 352, .box_w = 20, .box_h = 21, .ofs_x = 1, .ofs_y = -2},
    {.bitmap_index = 9856, .adv_w = 352, .box_w = 22, .box_h = 21, .ofs_x = 0, .ofs_y = -2},
    {.bitmap_index = 9999, .adv_w = 352, .box_w = 22, .box_h = 20, .ofs_x = 0, .ofs_y = -1},
    {.bitmap_index = 10106, .adv_w = 352, .box_w = 21, .box_h = 22, .ofs_x = 1, .ofs_y = -3},
    {.bitmap_index = 10286, .adv_w = 352, .box_w = 21, .box_h = 22, .ofs_x = 1, .ofs_y = -3},
    {.bitmap_index = 10472, .adv_w = 352, .box_w = 22, .box_h = 21, .ofs_x = 0, .ofs_y = -2},
    {.bitmap_index = 10618, .adv_w = 352, .box_w = 22, .box_h = 22, .ofs_x = 0, .ofs_y = -3},
    {.bitmap_index = 10794, .adv_w = 352, .box_w = 21, .box_h = 21, .ofs_x = 1, .ofs_y = -2},
    {.bitmap_index = 10919, .adv_w = 352, .box_w = 21, .box_h = 19, .ofs_x = 1, .ofs_y = -2},
    {.bitmap_index = 11037, .adv_w = 352, .box_w = 21, .box_h = 21, .ofs_x = 1, .ofs_y = -2},
    {.bitmap_index = 11171, .adv_w = 352, .box_w = 21, .box_h = 21, .ofs_x = 1, .ofs_y = -2},
    {.bitmap_index = 11314, .adv_w = 352, .box_w = 22, .box_h = 21, .ofs_x = 0, .ofs_y = -2},
    {.bitmap_index = 11494, .adv_w = 352, .box_w = 21, .box_h = 22, .ofs_x = 0, .ofs_y = -3},
    {.bitmap_index = 11625, .adv_w = 352, .box_w = 22, .box_h = 22, .ofs_x = 0, .ofs_y = -3},
    {.bitmap_index = 11765, .adv_w = 352, .box_w = 21, .box_h = 22, .ofs_x = 1, .ofs_y = -3},
    {.bitmap_index = 11937, .adv_w = 352, .box_w = 21, .box_h = 21, .ofs_x = 0, .ofs_y = -2},
    {.bitmap_index = 12090, .adv_w = 352, .box_w = 22, .box_h = 21, .ofs_x = 0, .ofs_y = -3},
    {.bitmap_index = 12201, .adv_w = 352, .box_w = 18, .box_h = 21, .ofs_x = 2, .ofs_y = -2},
    {.bitmap_index = 12309, .adv_w = 352, .box_w = 21, .box_h = 21, .ofs_x = 0, .ofs_y = -3},
    {.bitmap_index = 12463, .adv_w = 352, .box_w = 19, .box_h = 20, .ofs_x = 2, .ofs_y = -2},
    {.bitmap_index = 12545, .adv_w = 352, .box_w = 21, .box_h = 21, .ofs_x = 0, .ofs_y = -2},
    {.bitmap_index = 12657, .adv_w = 352, .box_w = 22, .box_h = 21, .ofs_x = 0, .ofs_y = -2},
    {.bitmap_index = 12817, .adv_w = 352, .box_w = 20, .box_h = 22, .ofs_x = 1, .ofs_y = -3},
    {.bitmap_index = 12940, .adv_w = 352, .box_w = 21, .box_h = 21, .ofs_x = 0, .ofs_y = -2},
    {.bitmap_index = 13094, .adv_w = 352, .box_w = 22, .box_h = 21, .ofs_x = 0, .ofs_y = -2},
    {.bitmap_index = 13258, .adv_w = 352, .box_w = 22, .box_h = 22, .ofs_x = 0, .ofs_y = -3},
    {.bitmap_index = 13414, .adv_w = 352, .box_w = 22, .box_h = 22, .ofs_x = 0, .ofs_y = -3},
    {.bitmap_index = 13592, .adv_w = 352, .box_w = 22, .box_h = 22, .ofs_x = 0, .ofs_y = -3},
    {.bitmap_index = 13760, .adv_w = 352, .box_w = 20, .box_h = 20, .ofs_x = 1, .ofs_y = -3},
    {.bitmap_index = 13861, .adv_w = 352, .box_w = 21, .box_h = 21, .ofs_x = 1, .ofs_y = -2},
    {.bitmap_index = 14004, .adv_w = 352, .box_w = 21, .box_h = 22, .ofs_x = 1, .ofs_y = -3},
    {.bitmap_index = 14189, .adv_w = 352, .box_w = 21, .box_h = 21, .ofs_x = 1, .ofs_y = -3},
    {.bitmap_index = 14358, .adv_w = 352, .box_w = 18, .box_h = 21, .ofs_x = 2, .ofs_y = -2},
    {.bitmap_index = 14463, .adv_w = 352, .box_w = 21, .box_h = 20, .ofs_x = 1, .ofs_y = -2},
    {.bitmap_index = 14614, .adv_w = 352, .box_w = 22, .box_h = 21, .ofs_x = 0, .ofs_y = -3},
    {.bitmap_index = 14805, .adv_w = 352, .box_w = 22, .box_h = 22, .ofs_x = 0, .ofs_y = -3},
    {.bitmap_index = 14962, .adv_w = 352, .box_w = 21, .box_h = 21, .ofs_x = 0, .ofs_y = -2},
    {.bitmap_index = 15107, .adv_w = 352, .box_w = 20, .box_h = 21, .ofs_x = 1, .ofs_y = -2},
    {.bitmap_index = 15241, .adv_w = 352, .box_w = 21, .box_h = 21, .ofs_x = 1, .ofs_y = -2},
    {.bitmap_index = 15423, .adv_w = 352, .box_w = 21, .box_h = 20, .ofs_x = 1, .ofs_y = -2},
    {.bitmap_index = 15607, .adv_w = 352, .box_w = 21, .box_h = 23, .ofs_x = 0, .ofs_y = -3},
    {.bitmap_index = 15802, .adv_w = 352, .box_w = 22, .box_h = 22, .ofs_x = 0, .ofs_y = -3},
    {.bitmap_index = 15988, .adv_w = 352, .box_w = 20, .box_h = 22, .ofs_x = 1, .ofs_y = -3},
    {.bitmap_index = 16160, .adv_w = 352, .box_w = 21, .box_h = 22, .ofs_x = 0, .ofs_y = -3},
    {.bitmap_index = 16320, .adv_w = 352, .box_w = 22, .box_h = 22, .ofs_x = 0, .ofs_y = -3},
    {.bitmap_index = 16428, .adv_w = 352, .box_w = 22, .box_h = 22, .ofs_x = 0, .ofs_y = -3},
    {.bitmap_index = 16586, .adv_w = 352, .box_w = 20, .box_h = 21, .ofs_x = 0, .ofs_y = -3},
    {.bitmap_index = 16694, .adv_w = 352, .box_w = 22, .box_h = 22, .ofs_x = 0, .ofs_y = -3},
    {.bitmap_index = 16867, .adv_w = 352, .box_w = 21, .box_h = 21, .ofs_x = 0, .ofs_y = -2},
    {.bitmap_index = 17020, .adv_w = 352, .box_w = 22, .box_h = 21, .ofs_x = 0, .ofs_y = -2},
    {.bitmap_index = 17177, .adv_w = 352, .box_w = 22, .box_h = 21, .ofs_x = 0, .ofs_y = -2},
    {.bitmap_index = 17333, .adv_w = 352, .box_w = 22, .box_h = 22, .ofs_x = 0, .ofs_y = -3},
    {.bitmap_index = 17477, .adv_w = 352, .box_w = 21, .box_h = 22, .ofs_x = 0, .ofs_y = -3},
    {.bitmap_index = 17632, .adv_w = 352, .box_w = 22, .box_h = 21, .ofs_x = 0, .ofs_y = -2},
    {.bitmap_index = 17785, .adv_w = 352, .box_w = 21, .box_h = 21, .ofs_x = 0, .ofs_y = -2},
    {.bitmap_index = 17919, .adv_w = 352, .box_w = 22, .box_h = 22, .ofs_x = 0, .ofs_y = -3},
    {.bitmap_index = 18081, .adv_w = 352, .box_w = 21, .box_h = 22, .ofs_x = 0, .ofs_y = -3},
    {.bitmap_index = 18261, .adv_w = 352, .box_w = 22, .box_h = 22, .ofs_x = 0, .ofs_y = -3},
    {.bitmap_index = 18409, .adv_w = 352, .box_w = 22, .box_h = 22, .ofs_x = 0, .ofs_y = -3},
    {.bitmap_index = 18604, .adv_w = 352, .box_w = 22, .box_h = 22, .ofs_x = 0, .ofs_y = -3},
    {.bitmap_index = 18799, .adv_w = 352, .box_w = 22, .box_h = 22, .ofs_x = 0, .ofs_y = -3},
    {.bitmap_index = 18969, .adv_w = 352, .box_w = 22, .box_h = 22, .ofs_x = 0, .ofs_y = -3},
    {.bitmap_index = 19159, .adv_w = 352, .box_w = 22, .box_h = 21, .ofs_x = 0, .ofs_y = -2},
    {.bitmap_index = 19351, .adv_w = 352, .box_w = 22, .box_h = 21, .ofs_x = 0, .ofs_y = -2},
    {.bitmap_index = 19525, .adv_w = 352, .box_w = 22, .box_h = 21, .ofs_x = 0, .ofs_y = -2},
    {.bitmap_index = 19731, .adv_w = 352, .box_w = 22, .box_h = 21, .ofs_x = 0, .ofs_y = -2},
    {.bitmap_index = 19909, .adv_w = 352, .box_w = 21, .box_h = 21, .ofs_x = 1, .ofs_y = -2},
    {.bitmap_index = 20105, .adv_w = 352, .box_w = 22, .box_h = 22, .ofs_x = 0, .ofs_y = -3},
    {.bitmap_index = 20263, .adv_w = 352, .box_w = 22, .box_h = 22, .ofs_x = 0, .ofs_y = -3},
    {.bitmap_index = 20427, .adv_w = 352, .box_w = 22, .box_h = 21, .ofs_x = 0, .ofs_y = -2},
    {.bitmap_index = 20595, .adv_w = 352, .box_w = 21, .box_h = 22, .ofs_x = 0, .ofs_y = -3},
    {.bitmap_index = 20749, .adv_w = 352, .box_w = 22, .box_h = 20, .ofs_x = 0, .ofs_y = -3},
    {.bitmap_index = 20880, .adv_w = 352, .box_w = 16, .box_h = 19, .ofs_x = 3, .ofs_y = -2},
    {.bitmap_index = 20934, .adv_w = 352, .box_w = 21, .box_h = 21, .ofs_x = 1, .ofs_y = -2},
    {.bitmap_index = 21057, .adv_w = 352, .box_w = 22, .box_h = 19, .ofs_x = 0, .ofs_y = -1},
    {.bitmap_index = 21176, .adv_w = 352, .box_w = 21, .box_h = 21, .ofs_x = 1, .ofs_y = -2},
    {.bitmap_index = 21317, .adv_w = 352, .box_w = 20, .box_h = 21, .ofs_x = 1, .ofs_y = -2},
    {.bitmap_index = 21468, .adv_w = 352, .box_w = 21, .box_h = 21, .ofs_x = 1, .ofs_y = -2},
    {.bitmap_index = 21642, .adv_w = 352, .box_w = 21, .box_h = 21, .ofs_x = 1, .ofs_y = -2},
    {.bitmap_index = 21795, .adv_w = 352, .box_w = 21, .box_h = 22, .ofs_x = 1, .ofs_y = -3},
    {.bitmap_index = 21953, .adv_w = 352, .box_w = 21, .box_h = 20, .ofs_x = 1, .ofs_y = -2},
    {.bitmap_index = 22099, .adv_w = 352, .box_w = 20, .box_h = 21, .ofs_x = 1, .ofs_y = -2},
    {.bitmap_index = 22211, .adv_w = 352, .box_w = 21, .box_h = 22, .ofs_x = 0, .ofs_y = -3},
    {.bitmap_index = 22381, .adv_w = 352, .box_w = 21, .box_h = 21, .ofs_x = 1, .ofs_y = -2},
    {.bitmap_index = 22502, .adv_w = 352, .box_w = 22, .box_h = 22, .ofs_x = 0, .ofs_y = -3},
    {.bitmap_index = 22653, .adv_w = 352, .box_w = 22, .box_h = 22, .ofs_x = 0, .ofs_y = -3},
    {.bitmap_index = 22825, .adv_w = 352, .box_w = 21, .box_h = 22, .ofs_x = 0, .ofs_y = -3},
    {.bitmap_index = 23014, .adv_w = 352, .box_w = 22, .box_h = 22, .ofs_x = 0, .ofs_y = -3},
    {.bitmap_index = 23207, .adv_w = 352, .box_w = 22, .box_h = 22, .ofs_x = 0, .ofs_y = -3},
    {.bitmap_index = 23423, .adv_w = 352, .box_w = 21, .box_h = 21, .ofs_x = 0, .ofs_y = -2},
    {.bitmap_index = 23607, .adv_w = 352, .box_w = 20, .box_h = 20, .ofs_x = 1, .ofs_y = -1},
    {.bitmap_index = 23658, .adv_w = 352, .box_w = 20, .box_h = 18, .ofs_x = 1, .ofs_y = -1},
    {.bitmap_index = 23728, .adv_w = 352, .box_w = 21, .box_h = 21, .ofs_x = 0, .ofs_y = -2},
    {.bitmap_index = 23863, .adv_w = 352, .box_w = 22, .box_h = 21, .ofs_x = 0, .ofs_y = -3},
    {.bitmap_index = 24038, .adv_w = 352, .box_w = 22, .box_h = 21, .ofs_x = 0, .ofs_y = -2},
    {.bitmap_index = 24161, .adv_w = 352, .box_w = 22, .box_h = 21, .ofs_x = 0, .ofs_y = -2},
    {.bitmap_index = 24323, .adv_w = 352, .box_w = 21, .box_h = 22, .ofs_x = 1, .ofs_y = -3},
    {.bitmap_index = 24460, .adv_w = 352, .box_w = 20, .box_h = 21, .ofs_x = 1, .ofs_y = -2},
    {.bitmap_index = 24617, .adv_w = 352, .box_w = 21, .box_h = 21, .ofs_x = 0, .ofs_y = -2},
    {.bitmap_index = 24770, .adv_w = 352, .box_w = 21, .box_h = 21, .ofs_x = 0, .ofs_y = -2},
    {.bitmap_index = 24923, .adv_w = 352, .box_w = 22, .box_h = 22, .ofs_x = 0, .ofs_y = -3},
    {.bitmap_index = 25074, .adv_w = 352, .box_w = 21, .box_h = 22, .ofs_x = 0, .ofs_y = -3},
    {.bitmap_index = 25233, .adv_w = 352, .box_w = 22, .box_h = 21, .ofs_x = 0, .ofs_y = -3},
    {.bitmap_index = 25393, .adv_w = 352, .box_w = 21, .box_h = 21, .ofs_x = 1, .ofs_y = -2},
    {.bitmap_index = 25558, .adv_w = 352, .box_w = 22, .box_h = 22, .ofs_x = 0, .ofs_y = -3},
    {.bitmap_index = 25718, .adv_w = 352, .box_w = 21, .box_h = 22, .ofs_x = 0, .ofs_y = -3},
    {.bitmap_index = 25899, .adv_w = 352, .box_w = 22, .box_h = 21, .ofs_x = 0, .ofs_y = -2},
    {.bitmap_index = 26086, .adv_w = 352, .box_w = 22, .box_h = 22, .ofs_x = 0, .ofs_y = -3},
    {.bitmap_index = 26227, .adv_w = 352, .box_w = 21, .box_h = 21, .ofs_x = 0, .ofs_y = -2},
    {.bitmap_index = 26346, .adv_w = 352, .box_w = 21, .box_h = 22, .ofs_x = 0, .ofs_y = -3},
    {.bitmap_index = 26514, .adv_w = 352, .box_w = 21, .box_h = 21, .ofs_x = 1, .ofs_y = -2},
    {.bitmap_index = 26692, .adv_w = 352, .box_w = 21, .box_h = 21, .ofs_x = 0, .ofs_y = -2},
    {.bitmap_index = 26857, .adv_w = 352, .box_w = 22, .box_h = 22, .ofs_x = 0, .ofs_y = -3},
    {.bitmap_index = 27028, .adv_w = 352, .box_w = 21, .box_h = 21, .ofs_x = 1, .ofs_y = -2},
    {.bitmap_index = 27227, .adv_w = 352, .box_w = 22, .box_h = 21, .ofs_x = 0, .ofs_y = -2},
    {.bitmap_index = 27442, .adv_w = 352, .box_w = 22, .box_h = 21, .ofs_x = 0, .ofs_y = -2},
    {.bitmap_index = 27628, .adv_w = 352, .box_w = 21, .box_h = 22, .ofs_x = 0, .ofs_y = -3},
    {.bitmap_index = 27792, .adv_w = 352, .box_w = 20, .box_h = 21, .ofs_x = 1, .ofs_y = -2},
    {.bitmap_index = 27929, .adv_w = 352, .box_w = 22, .box_h = 19, .ofs_x = 0, .ofs_y = -1},
    {.bitmap_index = 28076, .adv_w = 352, .box_w = 20, .box_h = 20, .ofs_x = 1, .ofs_y = -3},
    {.bitmap_index = 28211, .adv_w = 352, .box_w = 20, .box_h = 20, .ofs_x = 0, .ofs_y = -3},
    {.bitmap_index = 28319, .adv_w = 352, .box_w = 20, .box_h = 20, .ofs_x = 2, .ofs_y = -2},
    {.bitmap_index = 28428, .adv_w = 352, .box_w = 16, .box_h = 21, .ofs_x = 3, .ofs_y = -2},
    {.bitmap_index = 28507, .adv_w = 352, .box_w = 20, .box_h = 22, .ofs_x = 1, .ofs_y = -3},
    {.bitmap_index = 28660, .adv_w = 352, .box_w = 16, .box_h = 20, .ofs_x = 3, .ofs_y = -2},
    {.bitmap_index = 28724, .adv_w = 352, .box_w = 21, .box_h = 20, .ofs_x = 1, .ofs_y = -1},
    {.bitmap_index = 28833, .adv_w = 352, .box_w = 21, .box_h = 22, .ofs_x = 0, .ofs_y = -3},
    {.bitmap_index = 28976, .adv_w = 352, .box_w = 20, .box_h = 22, .ofs_x = 0, .ofs_y = -3},
    {.bitmap_index = 29118, .adv_w = 352, .box_w = 21, .box_h = 21, .ofs_x = 0, .ofs_y = -3},
    {.bitmap_index = 29278, .adv_w = 352, .box_w = 21, .box_h = 21, .ofs_x = 0, .ofs_y = -3},
    {.bitmap_index = 29458, .adv_w = 352, .box_w = 20, .box_h = 19, .ofs_x = 1, .ofs_y = -2},
    {.bitmap_index = 29560, .adv_w = 352, .box_w = 20, .box_h = 22, .ofs_x = 1, .ofs_y = -3},
    {.bitmap_index = 29714, .adv_w = 352, .box_w = 21, .box_h = 21, .ofs_x = 0, .ofs_y = -2},
    {.bitmap_index = 29879, .adv_w = 352, .box_w = 20, .box_h = 21, .ofs_x = 1, .ofs_y = -2},
    {.bitmap_index = 30028, .adv_w = 352, .box_w = 22, .box_h = 21, .ofs_x = 0, .ofs_y = -2},
    {.bitmap_index = 30189, .adv_w = 352, .box_w = 20, .box_h = 21, .ofs_x = 1, .ofs_y = -2},
    {.bitmap_index = 30366, .adv_w = 352, .box_w = 21, .box_h = 21, .ofs_x = 0, .ofs_y = -2},
    {.bitmap_index = 30527, .adv_w = 352, .box_w = 22, .box_h = 21, .ofs_x = 0, .ofs_y = -2},
    {.bitmap_index = 30709, .adv_w = 352, .box_w = 22, .box_h = 22, .ofs_x = 0, .ofs_y = -3},
    {.bitmap_index = 30918, .adv_w = 352, .box_w = 21, .box_h = 21, .ofs_x = 0, .ofs_y = -2},
    {.bitmap_index = 31097, .adv_w = 352, .box_w = 22, .box_h = 21, .ofs_x = 0, .ofs_y = -2},
    {.bitmap_index = 31296, .adv_w = 352, .box_w = 21, .box_h = 22, .ofs_x = 0, .ofs_y = -3},
    {.bitmap_index = 31488, .adv_w = 352, .box_w = 21, .box_h = 21, .ofs_x = 0, .ofs_y = -2},
    {.bitmap_index = 31698, .adv_w = 352, .box_w = 22, .box_h = 21, .ofs_x = 0, .ofs_y = -2},
    {.bitmap_index = 31891, .adv_w = 352, .box_w = 21, .box_h = 21, .ofs_x = 1, .ofs_y = -2},
    {.bitmap_index = 32087, .adv_w = 352, .box_w = 22, .box_h = 21, .ofs_x = 0, .ofs_y = -2},
    {.bitmap_index = 32256, .adv_w = 352, .box_w = 22, .box_h = 22, .ofs_x = 0, .ofs_y = -3},
    {.bitmap_index = 32461, .adv_w = 352, .box_w = 21, .box_h = 20, .ofs_x = 0, .ofs_y = -1},
    {.bitmap_index = 32634, .adv_w = 352, .box_w = 21, .box_h = 21, .ofs_x = 1, .ofs_y = -2},
    {.bitmap_index = 32824, .adv_w = 352, .box_w = 21, .box_h = 22, .ofs_x = 0, .ofs_y = -3},
    {.bitmap_index = 33007, .adv_w = 352, .box_w = 20, .box_h = 20, .ofs_x = 1, .ofs_y = -2},
    {.bitmap_index = 33148, .adv_w = 352, .box_w = 20, .box_h = 20, .ofs_x = 1, .ofs_y = -2},
    {.bitmap_index = 33277, .adv_w = 352, .box_w = 21, .box_h = 21, .ofs_x = 1, .ofs_y = -2},
    {.bitmap_index = 33450, .adv_w = 352, .box_w = 16, .box_h = 21, .ofs_x = 3, .ofs_y = -2},
    {.bitmap_index = 33525, .adv_w = 352, .box_w = 20, .box_h = 21, .ofs_x = 1, .ofs_y = -2},
    {.bitmap_index = 33689, .adv_w = 352, .box_w = 22, .box_h = 21, .ofs_x = 0, .ofs_y = -2},
    {.bitmap_index = 33816, .adv_w = 352, .box_w = 20, .box_h = 21, .ofs_x = 1, .ofs_y = -2},
    {.bitmap_index = 33906, .adv_w = 352, .box_w = 20, .box_h = 21, .ofs_x = 1, .ofs_y = -2},
    {.bitmap_index = 34081, .adv_w = 352, .box_w = 21, .box_h = 22, .ofs_x = 0, .ofs_y = -3},
    {.bitmap_index = 34197, .adv_w = 352, .box_w = 22, .box_h = 21, .ofs_x = 0, .ofs_y = -2},
    {.bitmap_index = 34361, .adv_w = 352, .box_w = 20, .box_h = 20, .ofs_x = 1, .ofs_y = -2},
    {.bitmap_index = 34505, .adv_w = 352, .box_w = 22, .box_h = 22, .ofs_x = 0, .ofs_y = -3},
    {.bitmap_index = 34705, .adv_w = 352, .box_w = 22, .box_h = 22, .ofs_x = 0, .ofs_y = -3},
    {.bitmap_index = 34889, .adv_w = 352, .box_w = 21, .box_h = 22, .ofs_x = 0, .ofs_y = -3},
    {.bitmap_index = 35085, .adv_w = 352, .box_w = 21, .box_h = 22, .ofs_x = 1, .ofs_y = -3},
    {.bitmap_index = 35208, .adv_w = 352, .box_w = 20, .box_h = 21, .ofs_x = 1, .ofs_y = -2},
    {.bitmap_index = 35319, .adv_w = 352, .box_w = 21, .box_h = 21, .ofs_x = 1, .ofs_y = -2},
    {.bitmap_index = 35457, .adv_w = 352, .box_w = 21, .box_h = 22, .ofs_x = 1, .ofs_y = -3},
    {.bitmap_index = 35627, .adv_w = 352, .box_w = 22, .box_h = 22, .ofs_x = 0, .ofs_y = -3},
    {.bitmap_index = 35796, .adv_w = 352, .box_w = 21, .box_h = 22, .ofs_x = 0, .ofs_y = -3},
    {.bitmap_index = 35967, .adv_w = 352, .box_w = 22, .box_h = 21, .ofs_x = 0, .ofs_y = -2},
    {.bitmap_index = 36143, .adv_w = 352, .box_w = 22, .box_h = 21, .ofs_x = 0, .ofs_y = -2},
    {.bitmap_index = 36312, .adv_w = 352, .box_w = 22, .box_h = 22, .ofs_x = 0, .ofs_y = -3},
    {.bitmap_index = 36518, .adv_w = 352, .box_w = 21, .box_h = 21, .ofs_x = 1, .ofs_y = -2},
    {.bitmap_index = 36620, .adv_w = 352, .box_w = 21, .box_h = 20, .ofs_x = 1, .ofs_y = -2},
    {.bitmap_index = 36734, .adv_w = 352, .box_w = 21, .box_h = 20, .ofs_x = 0, .ofs_y = -2},
    {.bitmap_index = 36893, .adv_w = 352, .box_w = 22, .box_h = 20, .ofs_x = 0, .ofs_y = -2},
    {.bitmap_index = 37037, .adv_w = 352, .box_w = 21, .box_h = 21, .ofs_x = 0, .ofs_y = -3},
    {.bitmap_index = 37195, .adv_w = 352, .box_w = 20, .box_h = 21, .ofs_x = 1, .ofs_y = -2},
    {.bitmap_index = 37350, .adv_w = 352, .box_w = 21, .box_h = 21, .ofs_x = 0, .ofs_y = -2},
    {.bitmap_index = 37542, .adv_w = 352, .box_w = 22, .box_h = 21, .ofs_x = 0, .ofs_y = -2},
    {.bitmap_index = 37709, .adv_w = 352, .box_w = 21, .box_h = 22, .ofs_x = 0, .ofs_y = -3},
    {.bitmap_index = 37882, .adv_w = 352, .box_w = 22, .box_h = 21, .ofs_x = 0, .ofs_y = -2},
    {.bitmap_index = 38051, .adv_w = 352, .box_w = 21, .box_h = 21, .ofs_x = 1, .ofs_y = -2},
    {.bitmap_index = 38245, .adv_w = 352, .box_w = 22, .box_h = 22, .ofs_x = 0, .ofs_y = -3},
    {.bitmap_index = 38427, .adv_w = 352, .box_w = 22, .box_h = 22, .ofs_x = 0, .ofs_y = -3},
    {.bitmap_index = 38611, .adv_w = 352, .box_w = 21, .box_h = 22, .ofs_x = 1, .ofs_y = -3},
    {.bitmap_index = 38812, .adv_w = 352, .box_w = 22, .box_h = 22, .ofs_x = 0, .ofs_y = -3},
    {.bitmap_index = 38981, .adv_w = 352, .box_w = 22, .box_h = 22, .ofs_x = 0, .ofs_y = -3},
    {.bitmap_index = 39166, .adv_w = 352, .box_w = 22, .box_h = 22, .ofs_x = 0, .ofs_y = -3},
    {.bitmap_index = 39375, .adv_w = 352, .box_w = 22, .box_h = 22, .ofs_x = 0, .ofs_y = -3},
    {.bitmap_index = 39552, .adv_w = 352, .box_w = 21, .box_h = 21, .ofs_x = 0, .ofs_y = -2},
    {.bitmap_index = 39705, .adv_w = 352, .box_w = 22, .box_h = 22, .ofs_x = 0, .ofs_y = -3},
    {.bitmap_index = 39875, .adv_w = 352, .box_w = 22, .box_h = 22, .ofs_x = 0, .ofs_y = -3},
    {.bitmap_index = 40058, .adv_w = 352, .box_w = 21, .box_h = 22, .ofs_x = 1, .ofs_y = -3},
    {.bitmap_index = 40231, .adv_w = 352, .box_w = 22, .box_h = 22, .ofs_x = 0, .ofs_y = -3},
    {.bitmap_index = 40382, .adv_w = 352, .box_w = 22, .box_h = 22, .ofs_x = 0, .ofs_y = -3},
    {.bitmap_index = 40558, .adv_w = 352, .box_w = 22, .box_h = 21, .ofs_x = 0, .ofs_y = -3},
    {.bitmap_index = 40734, .adv_w = 352, .box_w = 22, .box_h = 22, .ofs_x = 0, .ofs_y = -3},
    {.bitmap_index = 40908, .adv_w = 352, .box_w = 22, .box_h = 21, .ofs_x = 0, .ofs_y = -3},
    {.bitmap_index = 41097, .adv_w = 352, .box_w = 22, .box_h = 21, .ofs_x = 0, .ofs_y = -3},
    {.bitmap_index = 41300, .adv_w = 352, .box_w = 21, .box_h = 21, .ofs_x = 1, .ofs_y = -3},
    {.bitmap_index = 41445, .adv_w = 352, .box_w = 20, .box_h = 20, .ofs_x = 1, .ofs_y = -1},
    {.bitmap_index = 41577, .adv_w = 352, .box_w = 22, .box_h = 21, .ofs_x = 0, .ofs_y = -2},
    {.bitmap_index = 41779, .adv_w = 352, .box_w = 22, .box_h = 21, .ofs_x = 0, .ofs_y = -2},
    {.bitmap_index = 41961, .adv_w = 352, .box_w = 21, .box_h = 21, .ofs_x = 0, .ofs_y = -2},
    {.bitmap_index = 42150, .adv_w = 352, .box_w = 21, .box_h = 21, .ofs_x = 0, .ofs_y = -2},
    {.bitmap_index = 42290, .adv_w = 352, .box_w = 21, .box_h = 21, .ofs_x = 1, .ofs_y = -2},
    {.bitmap_index = 42451, .adv_w = 352, .box_w = 19, .box_h = 21, .ofs_x = 2, .ofs_y = -3},
    {.bitmap_index = 42545, .adv_w = 352, .box_w = 19, .box_h = 21, .ofs_x = 2, .ofs_y = -3},
    {.bitmap_index = 42688, .adv_w = 352, .box_w = 19, .box_h = 21, .ofs_x = 2, .ofs_y = -3},
    {.bitmap_index = 42831, .adv_w = 352, .box_w = 19, .box_h = 21, .ofs_x = 2, .ofs_y = -3},
    {.bitmap_index = 42958, .adv_w = 352, .box_w = 20, .box_h = 20, .ofs_x = 1, .ofs_y = -2},
    {.bitmap_index = 43114, .adv_w = 352, .box_w = 18, .box_h = 21, .ofs_x = 2, .ofs_y = -2},
    {.bitmap_index = 43171, .adv_w = 352, .box_w = 18, .box_h = 22, .ofs_x = 2, .ofs_y = -3},
    {.bitmap_index = 43297, .adv_w = 352, .box_w = 18, .box_h = 21, .ofs_x = 2, .ofs_y = -2},
    {.bitmap_index = 43392, .adv_w = 352, .box_w = 18, .box_h = 21, .ofs_x = 2, .ofs_y = -2},
    {.bitmap_index = 43499, .adv_w = 352, .box_w = 20, .box_h = 22, .ofs_x = 1, .ofs_y = -3},
    {.bitmap_index = 43664, .adv_w = 352, .box_w = 21, .box_h = 22, .ofs_x = 1, .ofs_y = -3},
    {.bitmap_index = 43839, .adv_w = 352, .box_w = 21, .box_h = 21, .ofs_x = 1, .ofs_y = -3},
    {.bitmap_index = 44007, .adv_w = 352, .box_w = 20, .box_h = 22, .ofs_x = 1, .ofs_y = -3},
    {.bitmap_index = 44194, .adv_w = 352, .box_w = 21, .box_h = 20, .ofs_x = 1, .ofs_y = -2},
    {.bitmap_index = 44332, .adv_w = 352, .box_w = 22, .box_h = 22, .ofs_x = 0, .ofs_y = -3},
    {.bitmap_index = 44514, .adv_w = 352, .box_w = 22, .box_h = 21, .ofs_x = 0, .ofs_y = -3},
    {.bitmap_index = 44710, .adv_w = 352, .box_w = 20, .box_h = 19, .ofs_x = 1, .ofs_y = -2},
    {.bitmap_index = 44806, .adv_w = 352, .box_w = 22, .box_h = 20, .ofs_x = 0, .ofs_y = -2},
    {.bitmap_index = 44951, .adv_w = 352, .box_w = 22, .box_h = 21, .ofs_x = 0, .ofs_y = -3},
    {.bitmap_index = 45122, .adv_w = 352, .box_w = 22, .box_h = 20, .ofs_x = 0, .ofs_y = -2},
    {.bitmap_index = 45305, .adv_w = 352, .box_w = 22, .box_h = 20, .ofs_x = 0, .ofs_y = -2},
    {.bitmap_index = 45441, .adv_w = 352, .box_w = 22, .box_h = 20, .ofs_x = 0, .ofs_y = -2},
    {.bitmap_index = 45600, .adv_w = 352, .box_w = 22, .box_h = 21, .ofs_x = 0, .ofs_y = -2},
    {.bitmap_index = 45788, .adv_w = 352, .box_w = 22, .box_h = 22, .ofs_x = 0, .ofs_y = -3},
    {.bitmap_index = 45970, .adv_w = 352, .box_w = 22, .box_h = 22, .ofs_x = 0, .ofs_y = -3},
    {.bitmap_index = 46135, .adv_w = 352, .box_w = 20, .box_h = 21, .ofs_x = 1, .ofs_y = -2},
    {.bitmap_index = 46308, .adv_w = 352, .box_w = 18, .box_h = 21, .ofs_x = 2, .ofs_y = -3},
    {.bitmap_index = 46443, .adv_w = 352, .box_w = 22, .box_h = 22, .ofs_x = 0, .ofs_y = -3},
    {.bitmap_index = 46617, .adv_w = 352, .box_w = 4, .box_h = 18, .ofs_x = 3, .ofs_y = -1},
    {.bitmap_index = 46649, .adv_w = 352, .box_w = 6, .box_h = 22, .ofs_x = 15, .ofs_y = -3},
    {.bitmap_index = 46708, .adv_w = 352, .box_w = 6, .box_h = 22, .ofs_x = 1, .ofs_y = -3},
    {.bitmap_index = 46767, .adv_w = 352, .box_w = 5, .box_h = 15, .ofs_x = 3, .ofs_y = -1},
    {.bitmap_index = 46792, .adv_w = 352, .box_w = 11, .box_h = 18, .ofs_x = 0, .ofs_y = -1}
};

/*---------------------
 *  CHARACTER MAPPING
 *--------------------*/

static const uint16_t unicode_list_0[] = {
    0x0, 0x1dfe, 0x1e07, 0x1e08, 0x1e0b, 0x1e24, 0x1e2b, 0x1e47,
    0x1e89, 0x1e8a, 0x1e92, 0x1e99, 0x1eac, 0x1eb8, 0x1ec8, 0x1ecb,
    0x1ee2, 0x1f0d, 0x1f1e, 0x1f4b, 0x1f4d, 0x1f51, 0x1f5a, 0x1fdb,
    0x1fdf, 0x203a, 0x2045, 0x205a, 0x20a6, 0x20b1, 0x2130, 0x2143,
    0x2147, 0x2163, 0x216b, 0x2171, 0x21b5, 0x21eb, 0x21f8, 0x21f9,
    0x2204, 0x2215, 0x2218, 0x221b, 0x2234, 0x2235, 0x224b, 0x2259,
    0x2299, 0x229c, 0x229e, 0x22a6, 0x22d3, 0x2314, 0x235f, 0x2384,
    0x23cf, 0x23d4, 0x23ed, 0x23f0, 0x240a, 0x2415, 0x242d, 0x2436,
    0x2466, 0x248a, 0x252c, 0x255d, 0x25ac, 0x25cc, 0x2666, 0x26d9,
    0x26dc, 0x26fc, 0x2714, 0x2726, 0x272e, 0x273e, 0x27f5, 0x282f,
    0x2914, 0x291a, 0x2925, 0x2927, 0x2928, 0x292f, 0x29c9, 0x2b8a,
    0x2b98, 0x2bb4, 0x2bc4, 0x2c0d, 0x2c18, 0x2c4d, 0x2df0, 0x2e01,
    0x2e53, 0x2e74, 0x2e92, 0x2ea4, 0x2ea5, 0x2eab, 0x2ef4, 0x2efe,
    0x2f0d, 0x2f35, 0x2f38, 0x2f51, 0x2f53, 0x2f67, 0x2f83, 0x2f95,
    0x306d, 0x311d, 0x318f, 0x31c7, 0x320e, 0x3210, 0x323d, 0x3251,
    0x3265, 0x3269, 0x32a3, 0x32c4, 0x32d4, 0x32e7, 0x3300, 0x3305,
    0x336c, 0x3381, 0x3399, 0x33a3, 0x33a5, 0x34a2, 0x34ab, 0x34cb,
    0x353c, 0x3546, 0x3555, 0x356e, 0x3572, 0x3576, 0x3597, 0x35ad,
    0x35ae, 0x35bf, 0x35de, 0x35e3, 0x35f4, 0x363c, 0x3640, 0x3680,
    0x3694, 0x36a9, 0x36f1, 0x36fe, 0x3707, 0x371d, 0x3728, 0x3738,
    0x3754, 0x377d, 0x3a1f, 0x3a5d, 0x3b08, 0x3b60, 0x3b61, 0x3b63,
    0x3b75, 0x3c12, 0x3c21, 0x3c32, 0x3cd3, 0x3d86, 0x3e03, 0x3e27,
    0x3e2a, 0x3e7d, 0x3e8e, 0x3ea9, 0x3f0d, 0x3fd3, 0x406d, 0x40b7,
    0x40dd, 0x40eb, 0x411f, 0x4157, 0x41af, 0x41c1, 0x41c6, 0x424a,
    0x4385, 0x4404, 0x44e4, 0x4526, 0x4533, 0x467b, 0x4682, 0x46ec,
    0x46f2, 0x46f6, 0x47e3, 0x47ff, 0x48ba, 0x4938, 0x49b9, 0x49d0,
    0x4a95, 0x4b47, 0x4cf9, 0x4cfe, 0x4d64, 0x4d6f, 0x4db0, 0x4dd8,
    0x4de6, 0x4e7a, 0x4e8a, 0x4ebd, 0x4ed7, 0x4edd, 0x4ee5, 0x4eeb,
    0x4f14, 0x4f4f, 0x4f6c, 0x50fb, 0x51e8, 0x5205, 0x5270, 0x5280,
    0x57a0, 0x584a, 0x5866, 0x597f, 0x59e1, 0x59e4, 0x59f6, 0x5a00,
    0x5a06, 0x5a08, 0x5a2b, 0x5aa2, 0x5abd, 0x5b47, 0x5b64, 0x5b75,
    0x5b9f, 0x5bae, 0x5bbc, 0x5bed, 0x5c01, 0x5cc5, 0x5cfa, 0x5d23,
    0x5d2b, 0x5ded, 0x5f07, 0x5f2d, 0x5f36, 0x5f7b, 0x5f8f, 0x5f91,
    0x5fa4, 0x5fd7, 0x5fd9, 0x5fdc, 0x5fff, 0x6007, 0x6017, 0x6021,
    0x602f, 0x6030, 0x6070, 0x6076, 0x614b, 0x61cb, 0x6302, 0x632d,
    0x6416, 0x649d, 0x6517, 0x657e, 0x6587, 0x6589, 0x6591, 0x65da,
    0x65e6, 0x65eb, 0x65f2, 0x65f7, 0x6630, 0x6662, 0x667b, 0x66e0,
    0x66f9, 0x66fc, 0x6725, 0x6760, 0x6803, 0x680e, 0x686d, 0x6877,
    0x6882, 0x689a, 0x68fb, 0x696f, 0x6ad2, 0x6b25, 0x6edc, 0xceff,
    0xcf06, 0xcf07, 0xcf18, 0xcf1d
};

/*Collect the unicode lists and glyph_id offsets*/
static const lv_font_fmt_txt_cmap_t cmaps[] =
{
    {
        .range_start = 12290, .range_length = 53022, .glyph_id_start = 1,
        .unicode_list = unicode_list_0, .glyph_id_ofs_list = NULL, .list_length = 316, .type = LV_FONT_FMT_TXT_CMAP_SPARSE_TINY
    }
};



/*--------------------
 *  ALL CUSTOM DATA
 *--------------------*/

#if LVGL_VERSION_MAJOR == 8
/*Store all the custom data of the font*/
static  lv_font_fmt_txt_glyph_cache_t cache;
#endif

#if LVGL_VERSION_MAJOR >= 8
static const lv_font_fmt_txt_dsc_t font_dsc = {
#else
static lv_font_fmt_txt_dsc_t font_dsc = {
#endif
    .glyph_bitmap = glyph_bitmap,
    .glyph_dsc = glyph_dsc,
    .cmaps = cmaps,
    .kern_dsc = NULL,
    .kern_scale = 0,
    .cmap_num = 1,
    .bpp = 4,
    .kern_classes = 0,
    .bitmap_format = 1,
#if LVGL_VERSION_MAJOR == 8
    .cache = &cache
#endif
};



/*-----------------
 *  PUBLIC FONT
 *----------------*/

/*Initialize a public general font descriptor*/
#if LVGL_VERSION_MAJOR >= 8
const lv_font_t app_cjk_22 = {
#else
lv_font_t app_cjk_22 = {
#endif
    .get_glyph_dsc = lv_font_get_glyph_dsc_fmt_txt,    /*Function pointer to get glyph's data*/
    .get_glyph_bitmap = lv_font_get_bitmap_fmt_txt,    /*Function pointer to get glyph's bitmap*/
    .line_height = 23,          /*The maximum line height required by the font*/
    .base_line = 3,             /*Baseline measured from the bottom of the line*/
#if !(LVGL_VERSION_MAJOR == 6 && LVGL_VERSION_MINOR == 0)
    .subpx = LV_FONT_SUBPX_NONE,
#endif
#if LV_VERSION_CHECK(7, 4, 0) || LVGL_VERSION_MAJOR >= 8
    .underline_position = -3,
    .underline_thickness = 1,
#endif
    .dsc = &font_dsc,          /*The custom font data. Will be accessed by `get_glyph_bitmap/dsc` */
#if LV_VERSION_CHECK(8, 2, 0) || LVGL_VERSION_MAJOR >= 9
    .fallback = NULL,
#endif
    .user_data = NULL,
};



#endif /*#if APP_CJK_22*/

